{
"type": "FeatureCollection",
"name": "fire-station-vt",
"crs": { "type": "name", "properties": { "name": "urn:ogc:def:crs:OGC:1.3:CRS84" } },
"features": [
{ "type": "Feature", "properties": { "SEGMENTID": 43017, "ESITEID": 279030, "GEONAMEID": 22633, "PD": null, "PT": null, "SN": "VT ROUTE 113", "ST": null, "SD": null, "PRIMARYNAM": "VT ROUTE 113", "ALIAS1": null, "ALIAS2": "ROUTE 113", "ALIAS3": null, "ALIAS4": null, "ALIAS5": "5/13/2015 12:26:42 AM", "PRIMARYADD": "927 VT ROUTE 113", "SITETYPE": "FIRE STATION", "TOWNNAME": "WEST FAIRLEE", "MCODE": 725, "ESN": 347, "ZIP": "05083", "PARCELNUM": "10416.", "GPSX": -72.2632293, "GPSY": 43.91053112, "MAPYEAR": "2005-06-30", "UPDATEDATE": "2023-01-27", "STATE": "VT", "FIPS8": 5017, "SPAN": "714-227-10416", "SUBTYPE": 0, "GlobalID_1": "8bce5bc6-e985-4ad2-a0ce-d4edc34122b4", "UNITCOUNT": 1, "PRIMARYA_1": "927 VT ROUTE 113 WEST FAIRLEE", "PRIMARYA_2": "927 VT ROUTE 113 WEST FAIRLEE VT 05083", "SITETYPE_M": null, "SITETYPE_1": null, "SITETYPE_2": null, "SITETYPE_3": null, "SITETYPE_4": null, "COUNTY": "ORANGE", "COUNTRY": "US", "SOURCEOFDA": "Vermont Enhanced 911 Board", "DRIVEWAYID": 0, "ESZ": "00347", "HOUSE_NUMB": 927, "HOUSE_NU_1": null, "HOUSE_NU_2": null, "FIPS": "5017" }, "geometry": { "type": "Point", "coordinates": [ -72.263227524148462, 43.910528827037815 ] } },
{ "type": "Feature", "properties": { "SEGMENTID": 753162, "ESITEID": 110386, "GEONAMEID": 8057, "PD": null, "PT": null, "SN": "ETHAN ALLEN", "ST": "HWY", "SD": null, "PRIMARYNAM": "ETHAN ALLEN HWY", "ALIAS1": null, "ALIAS2": null, "ALIAS3": null, "ALIAS4": null, "ALIAS5": null, "PRIMARYADD": "4134 ETHAN ALLEN HWY", "SITETYPE": "FIRE STATION", "TOWNNAME": "GEORGIA", "MCODE": 575, "ESN": 189, "ZIP": "05478", "PARCELNUM": "115950000.", "GPSX": -73.11641899, "GPSY": 44.73101845, "MAPYEAR": "1998-01-01", "UPDATEDATE": "2023-05-02", "STATE": "VT", "FIPS8": 5011, "SPAN": "237-076-10258", "SUBTYPE": 0, "GlobalID_1": "0b41b194-990d-4f0c-8a1c-6d4e71ada5c6", "UNITCOUNT": 1, "PRIMARYA_1": "4134 ETHAN ALLEN HWY GEORGIA", "PRIMARYA_2": "4134 ETHAN ALLEN HWY GEORGIA VT 05478", "SITETYPE_M": null, "SITETYPE_1": null, "SITETYPE_2": null, "SITETYPE_3": null, "SITETYPE_4": null, "COUNTY": "FRANKLIN", "COUNTRY": "US", "SOURCEOFDA": "Vermont Enhanced 911 Board", "DRIVEWAYID": 0, "ESZ": "00189", "HOUSE_NUMB": 4134, "HOUSE_NU_1": null, "HOUSE_NU_2": null, "FIPS": "5011" }, "geometry": { "type": "Point", "coordinates": [ -73.116419244114184, 44.731014974977597 ] } },
{ "type": "Feature", "properties": { "SEGMENTID": 64832, "ESITEID": 69082, "GEONAMEID": 4996, "PD": null, "PT": null, "SN": "FIREHOUSE", "ST": "RD", "SD": null, "PRIMARYNAM": "FIREHOUSE RD", "ALIAS1": "TH 10", "ALIAS2": null, "ALIAS3": null, "ALIAS4": null, "ALIAS5": "5/13/2015 12:00:32 AM", "PRIMARYADD": "23 FIREHOUSE RD", "SITETYPE": "FIRE STATION", "TOWNNAME": "CLARENDON", "MCODE": 547, "ESN": 222, "ZIP": "05777", "PARCELNUM": "C44859.", "GPSX": -73.01397882000001, "GPSY": 43.52110965, "MAPYEAR": "1998-01-01", "UPDATEDATE": "2023-01-27", "STATE": "VT", "FIPS8": 5021, "SPAN": "150-047-11477", "SUBTYPE": 0, "GlobalID_1": "91536226-0490-4ab4-b264-ce63354a90dd", "UNITCOUNT": 1, "PRIMARYA_1": "23 FIREHOUSE RD CLARENDON", "PRIMARYA_2": "23 FIREHOUSE RD CLARENDON VT 05777", "SITETYPE_M": null, "SITETYPE_1": null, "SITETYPE_2": null, "SITETYPE_3": null, "SITETYPE_4": null, "COUNTY": "RUTLAND", "COUNTRY": "US", "SOURCEOFDA": "Vermont Enhanced 911 Board", "DRIVEWAYID": 0, "ESZ": "00222", "HOUSE_NUMB": 23, "HOUSE_NU_1": null, "HOUSE_NU_2": null, "FIPS": "5021" }, "geometry": { "type": "Point", "coordinates": [ -73.013978459685461, 43.521108317649322 ] } },
{ "type": "Feature", "properties": { "SEGMENTID": 31673, "ESITEID": 280570, "GEONAMEID": 22813, "PD": null, "PT": null, "SN": "VT ROUTE 44", "ST": null, "SD": null, "PRIMARYNAM": "VT ROUTE 44", "ALIAS1": null, "ALIAS2": "ROUTE 44", "ALIAS3": null, "ALIAS4": null, "ALIAS5": "5/13/2015 12:29:31 AM", "PRIMARYADD": "889 VT ROUTE 44", "SITETYPE": "FIRE STATION", "TOWNNAME": "WEST WINDSOR", "MCODE": 728, "ESN": 154, "ZIP": "05037", "PARCELNUM": "03-162.", "GPSX": -72.469841, "GPSY": 43.4673767, "MAPYEAR": "1998-01-01", "UPDATEDATE": "2023-01-28", "STATE": "VT", "FIPS8": 5027, "SPAN": "738-235-10850", "SUBTYPE": 0, "GlobalID_1": "7c37b0c8-0704-40d4-b29a-bde0159e28ed", "UNITCOUNT": 1, "PRIMARYA_1": "889 VT ROUTE 44 WEST WINDSOR", "PRIMARYA_2": "889 VT ROUTE 44 WEST WINDSOR VT 05037", "SITETYPE_M": null, "SITETYPE_1": null, "SITETYPE_2": null, "SITETYPE_3": null, "SITETYPE_4": null, "COUNTY": "WINDSOR", "COUNTRY": "US", "SOURCEOFDA": "Vermont Enhanced 911 Board", "DRIVEWAYID": 0, "ESZ": "00154", "HOUSE_NUMB": 889, "HOUSE_NU_1": null, "HOUSE_NU_2": null, "FIPS": "5027" }, "geometry": { "type": "Point", "coordinates": [ -72.469840444694853, 43.467375088673236 ] } },
{ "type": "Feature", "properties": { "SEGMENTID": 25794, "ESITEID": 1847, "GEONAMEID": 154, "PD": null, "PT": null, "SN": "FIRE HOUSE", "ST": "RD", "SD": null, "PRIMARYNAM": "FIRE HOUSE RD", "ALIAS1": "TOWN HWY 58", "ALIAS2": null, "ALIAS3": null, "ALIAS4": null, "ALIAS5": "6/2/2016 7:32:17 AM", "PRIMARYADD": "60 FIRE HOUSE RD", "SITETYPE": "FIRE STATION", "TOWNNAME": "ALBURGH", "MCODE": 502, "ESN": 353, "ZIP": "05440", "PARCELNUM": "FH004-", "GPSX": -73.30094533, "GPSY": 44.97748461, "MAPYEAR": "1998-01-01", "UPDATEDATE": "2023-01-27", "STATE": "VT", "FIPS8": 5013, "SPAN": "009-003-12032", "SUBTYPE": 0, "GlobalID_1": "f46d201e-879c-4abf-9c1f-26fca688aa4b", "UNITCOUNT": 1, "PRIMARYA_1": "60 FIRE HOUSE RD ALBURGH", "PRIMARYA_2": "60 FIRE HOUSE RD ALBURGH VT 05440", "SITETYPE_M": null, "SITETYPE_1": null, "SITETYPE_2": null, "SITETYPE_3": null, "SITETYPE_4": null, "COUNTY": "GRAND ISLE", "COUNTRY": "US", "SOURCEOFDA": "Vermont Enhanced 911 Board", "DRIVEWAYID": 0, "ESZ": "00353", "HOUSE_NUMB": 60, "HOUSE_NU_1": null, "HOUSE_NU_2": null, "FIPS": "5013" }, "geometry": { "type": "Point", "coordinates": [ -73.300945404003585, 44.977482429578473 ] } },
{ "type": "Feature", "properties": { "SEGMENTID": 31038, "ESITEID": 1432, "GEONAMEID": 127, "PD": null, "PT": null, "SN": "MAIN", "ST": "ST", "SD": null, "PRIMARYNAM": "MAIN ST", "ALIAS1": "ROUTE 14", "ALIAS2": null, "ALIAS3": null, "ALIAS4": null, "ALIAS5": "5/12/2015 11:28:13 PM", "PRIMARYADD": "833 MAIN ST", "SITETYPE": "FIRE STATION", "TOWNNAME": "ALBANY", "MCODE": 501, "ESN": 427, "ZIP": "05820", "PARCELNUM": "00560.", "GPSX": -72.37934881, "GPSY": 44.73099376, "MAPYEAR": "1998-01-01", "UPDATEDATE": "2023-01-27", "STATE": "VT", "FIPS8": 5019, "SPAN": "006-002-10601", "SUBTYPE": 0, "GlobalID_1": "391abb97-45f6-4201-b63f-9ca0af999223", "UNITCOUNT": 1, "PRIMARYA_1": "833 MAIN ST ALBANY", "PRIMARYA_2": "833 MAIN ST ALBANY VT 05820", "SITETYPE_M": null, "SITETYPE_1": null, "SITETYPE_2": null, "SITETYPE_3": null, "SITETYPE_4": null, "COUNTY": "ORLEANS", "COUNTRY": "US", "SOURCEOFDA": "Vermont Enhanced 911 Board", "DRIVEWAYID": 0, "ESZ": "00427", "HOUSE_NUMB": 833, "HOUSE_NU_1": null, "HOUSE_NU_2": null, "FIPS": "5019" }, "geometry": { "type": "Point", "coordinates": [ -72.379348615254401, 44.730992245848384 ] } },
{ "type": "Feature", "properties": { "SEGMENTID": 94, "ESITEID": 192537, "GEONAMEID": 15567, "PD": "S", "PT": null, "SN": "STREAM", "ST": "RD", "SD": null, "PRIMARYNAM": "S STREAM RD", "ALIAS1": null, "ALIAS2": null, "ALIAS3": null, "ALIAS4": null, "ALIAS5": "6/1/2021 10:42:09 AM", "PRIMARYADD": "2854 S STREAM RD", "SITETYPE": "FIRE STATION", "TOWNNAME": "POWNAL", "MCODE": 655, "ESN": 390, "ZIP": "05201", "PARCELNUM": "003116.", "GPSX": -73.16713322, "GPSY": 42.83200584, "MAPYEAR": "1998-01-01", "UPDATEDATE": "2023-01-27", "STATE": "VT", "FIPS8": 5003, "SPAN": "495-156-10519", "SUBTYPE": 0, "GlobalID_1": "05d8011f-1f6d-4f33-82c2-fb0a0b003cde", "UNITCOUNT": 1, "PRIMARYA_1": "2854 S STREAM RD POWNAL", "PRIMARYA_2": "2854 S STREAM RD POWNAL VT 05201", "SITETYPE_M": null, "SITETYPE_1": null, "SITETYPE_2": null, "SITETYPE_3": null, "SITETYPE_4": null, "COUNTY": "BENNINGTON", "COUNTRY": "US", "SOURCEOFDA": "Vermont Enhanced 911 Board", "DRIVEWAYID": 0, "ESZ": "00390", "HOUSE_NUMB": 2854, "HOUSE_NU_1": null, "HOUSE_NU_2": null, "FIPS": "5003" }, "geometry": { "type": "Point", "coordinates": [ -73.167133123306755, 42.83200550728256 ] } },
{ "type": "Feature", "properties": { "SEGMENTID": 311314, "ESITEID": 200890, "GEONAMEID": 16515, "PD": "E", "PT": null, "SN": "MAIN", "ST": "ST", "SD": null, "PRIMARYNAM": "E MAIN ST", "ALIAS1": null, "ALIAS2": null, "ALIAS3": null, "ALIAS4": null, "ALIAS5": "9/19/2017 1:15:30 PM", "PRIMARYADD": "357 E MAIN ST", "SITETYPE": "FIRE STATION", "TOWNNAME": "RICHMOND", "MCODE": 662, "ESN": 334, "ZIP": "05477", "PARCELNUM": "EM0357.", "GPSX": -72.98724674, "GPSY": 44.40205205, "MAPYEAR": "1998-01-01", "UPDATEDATE": "2023-01-27", "STATE": "VT", "FIPS8": 5007, "SPAN": "519-163-11865", "SUBTYPE": 0, "GlobalID_1": "f0df28aa-aafc-4a01-9a28-0d08110a5543", "UNITCOUNT": 1, "PRIMARYA_1": "357 E MAIN ST RICHMOND", "PRIMARYA_2": "357 E MAIN ST RICHMOND VT 05477", "SITETYPE_M": null, "SITETYPE_1": null, "SITETYPE_2": null, "SITETYPE_3": null, "SITETYPE_4": null, "COUNTY": "CHITTENDEN", "COUNTRY": "US", "SOURCEOFDA": "Vermont Enhanced 911 Board", "DRIVEWAYID": 0, "ESZ": "00334", "HOUSE_NUMB": 357, "HOUSE_NU_1": null, "HOUSE_NU_2": null, "FIPS": "5007" }, "geometry": { "type": "Point", "coordinates": [ -72.98724604692238, 44.402050328094653 ] } },
{ "type": "Feature", "properties": { "SEGMENTID": 45023, "ESITEID": 207287, "GEONAMEID": 17022, "PD": null, "PT": null, "SN": "VT ROUTE 153", "ST": null, "SD": null, "PRIMARYNAM": "VT ROUTE 153", "ALIAS1": "STATE HWY 153", "ALIAS2": "ROUTE 153", "ALIAS3": null, "ALIAS4": null, "ALIAS5": "5/12/2015 9:34:55 PM", "PRIMARYADD": "2673 VT ROUTE 153", "SITETYPE": "FIRE STATION", "TOWNNAME": "RUPERT", "MCODE": 668, "ESN": 214, "ZIP": "05768", "PARCELNUM": "10456.", "GPSX": -73.22688104, "GPSY": 43.25722827, "MAPYEAR": "1998-01-01", "UPDATEDATE": "2023-08-10", "STATE": "VT", "FIPS8": 5003, "SPAN": "537-169-10456", "SUBTYPE": 0, "GlobalID_1": "88453eeb-39ae-480e-ae94-492b4abf6d49", "UNITCOUNT": 1, "PRIMARYA_1": "2673 VT ROUTE 153 RUPERT", "PRIMARYA_2": "2673 VT ROUTE 153 RUPERT VT 05768", "SITETYPE_M": null, "SITETYPE_1": null, "SITETYPE_2": null, "SITETYPE_3": null, "SITETYPE_4": null, "COUNTY": "BENNINGTON", "COUNTRY": "US", "SOURCEOFDA": "Vermont Enhanced 911 Board", "DRIVEWAYID": 0, "ESZ": "00214", "HOUSE_NUMB": 2673, "HOUSE_NU_1": null, "HOUSE_NU_2": null, "FIPS": "5003" }, "geometry": { "type": "Point", "coordinates": [ -73.226881029864558, 43.257227432952746 ] } },
{ "type": "Feature", "properties": { "SEGMENTID": 38750, "ESITEID": 185557, "GEONAMEID": 420230, "PD": null, "PT": null, "SN": "VT ROUTE 153", "ST": null, "SD": null, "PRIMARYNAM": "VT ROUTE 153", "ALIAS1": "ROUTE 153", "ALIAS2": null, "ALIAS3": null, "ALIAS4": null, "ALIAS5": "5/13/2015 12:20:01 AM", "PRIMARYADD": "2806 VT ROUTE 153", "SITETYPE": "FIRE STATION", "TOWNNAME": "WEST PAWLET", "MCODE": 757, "ESN": 378, "ZIP": "05775", "PARCELNUM": "0153-2806.", "GPSX": -73.25091696, "GPSY": 43.35325925, "MAPYEAR": "1998-01-01", "UPDATEDATE": "2023-01-27", "STATE": "VT", "FIPS8": 5021, "SPAN": "465-147-10834", "SUBTYPE": 0, "GlobalID_1": "21dcf72b-bbd1-4385-8a96-6dab5b9728e3", "UNITCOUNT": 1, "PRIMARYA_1": "2806 VT ROUTE 153 WEST PAWLET", "PRIMARYA_2": "2806 VT ROUTE 153 WEST PAWLET VT 05775", "SITETYPE_M": null, "SITETYPE_1": null, "SITETYPE_2": null, "SITETYPE_3": null, "SITETYPE_4": null, "COUNTY": "RUTLAND", "COUNTRY": "US", "SOURCEOFDA": "Vermont Enhanced 911 Board", "DRIVEWAYID": 0, "ESZ": "00378", "HOUSE_NUMB": 2806, "HOUSE_NU_1": null, "HOUSE_NU_2": null, "FIPS": "5021" }, "geometry": { "type": "Point", "coordinates": [ -73.250916622537929, 43.353258310624796 ] } },
{ "type": "Feature", "properties": { "SEGMENTID": 45806, "ESITEID": 754088, "GEONAMEID": 8432, "PD": null, "PT": null, "SN": "HYDE", "ST": "RD", "SD": null, "PRIMARYNAM": "HYDE RD", "ALIAS1": null, "ALIAS2": null, "ALIAS3": null, "ALIAS4": null, "ALIAS5": null, "PRIMARYADD": "17 HYDE RD", "SITETYPE": "FIRE STATION", "TOWNNAME": "GRAND ISLE", "MCODE": 582, "ESN": 423, "ZIP": "05458", "PARCELNUM": "132051.", "GPSX": -73.29718234000001, "GPSY": 44.72189573, "MAPYEAR": "2018-04-10", "UPDATEDATE": "2023-03-28", "STATE": "VT", "FIPS8": 5013, "SPAN": "255-081-11227", "SUBTYPE": 0, "GlobalID_1": "e0430125-30b0-421d-ae4d-5cb8570af12d", "UNITCOUNT": 1, "PRIMARYA_1": "17 HYDE RD GRAND ISLE", "PRIMARYA_2": "17 HYDE RD GRAND ISLE VT 05458", "SITETYPE_M": null, "SITETYPE_1": null, "SITETYPE_2": null, "SITETYPE_3": null, "SITETYPE_4": null, "COUNTY": "GRAND ISLE", "COUNTRY": "US", "SOURCEOFDA": "Vermont Enhanced 911 Board", "DRIVEWAYID": 0, "ESZ": "00423", "HOUSE_NUMB": 17, "HOUSE_NU_1": null, "HOUSE_NU_2": null, "FIPS": "5013" }, "geometry": { "type": "Point", "coordinates": [ -73.297183092753372, 44.721891358721493 ] } },
{ "type": "Feature", "properties": { "SEGMENTID": 13469, "ESITEID": 89301, "GEONAMEID": 6476, "PD": null, "PT": null, "SN": "EAST WEST", "ST": "RD", "SD": null, "PRIMARYNAM": "EAST WEST RD", "ALIAS1": "EAST-WEST RD", "ALIAS2": null, "ALIAS3": null, "ALIAS4": null, "ALIAS5": null, "PRIMARYADD": "1049 EAST WEST RD", "SITETYPE": "FIRE STATION", "TOWNNAME": "DUMMERSTON", "MCODE": 559, "ESN": 217, "ZIP": "05301", "PARCELNUM": "000291.", "GPSX": -72.57273101, "GPSY": 42.93669509, "MAPYEAR": "1998-01-01", "UPDATEDATE": "2023-03-28", "STATE": "VT", "FIPS8": 5025, "SPAN": "186-059-11024", "SUBTYPE": 0, "GlobalID_1": "4f1e97f2-64ad-41d7-9574-3276ac8a25c9", "UNITCOUNT": 1, "PRIMARYA_1": "1049 EAST WEST RD DUMMERSTON", "PRIMARYA_2": "1049 EAST WEST RD DUMMERSTON VT 05301", "SITETYPE_M": null, "SITETYPE_1": null, "SITETYPE_2": null, "SITETYPE_3": null, "SITETYPE_4": null, "COUNTY": "WINDHAM", "COUNTRY": "US", "SOURCEOFDA": "Vermont Enhanced 911 Board", "DRIVEWAYID": 0, "ESZ": "00217", "HOUSE_NUMB": 1049, "HOUSE_NU_1": null, "HOUSE_NU_2": null, "FIPS": "5025" }, "geometry": { "type": "Point", "coordinates": [ -72.572731335352799, 42.936694345066535 ] } },
{ "type": "Feature", "properties": { "SEGMENTID": 4666, "ESITEID": 169415, "GEONAMEID": 13239, "PD": null, "PT": null, "SN": "UPPER MAIN", "ST": "ST", "SD": null, "PRIMARYNAM": "UPPER MAIN ST", "ALIAS1": null, "ALIAS2": null, "ALIAS3": null, "ALIAS4": null, "ALIAS5": "4/2/2018 11:15:31 AM", "PRIMARYADD": "162 UPPER MAIN ST", "SITETYPE": "FIRE STATION", "TOWNNAME": "MORRISTOWN", "MCODE": 630, "ESN": 115, "ZIP": "05661", "PARCELNUM": "21006-", "GPSX": -72.59512322, "GPSY": 44.56145347, "MAPYEAR": "1998-01-01", "UPDATEDATE": "2023-01-27", "STATE": "VT", "FIPS8": 5015, "SPAN": "414-129-11692", "SUBTYPE": 0, "GlobalID_1": "903d2853-e5dc-4106-a03e-b37531a14f5b", "UNITCOUNT": 1, "PRIMARYA_1": "162 UPPER MAIN ST MORRISTOWN", "PRIMARYA_2": "162 UPPER MAIN ST MORRISTOWN VT 05661", "SITETYPE_M": null, "SITETYPE_1": null, "SITETYPE_2": null, "SITETYPE_3": null, "SITETYPE_4": null, "COUNTY": "LAMOILLE", "COUNTRY": "US", "SOURCEOFDA": "Vermont Enhanced 911 Board", "DRIVEWAYID": 0, "ESZ": "00115", "HOUSE_NUMB": 162, "HOUSE_NU_1": null, "HOUSE_NU_2": null, "FIPS": "5015" }, "geometry": { "type": "Point", "coordinates": [ -72.595122766912795, 44.561452020434629 ] } },
{ "type": "Feature", "properties": { "SEGMENTID": 4893, "ESITEID": 112434, "GEONAMEID": 8146, "PD": null, "PT": null, "SN": "BEAN HILL", "ST": "RD", "SD": null, "PRIMARYNAM": "BEAN HILL RD", "ALIAS1": "TOWN HIGHWAY #3", "ALIAS2": null, "ALIAS3": null, "ALIAS4": null, "ALIAS5": null, "PRIMARYADD": "63 BEAN HILL RD", "SITETYPE": "FIRE STATION", "TOWNNAME": "GLOVER", "MCODE": 577, "ESN": 144, "ZIP": "05839", "PARCELNUM": "SA03014.", "GPSX": -72.18861926, "GPSY": 44.70690165, "MAPYEAR": "2002-03-28", "UPDATEDATE": "2023-03-28", "STATE": "VT", "FIPS8": 5019, "SPAN": "243-077-10310", "SUBTYPE": 0, "GlobalID_1": "264fbcc6-a303-4a34-8597-b5ec8eb6cc20", "UNITCOUNT": 1, "PRIMARYA_1": "63 BEAN HILL RD GLOVER", "PRIMARYA_2": "63 BEAN HILL RD GLOVER VT 05839", "SITETYPE_M": null, "SITETYPE_1": null, "SITETYPE_2": null, "SITETYPE_3": null, "SITETYPE_4": null, "COUNTY": "ORLEANS", "COUNTRY": "US", "SOURCEOFDA": "Vermont Enhanced 911 Board", "DRIVEWAYID": 0, "ESZ": "00144", "HOUSE_NUMB": 63, "HOUSE_NU_1": null, "HOUSE_NU_2": null, "FIPS": "5019" }, "geometry": { "type": "Point", "coordinates": [ -72.188619514031558, 44.706900052164045 ] } },
{ "type": "Feature", "properties": { "SEGMENTID": 59766, "ESITEID": 78125, "GEONAMEID": 5786, "PD": null, "PT": null, "SN": "VT ROUTE 30", "ST": null, "SD": null, "PRIMARYNAM": "VT ROUTE 30", "ALIAS1": null, "ALIAS2": null, "ALIAS3": null, "ALIAS4": null, "ALIAS5": "5/12/2015 7:33:17 PM", "PRIMARYADD": "1952 VT ROUTE 30", "SITETYPE": "FIRE STATION", "TOWNNAME": "CORNWALL", "MCODE": 551, "ESN": 155, "ZIP": "05753", "PARCELNUM": "080219.", "GPSX": -73.20698001, "GPSY": 43.97082538, "MAPYEAR": "1998-01-01", "UPDATEDATE": "2023-01-27", "STATE": "VT", "FIPS8": 5001, "SPAN": "162-051-10132", "SUBTYPE": 0, "GlobalID_1": "dee067ad-4147-439e-bb6e-3f914887e453", "UNITCOUNT": 1, "PRIMARYA_1": "1952 VT ROUTE 30 CORNWALL", "PRIMARYA_2": "1952 VT ROUTE 30 CORNWALL VT 05753", "SITETYPE_M": null, "SITETYPE_1": null, "SITETYPE_2": null, "SITETYPE_3": null, "SITETYPE_4": null, "COUNTY": "ADDISON", "COUNTRY": "US", "SOURCEOFDA": "Vermont Enhanced 911 Board", "DRIVEWAYID": 0, "ESZ": "00155", "HOUSE_NUMB": 1952, "HOUSE_NU_1": null, "HOUSE_NU_2": null, "FIPS": "5001" }, "geometry": { "type": "Point", "coordinates": [ -73.206978587733431, 43.970823054094616 ] } },
{ "type": "Feature", "properties": { "SEGMENTID": 43199, "ESITEID": 141596, "GEONAMEID": 11154, "PD": null, "PT": null, "SN": "MAIN", "ST": "ST", "SD": null, "PRIMARYNAM": "MAIN ST", "ALIAS1": null, "ALIAS2": null, "ALIAS3": null, "ALIAS4": null, "ALIAS5": "7/2/2020 1:49:09 PM", "PRIMARYADD": "60 MAIN ST", "SITETYPE": "FIRE STATION", "TOWNNAME": "LONDONDERRY", "MCODE": 611, "ESN": 527, "ZIP": "05155", "PARCELNUM": "101006-001", "GPSX": -72.81434996, "GPSY": 43.19199601, "MAPYEAR": "1998-01-01", "UPDATEDATE": "2024-10-25", "STATE": "VT", "FIPS8": 5025, "SPAN": "357-110-23241", "SUBTYPE": 0, "GlobalID_1": "d2edcde5-a3eb-4f92-aac0-501e84870633", "UNITCOUNT": 1, "PRIMARYA_1": "60 MAIN ST LONDONDERRY", "PRIMARYA_2": "60 MAIN ST LONDONDERRY VT 05148", "SITETYPE_M": null, "SITETYPE_1": null, "SITETYPE_2": null, "SITETYPE_3": null, "SITETYPE_4": null, "COUNTY": "WINDHAM", "COUNTRY": "US", "SOURCEOFDA": "Vermont Enhanced 911 Board", "DRIVEWAYID": 0, "ESZ": "00527", "HOUSE_NUMB": 60, "HOUSE_NU_1": null, "HOUSE_NU_2": null, "FIPS": "5025" }, "geometry": { "type": "Point", "coordinates": [ -72.814350209913229, 43.191994992781119 ] } },
{ "type": "Feature", "properties": { "SEGMENTID": 754834, "ESITEID": 771149, "GEONAMEID": 751299, "PD": null, "PT": null, "SN": "UNKNOWN 1", "ST": null, "SD": null, "PRIMARYNAM": "UNKNOWN 1", "ALIAS1": null, "ALIAS2": null, "ALIAS3": null, "ALIAS4": null, "ALIAS5": null, "PRIMARYADD": "64 UNKNOWN 1", "SITETYPE": "FIRE STATION", "TOWNNAME": "PITTSFORD", "MCODE": 650, "ESN": 163, "ZIP": "05744", "PARCELNUM": "1586", "GPSX": -73.06501472, "GPSY": 43.70967367, "MAPYEAR": "2025-03-07", "UPDATEDATE": "2025-06-23", "STATE": "VT", "FIPS8": 5021, "SPAN": "480-151-10988", "SUBTYPE": 0, "GlobalID_1": "1d1d9a88-21a6-432a-bbb5-94b1a9b6e641", "UNITCOUNT": 1, "PRIMARYA_1": "64 UNKNOWN 1 PITTSFORD", "PRIMARYA_2": "64 UNKNOWN 1 PITTSFORD VT 05744", "SITETYPE_M": null, "SITETYPE_1": null, "SITETYPE_2": null, "SITETYPE_3": null, "SITETYPE_4": null, "COUNTY": "RUTLAND", "COUNTRY": "US", "SOURCEOFDA": "Vermont Enhanced 911 Board", "DRIVEWAYID": 0, "ESZ": "00163", "HOUSE_NUMB": 64, "HOUSE_NU_1": null, "HOUSE_NU_2": null, "FIPS": null }, "geometry": { "type": "Point", "coordinates": [ -73.06501381277252, 43.709671990863889 ] } },
{ "type": "Feature", "properties": { "SEGMENTID": 14629, "ESITEID": 145636, "GEONAMEID": 28565, "PD": "W", "PT": null, "SN": "MAIN", "ST": "ST", "SD": null, "PRIMARYNAM": "W MAIN ST", "ALIAS1": "ROUTE 2", "ALIAS2": null, "ALIAS3": null, "ALIAS4": null, "ALIAS5": "3/11/2019 12:21:06 PM", "PRIMARYADD": "291 W MAIN ST", "SITETYPE": "FIRE STATION", "TOWNNAME": "LUNENBURG", "MCODE": 614, "ESN": 425, "ZIP": "05906", "PARCELNUM": "000100.003", "GPSX": -71.69331658, "GPSY": 44.46126165, "MAPYEAR": "2003-01-17", "UPDATEDATE": "2023-01-27", "STATE": "VT", "FIPS8": 5009, "SPAN": "366-113-10950", "SUBTYPE": 0, "GlobalID_1": "f5763678-4f26-4c05-abaf-10138123ac42", "UNITCOUNT": 1, "PRIMARYA_1": "291 W MAIN ST LUNENBURG", "PRIMARYA_2": "291 W MAIN ST LUNENBURG VT 05906", "SITETYPE_M": null, "SITETYPE_1": null, "SITETYPE_2": null, "SITETYPE_3": null, "SITETYPE_4": null, "COUNTY": "ESSEX", "COUNTRY": "US", "SOURCEOFDA": "Vermont Enhanced 911 Board", "DRIVEWAYID": 0, "ESZ": "00425", "HOUSE_NUMB": 291, "HOUSE_NU_1": null, "HOUSE_NU_2": null, "FIPS": "5009" }, "geometry": { "type": "Point", "coordinates": [ -71.693316590463354, 44.461259940313631 ] } },
{ "type": "Feature", "properties": { "SEGMENTID": 35559, "ESITEID": 122945, "GEONAMEID": 9251, "PD": null, "PT": null, "SN": "WILLARD", "ST": "RD", "SD": null, "PRIMARYNAM": "WILLARD RD", "ALIAS1": null, "ALIAS2": null, "ALIAS3": null, "ALIAS4": null, "ALIAS5": "5/12/2015 11:21:45 PM", "PRIMARYADD": "131 WILLARD RD", "SITETYPE": "FIRE STATION", "TOWNNAME": "HARTFORD", "MCODE": 591, "ESN": 326, "ZIP": "05001", "PARCELNUM": "12254/", "GPSX": -72.42125704, "GPSY": 43.65048878, "MAPYEAR": "1998-01-01", "UPDATEDATE": "2023-01-27", "STATE": "VT", "FIPS8": 5027, "SPAN": "285-090-12254", "SUBTYPE": 0, "GlobalID_1": "1b2053e9-e381-40ac-9885-e19555551941", "UNITCOUNT": 1, "PRIMARYA_1": "131 WILLARD RD HARTFORD", "PRIMARYA_2": "131 WILLARD RD HARTFORD VT 05001", "SITETYPE_M": null, "SITETYPE_1": null, "SITETYPE_2": null, "SITETYPE_3": null, "SITETYPE_4": null, "COUNTY": "WINDSOR", "COUNTRY": "US", "SOURCEOFDA": "Vermont Enhanced 911 Board", "DRIVEWAYID": 0, "ESZ": "00326", "HOUSE_NUMB": 131, "HOUSE_NU_1": null, "HOUSE_NU_2": null, "FIPS": "5027" }, "geometry": { "type": "Point", "coordinates": [ -72.421256162332924, 43.65048699552154 ] } },
{ "type": "Feature", "properties": { "SEGMENTID": 40072, "ESITEID": 206337, "GEONAMEID": 16964, "PD": null, "PT": null, "SN": "SAFFORD", "ST": "ST", "SD": null, "PRIMARYNAM": "SAFFORD ST", "ALIAS1": null, "ALIAS2": null, "ALIAS3": null, "ALIAS4": null, "ALIAS5": "5/12/2015 9:29:16 PM", "PRIMARYADD": "53 SAFFORD ST", "SITETYPE": "FIRE STATION", "TOWNNAME": "ROYALTON", "MCODE": 667, "ESN": 335, "ZIP": "05068", "PARCELNUM": "L--570~", "GPSX": -72.51930464, "GPSY": 43.81843599, "MAPYEAR": "1998-01-01", "UPDATEDATE": "2023-01-27", "STATE": "VT", "FIPS8": 5027, "SPAN": "534-168-11006", "SUBTYPE": 0, "GlobalID_1": "f4f52f80-2856-462a-a631-9349467b4fd2", "UNITCOUNT": 1, "PRIMARYA_1": "53 SAFFORD ST ROYALTON", "PRIMARYA_2": "53 SAFFORD ST ROYALTON VT 05068", "SITETYPE_M": null, "SITETYPE_1": null, "SITETYPE_2": null, "SITETYPE_3": null, "SITETYPE_4": null, "COUNTY": "WINDSOR", "COUNTRY": "US", "SOURCEOFDA": "Vermont Enhanced 911 Board", "DRIVEWAYID": 0, "ESZ": "00335", "HOUSE_NUMB": 53, "HOUSE_NU_1": null, "HOUSE_NU_2": null, "FIPS": "5027" }, "geometry": { "type": "Point", "coordinates": [ -72.519303709644987, 43.818434223163763 ] } },
{ "type": "Feature", "properties": { "SEGMENTID": 34034, "ESITEID": 201001, "GEONAMEID": 16474, "PD": null, "PT": null, "SN": "THOMPSON", "ST": "RD", "SD": null, "PRIMARYNAM": "THOMPSON RD", "ALIAS1": null, "ALIAS2": null, "ALIAS3": null, "ALIAS4": null, "ALIAS5": "5/12/2015 11:04:29 PM", "PRIMARYADD": "153 THOMPSON RD", "SITETYPE": "FIRE STATION", "TOWNNAME": "RICHMOND", "MCODE": 662, "ESN": 334, "ZIP": "05477", "PARCELNUM": "TR0135.", "GPSX": -73.00149594, "GPSY": 44.39688183, "MAPYEAR": "1998-01-01", "UPDATEDATE": "2023-01-27", "STATE": "VT", "FIPS8": 5007, "SPAN": "519-163-11342", "SUBTYPE": 0, "GlobalID_1": "fc3645d0-5697-421c-8b1f-2a274d4d8088", "UNITCOUNT": 1, "PRIMARYA_1": "153 THOMPSON RD RICHMOND", "PRIMARYA_2": "153 THOMPSON RD RICHMOND VT 05477", "SITETYPE_M": null, "SITETYPE_1": null, "SITETYPE_2": null, "SITETYPE_3": null, "SITETYPE_4": null, "COUNTY": "CHITTENDEN", "COUNTRY": "US", "SOURCEOFDA": "Vermont Enhanced 911 Board", "DRIVEWAYID": 0, "ESZ": "00334", "HOUSE_NUMB": 153, "HOUSE_NU_1": null, "HOUSE_NU_2": null, "FIPS": "5007" }, "geometry": { "type": "Point", "coordinates": [ -73.001495272835584, 44.396880092690459 ] } },
{ "type": "Feature", "properties": { "SEGMENTID": 42045, "ESITEID": 179513, "GEONAMEID": 14099, "PD": null, "PT": null, "SN": "US ROUTE 2", "ST": null, "SD": null, "PRIMARYNAM": "US ROUTE 2", "ALIAS1": null, "ALIAS2": "ROUTE 2", "ALIAS3": null, "ALIAS4": "ROUTE 2", "ALIAS5": "12/2/2019 1:35:44 PM", "PRIMARYADD": "3559 US ROUTE 2", "SITETYPE": "FIRE STATION", "TOWNNAME": "NORTH HERO", "MCODE": 639, "ESN": 236, "ZIP": "05474", "PARCELNUM": "07-03-34-", "GPSX": -73.29065168, "GPSY": 44.81685544, "MAPYEAR": "1998-01-01", "UPDATEDATE": "2023-01-27", "STATE": "VT", "FIPS8": 5013, "SPAN": "444-140-10972", "SUBTYPE": 0, "GlobalID_1": "1ea3b5b0-190e-4fd2-8260-9d02a0218478", "UNITCOUNT": 1, "PRIMARYA_1": "3559 US ROUTE 2 NORTH HERO", "PRIMARYA_2": "3559 US ROUTE 2 NORTH HERO VT 05474", "SITETYPE_M": null, "SITETYPE_1": null, "SITETYPE_2": null, "SITETYPE_3": null, "SITETYPE_4": null, "COUNTY": "GRAND ISLE", "COUNTRY": "US", "SOURCEOFDA": "Vermont Enhanced 911 Board", "DRIVEWAYID": 0, "ESZ": "00236", "HOUSE_NUMB": 3559, "HOUSE_NU_1": null, "HOUSE_NU_2": null, "FIPS": "5013" }, "geometry": { "type": "Point", "coordinates": [ -73.290652297684815, 44.81685145613443 ] } },
{ "type": "Feature", "properties": { "SEGMENTID": 386409, "ESITEID": 248263, "GEONAMEID": 20083, "PD": null, "PT": null, "SN": "VT ROUTE 116", "ST": null, "SD": null, "PRIMARYNAM": "VT ROUTE 116", "ALIAS1": "ROUTE 116", "ALIAS2": null, "ALIAS3": null, "ALIAS4": null, "ALIAS5": "5/12/2015 7:33:23 PM", "PRIMARYADD": "3011 VT ROUTE 116", "SITETYPE": "FIRE STATION", "TOWNNAME": "STARKSBORO", "MCODE": 693, "ESN": 287, "ZIP": "05487", "PARCELNUM": "00D2116L5W.", "GPSX": -73.05718782, "GPSY": 44.22788913, "MAPYEAR": "1998-01-01", "UPDATEDATE": "2024-09-23", "STATE": "VT", "FIPS8": 5001, "SPAN": "615-193-11068", "SUBTYPE": 0, "GlobalID_1": "585ef27d-d6f3-4aa7-a7c0-87802313e9bd", "UNITCOUNT": 1, "PRIMARYA_1": "3011 VT ROUTE 116 STARKSBORO", "PRIMARYA_2": "3011 VT ROUTE 116 STARKSBORO VT 05487", "SITETYPE_M": null, "SITETYPE_1": null, "SITETYPE_2": null, "SITETYPE_3": null, "SITETYPE_4": null, "COUNTY": "ADDISON", "COUNTRY": "US", "SOURCEOFDA": "Vermont Enhanced 911 Board", "DRIVEWAYID": 0, "ESZ": "00287", "HOUSE_NUMB": 3011, "HOUSE_NU_1": null, "HOUSE_NU_2": null, "FIPS": "5001" }, "geometry": { "type": "Point", "coordinates": [ -73.057187174428265, 44.227887116792736 ] } },
{ "type": "Feature", "properties": { "SEGMENTID": 18485, "ESITEID": 131592, "GEONAMEID": 29462, "PD": null, "PT": null, "SN": "MAIN", "ST": "RD", "SD": null, "PRIMARYNAM": "MAIN RD", "ALIAS1": null, "ALIAS2": null, "ALIAS3": null, "ALIAS4": null, "ALIAS5": "2/26/2016 11:24:03 AM", "PRIMARYADD": "4960 MAIN RD", "SITETYPE": "FIRE STATION", "TOWNNAME": "HUNTINGTON", "MCODE": 597, "ESN": 356, "ZIP": "05462", "PARCELNUM": "080248-", "GPSX": -72.96615691, "GPSY": 44.29496697, "MAPYEAR": "2003-01-28", "UPDATEDATE": "2023-01-27", "STATE": "VT", "FIPS8": 5007, "SPAN": "303-096-10414", "SUBTYPE": 0, "GlobalID_1": "4d1cc50c-d740-411b-bfa7-22e6d6e78d24", "UNITCOUNT": 1, "PRIMARYA_1": "4960 MAIN RD HUNTINGTON", "PRIMARYA_2": "4960 MAIN RD HUNTINGTON VT 05462", "SITETYPE_M": null, "SITETYPE_1": null, "SITETYPE_2": null, "SITETYPE_3": null, "SITETYPE_4": null, "COUNTY": "CHITTENDEN", "COUNTRY": "US", "SOURCEOFDA": "Vermont Enhanced 911 Board", "DRIVEWAYID": 0, "ESZ": "00356", "HOUSE_NUMB": 4960, "HOUSE_NU_1": null, "HOUSE_NU_2": null, "FIPS": "5007" }, "geometry": { "type": "Point", "coordinates": [ -72.966156272491517, 44.294965148820118 ] } },
{ "type": "Feature", "properties": { "SEGMENTID": 8065, "ESITEID": 273687, "GEONAMEID": 22149, "PD": null, "PT": null, "SN": "MAPLE", "ST": "ST", "SD": null, "PRIMARYNAM": "MAPLE ST", "ALIAS1": null, "ALIAS2": null, "ALIAS3": null, "ALIAS4": null, "ALIAS5": "12/14/2017 9:05:21 AM", "PRIMARYADD": "158 MAPLE ST", "SITETYPE": "FIRE STATION", "TOWNNAME": "WATERBURY", "MCODE": 720, "ESN": 290, "ZIP": "05677", "PARCELNUM": "700-0158.", "GPSX": -72.71619167, "GPSY": 44.37753258, "MAPYEAR": "1998-01-01", "UPDATEDATE": "2023-01-27", "STATE": "VT", "FIPS8": 5023, "SPAN": "696-221-11967", "SUBTYPE": 0, "GlobalID_1": "2752f250-32bb-4e87-8f5e-985b9175ba05", "UNITCOUNT": 1, "PRIMARYA_1": "158 MAPLE ST WATERBURY", "PRIMARYA_2": "158 MAPLE ST WATERBURY VT 05677", "SITETYPE_M": null, "SITETYPE_1": null, "SITETYPE_2": null, "SITETYPE_3": null, "SITETYPE_4": null, "COUNTY": "WASHINGTON", "COUNTRY": "US", "SOURCEOFDA": "Vermont Enhanced 911 Board", "DRIVEWAYID": 0, "ESZ": "00290", "HOUSE_NUMB": 158, "HOUSE_NU_1": null, "HOUSE_NU_2": null, "FIPS": "5023" }, "geometry": { "type": "Point", "coordinates": [ -72.716190818252159, 44.377531088600911 ] } },
{ "type": "Feature", "properties": { "SEGMENTID": 41161, "ESITEID": 264655, "GEONAMEID": 21317, "PD": null, "PT": null, "SN": "GREEN", "ST": "ST", "SD": null, "PRIMARYNAM": "GREEN ST", "ALIAS1": null, "ALIAS2": null, "ALIAS3": null, "ALIAS4": "CR", "ALIAS5": "5/20/2015 1:21:50 PM", "PRIMARYADD": "50 GREEN ST", "SITETYPE": "FIRE STATION", "TOWNNAME": "VERGENNES", "MCODE": 709, "ESN": 344, "ZIP": "05491", "PARCELNUM": "260267.", "GPSX": -73.25137179, "GPSY": 44.16660564, "MAPYEAR": "1998-01-01", "UPDATEDATE": "2023-01-27", "STATE": "VT", "FIPS8": 5001, "SPAN": "663-210-10998", "SUBTYPE": 0, "GlobalID_1": "bdefbcaa-3cf4-4106-a1cf-ac34d56c2fbb", "UNITCOUNT": 1, "PRIMARYA_1": "50 GREEN ST VERGENNES", "PRIMARYA_2": "50 GREEN ST VERGENNES VT 05491", "SITETYPE_M": null, "SITETYPE_1": null, "SITETYPE_2": null, "SITETYPE_3": null, "SITETYPE_4": null, "COUNTY": "ADDISON", "COUNTRY": "US", "SOURCEOFDA": "Vermont Enhanced 911 Board", "DRIVEWAYID": 0, "ESZ": "00344", "HOUSE_NUMB": 50, "HOUSE_NU_1": null, "HOUSE_NU_2": null, "FIPS": "5001" }, "geometry": { "type": "Point", "coordinates": [ -73.251371084287186, 44.166603203874821 ] } },
{ "type": "Feature", "properties": { "SEGMENTID": 42474, "ESITEID": 133687, "GEONAMEID": 10336, "PD": null, "PT": null, "SN": "VT ROUTE 58", "ST": null, "SD": "E", "PRIMARYNAM": "VT ROUTE 58 E", "ALIAS1": null, "ALIAS2": null, "ALIAS3": null, "ALIAS4": null, "ALIAS5": "5/13/2015 12:23:36 AM", "PRIMARYADD": "217 VT ROUTE 58 E", "SITETYPE": "FIRE STATION", "TOWNNAME": "IRASBURG", "MCODE": 600, "ESN": 202, "ZIP": "05845", "PARCELNUM": "TX000005.", "GPSX": -72.27602025, "GPSY": 44.80366655, "MAPYEAR": "1998-01-01", "UPDATEDATE": "2023-01-27", "STATE": "VT", "FIPS8": 5019, "SPAN": "312-099-10691", "SUBTYPE": 0, "GlobalID_1": "2436454a-b5a1-4d8e-b6ad-1ee28ebb4faf", "UNITCOUNT": 1, "PRIMARYA_1": "217 VT ROUTE 58 E IRASBURG", "PRIMARYA_2": "217 VT ROUTE 58 E IRASBURG VT 05845", "SITETYPE_M": null, "SITETYPE_1": null, "SITETYPE_2": null, "SITETYPE_3": null, "SITETYPE_4": null, "COUNTY": "ORLEANS", "COUNTRY": "US", "SOURCEOFDA": "Vermont Enhanced 911 Board", "DRIVEWAYID": 0, "ESZ": "00202", "HOUSE_NUMB": 217, "HOUSE_NU_1": null, "HOUSE_NU_2": null, "FIPS": "5019" }, "geometry": { "type": "Point", "coordinates": [ -72.276020273045773, 44.803664981988604 ] } },
{ "type": "Feature", "properties": { "SEGMENTID": 4964, "ESITEID": 173227, "GEONAMEID": 13432, "PD": null, "PT": null, "SN": "NEWARK", "ST": "ST", "SD": null, "PRIMARYNAM": "NEWARK ST", "ALIAS1": null, "ALIAS2": null, "ALIAS3": null, "ALIAS4": null, "ALIAS5": "5/12/2015 7:31:48 PM", "PRIMARYADD": "1558 NEWARK ST", "SITETYPE": "FIRE STATION", "TOWNNAME": "NEWARK", "MCODE": 634, "ESN": 147, "ZIP": "05871", "PARCELNUM": "-05-041.750", "GPSX": -71.94933319, "GPSY": 44.69120025, "MAPYEAR": "1998-01-01", "UPDATEDATE": "2023-01-27", "STATE": "VT", "FIPS8": 5005, "SPAN": "423-132-10790", "SUBTYPE": 0, "GlobalID_1": "0565a678-2a98-4e67-a813-71431bfa3bcf", "UNITCOUNT": 1, "PRIMARYA_1": "1558 NEWARK ST NEWARK", "PRIMARYA_2": "1558 NEWARK ST NEWARK VT 05871", "SITETYPE_M": null, "SITETYPE_1": null, "SITETYPE_2": null, "SITETYPE_3": null, "SITETYPE_4": null, "COUNTY": "CALEDONIA", "COUNTRY": "US", "SOURCEOFDA": "Vermont Enhanced 911 Board", "DRIVEWAYID": 0, "ESZ": "00147", "HOUSE_NUMB": 1558, "HOUSE_NU_1": null, "HOUSE_NU_2": null, "FIPS": "5005" }, "geometry": { "type": "Point", "coordinates": [ -71.94933418849611, 44.691198424985991 ] } },
{ "type": "Feature", "properties": { "SEGMENTID": 5478, "ESITEID": 105620, "GEONAMEID": 7584, "PD": null, "PT": null, "SN": "LAKE MOREY", "ST": "RD", "SD": null, "PRIMARYNAM": "LAKE MOREY RD", "ALIAS1": null, "ALIAS2": null, "ALIAS3": null, "ALIAS4": null, "ALIAS5": null, "PRIMARYADD": "5445 LAKE MOREY RD", "SITETYPE": "FIRE STATION", "TOWNNAME": "FAIRLEE", "MCODE": 570, "ESN": 180, "ZIP": "05045", "PARCELNUM": "0242064.200", "GPSX": -72.15208949, "GPSY": 43.9063946, "MAPYEAR": "1998-01-01", "UPDATEDATE": "2023-03-28", "STATE": "VT", "FIPS8": 5017, "SPAN": "219-071-10208", "SUBTYPE": 0, "GlobalID_1": "f88a1f0f-f61a-4c35-85f8-7f9895856f3f", "UNITCOUNT": 1, "PRIMARYA_1": "5445 LAKE MOREY RD FAIRLEE", "PRIMARYA_2": "5445 LAKE MOREY RD FAIRLEE VT 05045", "SITETYPE_M": "AMBULANCE SERVICE", "SITETYPE_1": null, "SITETYPE_2": null, "SITETYPE_3": null, "SITETYPE_4": null, "COUNTY": "ORANGE", "COUNTRY": "US", "SOURCEOFDA": "Vermont Enhanced 911 Board", "DRIVEWAYID": 0, "ESZ": "00180", "HOUSE_NUMB": 5445, "HOUSE_NU_1": null, "HOUSE_NU_2": null, "FIPS": "5017" }, "geometry": { "type": "Point", "coordinates": [ -72.152088094927834, 43.906392334270691 ] } },
{ "type": "Feature", "properties": { "SEGMENTID": 20825, "ESITEID": 113007, "GEONAMEID": 8394, "PD": null, "PT": null, "SN": "ROUTE 121", "ST": null, "SD": "E", "PRIMARYNAM": "ROUTE 121 E", "ALIAS1": null, "ALIAS2": null, "ALIAS3": null, "ALIAS4": null, "ALIAS5": "5/13/2015 12:30:13 AM", "PRIMARYADD": "711 ROUTE 121 E", "SITETYPE": "FIRE STATION", "TOWNNAME": "GRAFTON", "MCODE": 580, "ESN": 257, "ZIP": "05146", "PARCELNUM": "009019.", "GPSX": -72.59627951, "GPSY": 43.1740649, "MAPYEAR": "1998-01-01", "UPDATEDATE": "2023-01-28", "STATE": "VT", "FIPS8": 5025, "SPAN": "249-079-10196", "SUBTYPE": 0, "GlobalID_1": "65d6fe0e-b7f9-40bc-866e-744a57768c1f", "UNITCOUNT": 1, "PRIMARYA_1": "711 ROUTE 121 E GRAFTON", "PRIMARYA_2": "711 ROUTE 121 E GRAFTON VT 05146", "SITETYPE_M": null, "SITETYPE_1": null, "SITETYPE_2": null, "SITETYPE_3": null, "SITETYPE_4": null, "COUNTY": "WINDHAM", "COUNTRY": "US", "SOURCEOFDA": "Vermont Enhanced 911 Board", "DRIVEWAYID": 0, "ESZ": "00257", "HOUSE_NUMB": 711, "HOUSE_NU_1": null, "HOUSE_NU_2": null, "FIPS": "5025" }, "geometry": { "type": "Point", "coordinates": [ -72.596279880867314, 43.174063648018006 ] } },
{ "type": "Feature", "properties": { "SEGMENTID": 23251, "ESITEID": 23637, "GEONAMEID": 2448, "PD": null, "PT": null, "SN": "VT ROUTE 12", "ST": null, "SD": null, "PRIMARYNAM": "VT ROUTE 12", "ALIAS1": "ROUTE 12", "ALIAS2": null, "ALIAS3": null, "ALIAS4": null, "ALIAS5": "5/12/2015 11:38:05 PM", "PRIMARYADD": "2095 VT ROUTE 12", "SITETYPE": "FIRE STATION", "TOWNNAME": "BERLIN", "MCODE": 517, "ESN": 126, "ZIP": "05663", "PARCELNUM": "0VT12-081.", "GPSX": -72.6345399, "GPSY": 44.19989764, "MAPYEAR": "1998-01-01", "UPDATEDATE": "2023-01-27", "STATE": "VT", "FIPS8": 5023, "SPAN": "060-018-11849", "SUBTYPE": 0, "GlobalID_1": "064418a5-03f8-47b7-99ab-30a2c8870f7e", "UNITCOUNT": 1, "PRIMARYA_1": "2095 VT ROUTE 12 BERLIN", "PRIMARYA_2": "2095 VT ROUTE 12 BERLIN VT 05663", "SITETYPE_M": null, "SITETYPE_1": null, "SITETYPE_2": null, "SITETYPE_3": null, "SITETYPE_4": null, "COUNTY": "WASHINGTON", "COUNTRY": "US", "SOURCEOFDA": "Vermont Enhanced 911 Board", "DRIVEWAYID": 0, "ESZ": "00126", "HOUSE_NUMB": 2095, "HOUSE_NU_1": null, "HOUSE_NU_2": null, "FIPS": "5023" }, "geometry": { "type": "Point", "coordinates": [ -72.634539265383012, 44.199896085895368 ] } },
{ "type": "Feature", "properties": { "SEGMENTID": 15155, "ESITEID": 194083, "GEONAMEID": 15649, "PD": null, "PT": null, "SN": "VT ROUTE 346", "ST": null, "SD": null, "PRIMARYNAM": "VT ROUTE 346", "ALIAS1": null, "ALIAS2": "ROUTE 346", "ALIAS3": null, "ALIAS4": null, "ALIAS5": "5/13/2015 12:21:46 AM", "PRIMARYADD": "253 VT ROUTE 346", "SITETYPE": "FIRE STATION", "TOWNNAME": "POWNAL", "MCODE": 655, "ESN": 390, "ZIP": "05261", "PARCELNUM": "346-12.", "GPSX": -73.23607339, "GPSY": 42.76502848, "MAPYEAR": "2003-01-27", "UPDATEDATE": "2023-01-27", "STATE": "VT", "FIPS8": 5003, "SPAN": "495-156-12053", "SUBTYPE": 0, "GlobalID_1": "e923d14d-7135-41f0-a5a0-901d238288f4", "UNITCOUNT": 1, "PRIMARYA_1": "253 VT ROUTE 346 POWNAL", "PRIMARYA_2": "253 VT ROUTE 346 POWNAL VT 05261", "SITETYPE_M": null, "SITETYPE_1": null, "SITETYPE_2": null, "SITETYPE_3": null, "SITETYPE_4": null, "COUNTY": "BENNINGTON", "COUNTRY": "US", "SOURCEOFDA": "Vermont Enhanced 911 Board", "DRIVEWAYID": 0, "ESZ": "00390", "HOUSE_NUMB": 253, "HOUSE_NU_1": null, "HOUSE_NU_2": null, "FIPS": "5003" }, "geometry": { "type": "Point", "coordinates": [ -73.236073150227298, 42.765028196864272 ] } },
{ "type": "Feature", "properties": { "SEGMENTID": 23725, "ESITEID": 42516, "GEONAMEID": 3674, "PD": null, "PT": null, "SN": "VT ROUTE 114", "ST": null, "SD": null, "PRIMARYNAM": "VT ROUTE 114", "ALIAS1": "ROUTE 114", "ALIAS2": null, "ALIAS3": null, "ALIAS4": null, "ALIAS5": "9/28/2022 10:05:20 AM", "PRIMARYADD": "195 VT ROUTE 114", "SITETYPE": "FIRE STATION", "TOWNNAME": "BURKE", "MCODE": 534, "ESN": 435, "ZIP": "05832", "PARCELNUM": "11010002.000", "GPSX": -71.94811971, "GPSY": 44.58528951, "MAPYEAR": "1998-01-01", "UPDATEDATE": "2023-01-27", "STATE": "VT", "FIPS8": 5005, "SPAN": "111-034-10322", "SUBTYPE": 0, "GlobalID_1": "995db28a-08e6-4310-aa53-8db7917d5bd9", "UNITCOUNT": 1, "PRIMARYA_1": "195 VT ROUTE 114 BURKE", "PRIMARYA_2": "195 VT ROUTE 114 BURKE VT 05832", "SITETYPE_M": null, "SITETYPE_1": null, "SITETYPE_2": null, "SITETYPE_3": null, "SITETYPE_4": null, "COUNTY": "CALEDONIA", "COUNTRY": "US", "SOURCEOFDA": "Vermont Enhanced 911 Board", "DRIVEWAYID": 0, "ESZ": "00435", "HOUSE_NUMB": 195, "HOUSE_NU_1": null, "HOUSE_NU_2": null, "FIPS": "5005" }, "geometry": { "type": "Point", "coordinates": [ -71.948120899183621, 44.585287384331806 ] } },
{ "type": "Feature", "properties": { "SEGMENTID": 32183, "ESITEID": 205451, "GEONAMEID": 16882, "PD": null, "PT": null, "SN": "ROXBURY", "ST": "RD", "SD": null, "PRIMARYNAM": "ROXBURY RD", "ALIAS1": null, "ALIAS2": null, "ALIAS3": null, "ALIAS4": null, "ALIAS5": "5/12/2015 9:18:39 PM", "PRIMARYADD": "1726 ROXBURY RD", "SITETYPE": "FIRE STATION", "TOWNNAME": "ROXBURY", "MCODE": 666, "ESN": 247, "ZIP": "05669", "PARCELNUM": "202150-000", "GPSX": -72.73436205, "GPSY": 44.09010819, "MAPYEAR": "1998-01-01", "UPDATEDATE": "2023-01-27", "STATE": "VT", "FIPS8": 5023, "SPAN": "531-167-10526", "SUBTYPE": 0, "GlobalID_1": "f6bc5b85-ba27-4225-a1ff-a3642cdcede5", "UNITCOUNT": 1, "PRIMARYA_1": "1726 ROXBURY RD ROXBURY", "PRIMARYA_2": "1726 ROXBURY RD ROXBURY VT 05669", "SITETYPE_M": null, "SITETYPE_1": null, "SITETYPE_2": null, "SITETYPE_3": null, "SITETYPE_4": null, "COUNTY": "WASHINGTON", "COUNTRY": "US", "SOURCEOFDA": "Vermont Enhanced 911 Board", "DRIVEWAYID": 0, "ESZ": "00247", "HOUSE_NUMB": 1726, "HOUSE_NU_1": null, "HOUSE_NU_2": null, "FIPS": "5023" }, "geometry": { "type": "Point", "coordinates": [ -72.734361102665943, 44.090106634095342 ] } },
{ "type": "Feature", "properties": { "SEGMENTID": 5410, "ESITEID": 770009, "GEONAMEID": 16006, "PD": null, "PT": null, "SN": "WATER", "ST": "ST", "SD": null, "PRIMARYNAM": "WATER ST", "ALIAS1": null, "ALIAS2": null, "ALIAS3": null, "ALIAS4": null, "ALIAS5": null, "PRIMARYADD": "0 WATER ST", "SITETYPE": "FIRE STATION", "TOWNNAME": "RANDOLPH", "MCODE": 658, "ESN": 409, "ZIP": "05061", "PARCELNUM": "117012.000", "GPSX": -72.61354961000001, "GPSY": 43.93751593, "MAPYEAR": "2024-10-24", "UPDATEDATE": "2025-08-06", "STATE": "VT", "FIPS8": 5017, "SPAN": "507-159-12920", "SUBTYPE": 0, "GlobalID_1": "d6d3f698-c157-45af-803d-f657bf11ff50", "UNITCOUNT": 0, "PRIMARYA_1": "0 WATER ST RANDOLPH", "PRIMARYA_2": "0 WATER ST RANDOLPH VT 05061", "SITETYPE_M": null, "SITETYPE_1": null, "SITETYPE_2": null, "SITETYPE_3": null, "SITETYPE_4": null, "COUNTY": "ORANGE", "COUNTRY": "US", "SOURCEOFDA": "Vermont Enhanced 911 Board", "DRIVEWAYID": 0, "ESZ": "00409", "HOUSE_NUMB": 0, "HOUSE_NU_1": null, "HOUSE_NU_2": null, "FIPS": null }, "geometry": { "type": "Point", "coordinates": [ -72.61354863756668, 43.937514259516817 ] } },
{ "type": "Feature", "properties": { "SEGMENTID": 12735, "ESITEID": 260011, "GEONAMEID": 20766, "PD": null, "PT": null, "SN": "MOUNTAIN VIEW", "ST": "RD", "SD": null, "PRIMARYNAM": "MOUNTAIN VIEW RD", "ALIAS1": null, "ALIAS2": null, "ALIAS3": null, "ALIAS4": null, "ALIAS5": "5/12/2015 11:19:34 PM", "PRIMARYADD": "5 MOUNTAIN VIEW RD", "SITETYPE": "FIRE STATION", "TOWNNAME": "TINMOUTH", "MCODE": 703, "ESN": 416, "ZIP": "05773", "PARCELNUM": "00020005.000", "GPSX": -73.05017852, "GPSY": 43.44844055, "MAPYEAR": "1998-01-01", "UPDATEDATE": "2023-01-27", "STATE": "VT", "FIPS8": 5021, "SPAN": "645-203-10382", "SUBTYPE": 0, "GlobalID_1": "6332aa0c-7a1c-426f-bd5b-70ea433fa858", "UNITCOUNT": 1, "PRIMARYA_1": "5 MOUNTAIN VIEW RD TINMOUTH", "PRIMARYA_2": "5 MOUNTAIN VIEW RD TINMOUTH VT 05773", "SITETYPE_M": null, "SITETYPE_1": null, "SITETYPE_2": null, "SITETYPE_3": null, "SITETYPE_4": null, "COUNTY": "RUTLAND", "COUNTRY": "US", "SOURCEOFDA": "Vermont Enhanced 911 Board", "DRIVEWAYID": 0, "ESZ": "00416", "HOUSE_NUMB": 5, "HOUSE_NU_1": null, "HOUSE_NU_2": null, "FIPS": "5021" }, "geometry": { "type": "Point", "coordinates": [ -73.05017822739876, 43.448439371354162 ] } },
{ "type": "Feature", "properties": { "SEGMENTID": 53339, "ESITEID": 763677, "GEONAMEID": 1648, "PD": null, "PT": null, "SN": "MAIN", "ST": "ST", "SD": null, "PRIMARYNAM": "MAIN ST", "ALIAS1": null, "ALIAS2": null, "ALIAS3": null, "ALIAS4": null, "ALIAS5": null, "PRIMARYADD": "126 MAIN ST", "SITETYPE": "FIRE STATION", "TOWNNAME": "BARTON", "MCODE": 512, "ESN": 504, "ZIP": "05822", "PARCELNUM": "-203010142", "GPSX": -72.17563406, "GPSY": 44.74725257, "MAPYEAR": "2022-06-29", "UPDATEDATE": "2024-02-21", "STATE": "VT", "FIPS8": 5019, "SPAN": "042-013-10094", "SUBTYPE": 0, "GlobalID_1": "a7a34f85-a378-4be1-b0eb-1988c6289294", "UNITCOUNT": 1, "PRIMARYA_1": "126 MAIN ST BARTON", "PRIMARYA_2": "126 MAIN ST BARTON VT 05822", "SITETYPE_M": null, "SITETYPE_1": null, "SITETYPE_2": null, "SITETYPE_3": null, "SITETYPE_4": null, "COUNTY": "ORLEANS", "COUNTRY": "US", "SOURCEOFDA": "Vermont Enhanced 911 Board", "DRIVEWAYID": 0, "ESZ": "00504", "HOUSE_NUMB": 126, "HOUSE_NU_1": null, "HOUSE_NU_2": null, "FIPS": null }, "geometry": { "type": "Point", "coordinates": [ -72.175634291470359, 44.747251036722368 ] } },
{ "type": "Feature", "properties": { "SEGMENTID": 466, "ESITEID": 29475, "GEONAMEID": 3034, "PD": null, "PT": null, "SN": "FRANKLIN", "ST": "ST", "SD": null, "PRIMARYNAM": "FRANKLIN ST", "ALIAS1": null, "ALIAS2": null, "ALIAS3": null, "ALIAS4": null, "ALIAS5": null, "PRIMARYADD": "61 FRANKLIN ST", "SITETYPE": "FIRE STATION", "TOWNNAME": "BRANDON", "MCODE": 523, "ESN": 312, "ZIP": "05733", "PARCELNUM": "0086-0061", "GPSX": -73.07994428000001, "GPSY": 43.79368672, "MAPYEAR": "1998-01-01", "UPDATEDATE": "2023-03-28", "STATE": "VT", "FIPS8": 5021, "SPAN": "078-024-10202", "SUBTYPE": 0, "GlobalID_1": "7d275e3c-fab8-4337-b6a6-bdcfb7fdd456", "UNITCOUNT": 1, "PRIMARYA_1": "61 FRANKLIN ST BRANDON", "PRIMARYA_2": "61 FRANKLIN ST BRANDON VT 05733", "SITETYPE_M": null, "SITETYPE_1": null, "SITETYPE_2": null, "SITETYPE_3": null, "SITETYPE_4": null, "COUNTY": "RUTLAND", "COUNTRY": "US", "SOURCEOFDA": "Vermont Enhanced 911 Board", "DRIVEWAYID": 0, "ESZ": "00312", "HOUSE_NUMB": 61, "HOUSE_NU_1": null, "HOUSE_NU_2": null, "FIPS": "5021" }, "geometry": { "type": "Point", "coordinates": [ -73.07994313889553, 43.793684927705449 ] } },
{ "type": "Feature", "properties": { "SEGMENTID": 311146, "ESITEID": 758282, "GEONAMEID": 5671, "PD": null, "PT": null, "SN": "FAIRGROUND", "ST": "RD", "SD": null, "PRIMARYNAM": "FAIRGROUND RD", "ALIAS1": null, "ALIAS2": null, "ALIAS3": null, "ALIAS4": null, "ALIAS5": null, "PRIMARYADD": "349 FAIRGROUND RD", "SITETYPE": "FIRE STATION", "TOWNNAME": "CORINTH", "MCODE": 550, "ESN": 301, "ZIP": "05040", "PARCELNUM": "077-07775", "GPSX": -72.22074528, "GPSY": 44.0518542, "MAPYEAR": "2020-06-04", "UPDATEDATE": "2023-03-28", "STATE": "VT", "FIPS8": 5017, "SPAN": "159-050-10286", "SUBTYPE": 0, "GlobalID_1": "e0dcdfad-a539-4289-bca6-4d59e97ada6b", "UNITCOUNT": 1, "PRIMARYA_1": "349 FAIRGROUND RD CORINTH", "PRIMARYA_2": "349 FAIRGROUND RD CORINTH VT 05040", "SITETYPE_M": null, "SITETYPE_1": null, "SITETYPE_2": null, "SITETYPE_3": null, "SITETYPE_4": null, "COUNTY": "ORANGE", "COUNTRY": "US", "SOURCEOFDA": "Vermont Enhanced 911 Board", "DRIVEWAYID": 0, "ESZ": "00301", "HOUSE_NUMB": 349, "HOUSE_NU_1": null, "HOUSE_NU_2": null, "FIPS": null }, "geometry": { "type": "Point", "coordinates": [ -72.220743678670615, 44.051851858481655 ] } },
{ "type": "Feature", "properties": { "SEGMENTID": 21725, "ESITEID": 118047, "GEONAMEID": 8845, "PD": null, "PT": null, "SN": "BRANCH", "ST": "RD", "SD": null, "PRIMARYNAM": "BRANCH RD", "ALIAS1": null, "ALIAS2": null, "ALIAS3": null, "ALIAS4": null, "ALIAS5": "9/1/2016 7:53:49 AM", "PRIMARYADD": "118 BRANCH RD", "SITETYPE": "FIRE STATION", "TOWNNAME": "HALIFAX", "MCODE": 588, "ESN": 325, "ZIP": "05358", "PARCELNUM": "BRN.0118-", "GPSX": -72.77016499, "GPSY": 42.78590077, "MAPYEAR": "1998-01-01", "UPDATEDATE": "2023-01-27", "STATE": "VT", "FIPS8": 5025, "SPAN": "276-087-10010", "SUBTYPE": 0, "GlobalID_1": "cdf02919-da34-4e84-b7d0-964430c19897", "UNITCOUNT": 1, "PRIMARYA_1": "118 BRANCH RD HALIFAX", "PRIMARYA_2": "118 BRANCH RD HALIFAX VT 05358", "SITETYPE_M": null, "SITETYPE_1": null, "SITETYPE_2": null, "SITETYPE_3": null, "SITETYPE_4": null, "COUNTY": "WINDHAM", "COUNTRY": "US", "SOURCEOFDA": "Vermont Enhanced 911 Board", "DRIVEWAYID": 0, "ESZ": "00325", "HOUSE_NUMB": 118, "HOUSE_NU_1": null, "HOUSE_NU_2": null, "FIPS": "5025" }, "geometry": { "type": "Point", "coordinates": [ -72.770165452872675, 42.785900438239295 ] } },
{ "type": "Feature", "properties": { "SEGMENTID": 60455, "ESITEID": 768176, "GEONAMEID": 3723, "PD": "S", "PT": null, "SN": "WALDEN", "ST": "RD", "SD": null, "PRIMARYNAM": "S WALDEN RD", "ALIAS1": null, "ALIAS2": null, "ALIAS3": null, "ALIAS4": null, "ALIAS5": null, "PRIMARYADD": "137 S WALDEN RD", "SITETYPE": "FIRE STATION", "TOWNNAME": "CABOT", "MCODE": 536, "ESN": 193, "ZIP": "05647", "PARCELNUM": "05-003.200", "GPSX": -72.3085442, "GPSY": 44.40833553, "MAPYEAR": "2023-10-31", "UPDATEDATE": "2025-07-28", "STATE": "VT", "FIPS8": 5023, "SPAN": "117-036-10129", "SUBTYPE": 0, "GlobalID_1": "a2fcc3fb-0eda-485d-9a9d-e3d0ad61864b", "UNITCOUNT": 1, "PRIMARYA_1": "137 S WALDEN RD CABOT", "PRIMARYA_2": "137 S WALDEN RD CABOT VT 05647", "SITETYPE_M": null, "SITETYPE_1": null, "SITETYPE_2": null, "SITETYPE_3": null, "SITETYPE_4": null, "COUNTY": "WASHINGTON", "COUNTRY": "US", "SOURCEOFDA": "Vermont Enhanced 911 Board", "DRIVEWAYID": 0, "ESZ": "00193", "HOUSE_NUMB": 137, "HOUSE_NU_1": null, "HOUSE_NU_2": null, "FIPS": null }, "geometry": { "type": "Point", "coordinates": [ -72.308544200427548, 44.408333783857522 ] } },
{ "type": "Feature", "properties": { "SEGMENTID": 11877, "ESITEID": 274966, "GEONAMEID": 22215, "PD": "S", "PT": null, "SN": "MAIN", "ST": "ST", "SD": null, "PRIMARYNAM": "S MAIN ST", "ALIAS1": null, "ALIAS2": null, "ALIAS3": null, "ALIAS4": null, "ALIAS5": "5/15/2019 9:32:08 AM", "PRIMARYADD": "43 S MAIN ST", "SITETYPE": "FIRE STATION", "TOWNNAME": "WATERBURY", "MCODE": 720, "ESN": 290, "ZIP": "05676", "PARCELNUM": "916-0033.V", "GPSX": -72.75573734, "GPSY": 44.33663647, "MAPYEAR": "1998-01-01", "UPDATEDATE": "2023-01-27", "STATE": "VT", "FIPS8": 5023, "SPAN": "696-221-11981", "SUBTYPE": 0, "GlobalID_1": "f5077a4e-08d1-41d4-a7ed-61c4e04bbf06", "UNITCOUNT": 1, "PRIMARYA_1": "43 S MAIN ST WATERBURY", "PRIMARYA_2": "43 S MAIN ST WATERBURY VT 05676", "SITETYPE_M": null, "SITETYPE_1": null, "SITETYPE_2": null, "SITETYPE_3": null, "SITETYPE_4": null, "COUNTY": "WASHINGTON", "COUNTRY": "US", "SOURCEOFDA": "Vermont Enhanced 911 Board", "DRIVEWAYID": 0, "ESZ": "00290", "HOUSE_NUMB": 43, "HOUSE_NU_1": null, "HOUSE_NU_2": null, "FIPS": "5023" }, "geometry": { "type": "Point", "coordinates": [ -72.755736447289962, 44.336634920228008 ] } },
{ "type": "Feature", "properties": { "SEGMENTID": 41613, "ESITEID": 230944, "GEONAMEID": 18955, "PD": null, "PT": null, "SN": "HOLMES", "ST": "RD", "SD": null, "PRIMARYNAM": "HOLMES RD", "ALIAS1": null, "ALIAS2": null, "ALIAS3": null, "ALIAS4": null, "ALIAS5": "5/12/2015 9:51:18 PM", "PRIMARYADD": "3 HOLMES RD", "SITETYPE": "FIRE STATION", "TOWNNAME": "SOUTH BURLINGTON", "MCODE": 684, "ESN": 339, "ZIP": "05403", "PARCELNUM": "0870-00003.", "GPSX": -73.21241119, "GPSY": 44.43346295, "MAPYEAR": "1998-01-01", "UPDATEDATE": "2023-01-27", "STATE": "VT", "FIPS8": 5007, "SPAN": "600-188-11294", "SUBTYPE": 0, "GlobalID_1": "11ca68cb-c188-49e6-9a51-ba084d4cec36", "UNITCOUNT": 1, "PRIMARYA_1": "3 HOLMES RD SOUTH BURLINGTON", "PRIMARYA_2": "3 HOLMES RD SOUTH BURLINGTON VT 05403", "SITETYPE_M": null, "SITETYPE_1": null, "SITETYPE_2": null, "SITETYPE_3": null, "SITETYPE_4": null, "COUNTY": "CHITTENDEN", "COUNTRY": "US", "SOURCEOFDA": "Vermont Enhanced 911 Board", "DRIVEWAYID": 0, "ESZ": "00339", "HOUSE_NUMB": 3, "HOUSE_NU_1": null, "HOUSE_NU_2": null, "FIPS": "5007" }, "geometry": { "type": "Point", "coordinates": [ -73.212411353913893, 44.433460595992443 ] } },
{ "type": "Feature", "properties": { "SEGMENTID": 17731, "ESITEID": 63817, "GEONAMEID": 4568, "PD": null, "PT": null, "SN": "FERRY", "ST": "RD", "SD": null, "PRIMARYNAM": "FERRY RD", "ALIAS1": null, "ALIAS2": null, "ALIAS3": null, "ALIAS4": null, "ALIAS5": "5/12/2015 11:57:56 PM", "PRIMARYADD": "170 FERRY RD", "SITETYPE": "FIRE STATION", "TOWNNAME": "CHARLOTTE", "MCODE": 543, "ESN": 116, "ZIP": "05445", "PARCELNUM": "00061-0170.", "GPSX": -73.25055067, "GPSY": 44.31117977, "MAPYEAR": "1998-01-01", "UPDATEDATE": "2023-01-27", "STATE": "VT", "FIPS8": 5007, "SPAN": "138-043-10286", "SUBTYPE": 0, "GlobalID_1": "6e312b68-c004-43f9-b182-bdfccdf501ee", "UNITCOUNT": 1, "PRIMARYA_1": "170 FERRY RD CHARLOTTE", "PRIMARYA_2": "170 FERRY RD CHARLOTTE VT 05445", "SITETYPE_M": null, "SITETYPE_1": null, "SITETYPE_2": null, "SITETYPE_3": null, "SITETYPE_4": null, "COUNTY": "CHITTENDEN", "COUNTRY": "US", "SOURCEOFDA": "Vermont Enhanced 911 Board", "DRIVEWAYID": 0, "ESZ": "00116", "HOUSE_NUMB": 170, "HOUSE_NU_1": null, "HOUSE_NU_2": null, "FIPS": "5007" }, "geometry": { "type": "Point", "coordinates": [ -73.250550529800464, 44.311177344684396 ] } },
{ "type": "Feature", "properties": { "SEGMENTID": 86006, "ESITEID": 451154, "GEONAMEID": 409180, "PD": null, "PT": null, "SN": "WELCH PARK", "ST": "DR", "SD": null, "PRIMARYNAM": "WELCH PARK DR", "ALIAS1": null, "ALIAS2": null, "ALIAS3": null, "ALIAS4": null, "ALIAS5": "7/28/2022 11:05:58 AM", "PRIMARYADD": "67 WELCH PARK DR", "SITETYPE": "FIRE STATION", "TOWNNAME": "MIDDLESEX", "MCODE": 622, "ESN": 293, "ZIP": "05602", "PARCELNUM": "US002-039.007", "GPSX": -72.69443443, "GPSY": 44.29935823, "MAPYEAR": "2014-04-03", "UPDATEDATE": "2023-01-28", "STATE": "VT", "FIPS8": 5023, "SPAN": "390-121-10566", "SUBTYPE": 0, "GlobalID_1": "df368c4e-7e26-44d3-8af4-f23a10d773f8", "UNITCOUNT": 1, "PRIMARYA_1": "67 WELCH PARK DR MIDDLESEX", "PRIMARYA_2": "67 WELCH PARK DR MIDDLESEX VT 05602", "SITETYPE_M": null, "SITETYPE_1": null, "SITETYPE_2": null, "SITETYPE_3": null, "SITETYPE_4": null, "COUNTY": "WASHINGTON", "COUNTRY": "US", "SOURCEOFDA": "Vermont Enhanced 911 Board", "DRIVEWAYID": 0, "ESZ": "00293", "HOUSE_NUMB": 67, "HOUSE_NU_1": null, "HOUSE_NU_2": null, "FIPS": "5023" }, "geometry": { "type": "Point", "coordinates": [ -72.69443372280945, 44.299356683221596 ] } },
{ "type": "Feature", "properties": { "SEGMENTID": 4301, "ESITEID": 189340, "GEONAMEID": 15157, "PD": null, "PT": null, "SN": "MAIN", "ST": "ST", "SD": null, "PRIMARYNAM": "MAIN ST", "ALIAS1": null, "ALIAS2": null, "ALIAS3": null, "ALIAS4": null, "ALIAS5": "5/12/2015 9:20:35 PM", "PRIMARYADD": "169 MAIN ST", "SITETYPE": "FIRE STATION", "TOWNNAME": "PLAINFIELD", "MCODE": 651, "ESN": 194, "ZIP": "05667", "PARCELNUM": "003-0169.", "GPSX": -72.42243074, "GPSY": 44.2778706, "MAPYEAR": "1998-01-01", "UPDATEDATE": "2023-01-27", "STATE": "VT", "FIPS8": 5023, "SPAN": "483-152-10419", "SUBTYPE": 0, "GlobalID_1": "623c7de0-3921-4fe0-b5a4-b35d2d098a1a", "UNITCOUNT": 1, "PRIMARYA_1": "169 MAIN ST PLAINFIELD", "PRIMARYA_2": "169 MAIN ST PLAINFIELD VT 05667", "SITETYPE_M": null, "SITETYPE_1": null, "SITETYPE_2": null, "SITETYPE_3": null, "SITETYPE_4": null, "COUNTY": "WASHINGTON", "COUNTRY": "US", "SOURCEOFDA": "Vermont Enhanced 911 Board", "DRIVEWAYID": 0, "ESZ": "00194", "HOUSE_NUMB": 169, "HOUSE_NU_1": null, "HOUSE_NU_2": null, "FIPS": "5023" }, "geometry": { "type": "Point", "coordinates": [ -72.42243047229104, 44.277869015157187 ] } },
{ "type": "Feature", "properties": { "SEGMENTID": 43007, "ESITEID": 266947, "GEONAMEID": 21378, "PD": null, "PT": null, "SN": "VT ROUTE 113", "ST": null, "SD": null, "PRIMARYNAM": "VT ROUTE 113", "ALIAS1": null, "ALIAS2": "ROUTE 113", "ALIAS3": null, "ALIAS4": null, "ALIAS5": "6/3/2015 9:45:57 AM", "PRIMARYADD": "9111 VT ROUTE 113", "SITETYPE": "FIRE STATION", "TOWNNAME": "VERSHIRE", "MCODE": 711, "ESN": 345, "ZIP": "05079", "PARCELNUM": "01-81.000", "GPSX": -72.36330818, "GPSY": 43.98171021, "MAPYEAR": "1998-01-01", "UPDATEDATE": "2023-01-27", "STATE": "VT", "FIPS8": 5017, "SPAN": "669-212-10410", "SUBTYPE": 0, "GlobalID_1": "283c2031-d478-4b11-bea7-fbc33ef49e33", "UNITCOUNT": 1, "PRIMARYA_1": "9111 VT ROUTE 113 VERSHIRE", "PRIMARYA_2": "9111 VT ROUTE 113 VERSHIRE VT 05079", "SITETYPE_M": null, "SITETYPE_1": null, "SITETYPE_2": null, "SITETYPE_3": null, "SITETYPE_4": null, "COUNTY": "ORANGE", "COUNTRY": "US", "SOURCEOFDA": "Vermont Enhanced 911 Board", "DRIVEWAYID": 0, "ESZ": "00345", "HOUSE_NUMB": 9111, "HOUSE_NU_1": null, "HOUSE_NU_2": null, "FIPS": "5017" }, "geometry": { "type": "Point", "coordinates": [ -72.363306618084152, 43.981708069179597 ] } },
{ "type": "Feature", "properties": { "SEGMENTID": 26544, "ESITEID": 162742, "GEONAMEID": 12401, "PD": null, "PT": null, "SN": "STATES PRISON HOLLOW", "ST": "RD", "SD": null, "PRIMARYNAM": "STATES PRISON HOLLOW RD", "ALIAS1": null, "ALIAS2": null, "ALIAS3": null, "ALIAS4": null, "ALIAS5": "4/26/2018 2:40:48 PM", "PRIMARYADD": "3747 STATES PRISON HOLLOW RD", "SITETYPE": "FIRE STATION", "TOWNNAME": "MONKTON", "MCODE": 625, "ESN": 207, "ZIP": "05443", "PARCELNUM": "05.104.020.00E", "GPSX": -73.11149499, "GPSY": 44.25550472, "MAPYEAR": "1998-01-01", "UPDATEDATE": "2023-01-27", "STATE": "VT", "FIPS8": 5001, "SPAN": "399-124-10813", "SUBTYPE": 0, "GlobalID_1": "47f025b1-a7b0-4f26-bb82-52ecffac20a8", "UNITCOUNT": 1, "PRIMARYA_1": "3747 STATES PRISON HOLLOW RD MONKTON", "PRIMARYA_2": "3747 STATES PRISON HOLLOW RD MONKTON VT 05443", "SITETYPE_M": null, "SITETYPE_1": null, "SITETYPE_2": null, "SITETYPE_3": null, "SITETYPE_4": null, "COUNTY": "ADDISON", "COUNTRY": "US", "SOURCEOFDA": "Vermont Enhanced 911 Board", "DRIVEWAYID": 0, "ESZ": "00207", "HOUSE_NUMB": 3747, "HOUSE_NU_1": null, "HOUSE_NU_2": null, "FIPS": "5001" }, "geometry": { "type": "Point", "coordinates": [ -73.111494501224698, 44.255502594459273 ] } },
{ "type": "Feature", "properties": { "SEGMENTID": 57138, "ESITEID": 111964, "GEONAMEID": 8184, "PD": null, "PT": null, "SN": "GLOVER", "ST": "ST", "SD": null, "PRIMARYNAM": "GLOVER ST", "ALIAS1": "VT 16 BARTON LINE TO VT 122", "ALIAS2": null, "ALIAS3": null, "ALIAS4": null, "ALIAS5": null, "PRIMARYADD": "3132 GLOVER ST", "SITETYPE": "FIRE STATION", "TOWNNAME": "GLOVER", "MCODE": 577, "ESN": 144, "ZIP": "05839", "PARCELNUM": "VT16106.", "GPSX": -72.18957205, "GPSY": 44.7044394, "MAPYEAR": "1998-01-01", "UPDATEDATE": "2023-03-28", "STATE": "VT", "FIPS8": 5019, "SPAN": "243-077-10303", "SUBTYPE": 0, "GlobalID_1": "cda2d3ef-79c2-426f-9cda-55a9649200a0", "UNITCOUNT": 1, "PRIMARYA_1": "3132 GLOVER ST GLOVER", "PRIMARYA_2": "3132 GLOVER ST GLOVER VT 05839", "SITETYPE_M": null, "SITETYPE_1": null, "SITETYPE_2": null, "SITETYPE_3": null, "SITETYPE_4": null, "COUNTY": "ORLEANS", "COUNTRY": "US", "SOURCEOFDA": "Vermont Enhanced 911 Board", "DRIVEWAYID": 0, "ESZ": "00144", "HOUSE_NUMB": 3132, "HOUSE_NU_1": null, "HOUSE_NU_2": null, "FIPS": "5019" }, "geometry": { "type": "Point", "coordinates": [ -72.189572302410156, 44.704437796731234 ] } },
{ "type": "Feature", "properties": { "SEGMENTID": 39296, "ESITEID": 125905, "GEONAMEID": 9611, "PD": null, "PT": null, "SN": "VT ROUTE 12", "ST": null, "SD": null, "PRIMARYNAM": "VT ROUTE 12", "ALIAS1": null, "ALIAS2": null, "ALIAS3": null, "ALIAS4": null, "ALIAS5": "5/13/2015 12:30:23 AM", "PRIMARYADD": "57 VT ROUTE 12", "SITETYPE": "FIRE STATION", "TOWNNAME": "HARTLAND", "MCODE": 592, "ESN": 296, "ZIP": "05048", "PARCELNUM": "007225-000", "GPSX": -72.40789684000001, "GPSY": 43.54461138, "MAPYEAR": "1998-01-01", "UPDATEDATE": "2023-01-28", "STATE": "VT", "FIPS8": 5027, "SPAN": "288-091-11335", "SUBTYPE": 0, "GlobalID_1": "70eb2c8c-6141-4798-b9fa-7534e441d2d3", "UNITCOUNT": 1, "PRIMARYA_1": "57 VT ROUTE 12 HARTLAND", "PRIMARYA_2": "57 VT ROUTE 12 HARTLAND VT 05048", "SITETYPE_M": null, "SITETYPE_1": null, "SITETYPE_2": null, "SITETYPE_3": null, "SITETYPE_4": null, "COUNTY": "WINDSOR", "COUNTRY": "US", "SOURCEOFDA": "Vermont Enhanced 911 Board", "DRIVEWAYID": 0, "ESZ": "00296", "HOUSE_NUMB": 57, "HOUSE_NU_1": null, "HOUSE_NU_2": null, "FIPS": "5027" }, "geometry": { "type": "Point", "coordinates": [ -72.407896164821366, 43.54460968398368 ] } },
{ "type": "Feature", "properties": { "SEGMENTID": 35306, "ESITEID": 617596, "GEONAMEID": 623, "PD": null, "PT": null, "SN": "NORTH", "ST": "RD", "SD": null, "PRIMARYNAM": "NORTH RD", "ALIAS1": null, "ALIAS2": null, "ALIAS3": null, "ALIAS4": null, "ALIAS5": null, "PRIMARYADD": "117 NORTH RD", "SITETYPE": "FIRE STATION", "TOWNNAME": "BARNARD", "MCODE": 508, "ESN": 363, "ZIP": "05031", "PARCELNUM": "01-0288.", "GPSX": -72.61772073, "GPSY": 43.73056543, "MAPYEAR": "2017-10-06", "UPDATEDATE": "2023-08-09", "STATE": "VT", "FIPS8": 5027, "SPAN": "030-009-10288", "SUBTYPE": 0, "GlobalID_1": "ca3a495b-fb13-47eb-83aa-01a669456e59", "UNITCOUNT": 1, "PRIMARYA_1": "117 NORTH RD BARNARD", "PRIMARYA_2": "117 NORTH RD BARNARD VT 05031", "SITETYPE_M": "COMMUNICATION BOX", "SITETYPE_1": null, "SITETYPE_2": null, "SITETYPE_3": null, "SITETYPE_4": null, "COUNTY": "WINDSOR", "COUNTRY": "US", "SOURCEOFDA": "Vermont Enhanced 911 Board", "DRIVEWAYID": 0, "ESZ": "00363", "HOUSE_NUMB": 117, "HOUSE_NU_1": null, "HOUSE_NU_2": null, "FIPS": "5027" }, "geometry": { "type": "Point", "coordinates": [ -72.617719909009949, 43.730563734754341 ] } },
{ "type": "Feature", "properties": { "SEGMENTID": 254006, "ESITEID": 195720, "GEONAMEID": 536083, "PD": null, "PT": null, "SN": "CARL SNYDER", "ST": "DR", "SD": null, "PRIMARYNAM": "CARL SNYDER DR", "ALIAS1": null, "ALIAS2": null, "ALIAS3": null, "ALIAS4": null, "ALIAS5": "7/2/2020 1:49:57 PM", "PRIMARYADD": "21 CARL SNYDER DR", "SITETYPE": "FIRE STATION", "TOWNNAME": "PUTNEY", "MCODE": 657, "ESN": 333, "ZIP": "05346", "PARCELNUM": "110123.", "GPSX": -72.52307177, "GPSY": 42.96643829, "MAPYEAR": "1998-01-01", "UPDATEDATE": "2023-01-28", "STATE": "VT", "FIPS8": 5025, "SPAN": "504-158-10948", "SUBTYPE": 0, "GlobalID_1": "1f589e5d-fb37-4a08-8a03-0466cfb613fc", "UNITCOUNT": 1, "PRIMARYA_1": "21 CARL SNYDER DR PUTNEY", "PRIMARYA_2": "21 CARL SNYDER DR PUTNEY VT 05346", "SITETYPE_M": null, "SITETYPE_1": null, "SITETYPE_2": null, "SITETYPE_3": null, "SITETYPE_4": null, "COUNTY": "WINDHAM", "COUNTRY": "US", "SOURCEOFDA": "Vermont Enhanced 911 Board", "DRIVEWAYID": 0, "ESZ": "00333", "HOUSE_NUMB": 21, "HOUSE_NU_1": null, "HOUSE_NU_2": null, "FIPS": "5025" }, "geometry": { "type": "Point", "coordinates": [ -72.523072153343264, 42.966437356693859 ] } },
{ "type": "Feature", "properties": { "SEGMENTID": 1518, "ESITEID": 224631, "GEONAMEID": 18443, "PD": null, "PT": null, "SN": "RIVER", "ST": "RD", "SD": null, "PRIMARYNAM": "RIVER RD", "ALIAS1": null, "ALIAS2": null, "ALIAS3": null, "ALIAS4": null, "ALIAS5": "2/14/2019 12:24:06 PM", "PRIMARYADD": "3852 RIVER RD", "SITETYPE": "FIRE STATION", "TOWNNAME": "KILLINGTON", "MCODE": 680, "ESN": 165, "ZIP": "05751", "PARCELNUM": "11146-", "GPSX": -72.77325138, "GPSY": 43.66002409, "MAPYEAR": "1998-01-01", "UPDATEDATE": "2023-01-27", "STATE": "VT", "FIPS8": 5021, "SPAN": "588-185-11146", "SUBTYPE": 0, "GlobalID_1": "17da0b28-d6b7-4964-be05-9aab8d6f27b5", "UNITCOUNT": 1, "PRIMARYA_1": "3852 RIVER RD KILLINGTON", "PRIMARYA_2": "3852 RIVER RD KILLINGTON VT 05751", "SITETYPE_M": null, "SITETYPE_1": null, "SITETYPE_2": null, "SITETYPE_3": null, "SITETYPE_4": null, "COUNTY": "RUTLAND", "COUNTRY": "US", "SOURCEOFDA": "Vermont Enhanced 911 Board", "DRIVEWAYID": 0, "ESZ": "00165", "HOUSE_NUMB": 3852, "HOUSE_NU_1": null, "HOUSE_NU_2": null, "FIPS": "5021" }, "geometry": { "type": "Point", "coordinates": [ -72.773250730970233, 43.660022542331447 ] } },
{ "type": "Feature", "properties": { "SEGMENTID": 61268, "ESITEID": 214265, "GEONAMEID": 17544, "PD": null, "PT": null, "SN": "MCKINLEY", "ST": "AVE", "SD": null, "PRIMARYNAM": "MCKINLEY AVE", "ALIAS1": null, "ALIAS2": null, "ALIAS3": null, "ALIAS4": null, "ALIAS5": "5/12/2015 9:33:55 PM", "PRIMARYADD": "272 MCKINLEY AVE", "SITETYPE": "FIRE STATION", "TOWNNAME": "RUTLAND TOWN", "MCODE": 670, "ESN": 220, "ZIP": "05701", "PARCELNUM": "00108-0272-", "GPSX": -72.98036062, "GPSY": 43.63536605, "MAPYEAR": "1998-01-01", "UPDATEDATE": "2023-01-27", "STATE": "VT", "FIPS8": 5021, "SPAN": "543-171-11707", "SUBTYPE": 0, "GlobalID_1": "544ab916-2a88-4f68-b73b-778521f4f498", "UNITCOUNT": 1, "PRIMARYA_1": "272 MCKINLEY AVE RUTLAND TOWN", "PRIMARYA_2": "272 MCKINLEY AVE RUTLAND TOWN VT 05701", "SITETYPE_M": null, "SITETYPE_1": null, "SITETYPE_2": null, "SITETYPE_3": null, "SITETYPE_4": null, "COUNTY": "RUTLAND", "COUNTRY": "US", "SOURCEOFDA": "Vermont Enhanced 911 Board", "DRIVEWAYID": 0, "ESZ": "00220", "HOUSE_NUMB": 272, "HOUSE_NU_1": null, "HOUSE_NU_2": null, "FIPS": "5021" }, "geometry": { "type": "Point", "coordinates": [ -72.980359978666513, 43.635364525904137 ] } },
{ "type": "Feature", "properties": { "SEGMENTID": 49898, "ESITEID": 215927, "GEONAMEID": 17668, "PD": null, "PT": null, "SN": "CREAMERY", "ST": "RD", "SD": null, "PRIMARYNAM": "CREAMERY RD", "ALIAS1": null, "ALIAS2": null, "ALIAS3": null, "ALIAS4": null, "ALIAS5": "3/15/2016 11:34:05 AM", "PRIMARYADD": "1429 CREAMERY RD", "SITETYPE": "FIRE STATION", "TOWNNAME": "RYEGATE", "MCODE": 671, "ESN": 139, "ZIP": "05069", "PARCELNUM": "17005019.", "GPSX": -72.14288108, "GPSY": 44.18932716, "MAPYEAR": "1998-01-01", "UPDATEDATE": "2023-01-27", "STATE": "VT", "FIPS8": 5005, "SPAN": "546-172-10118", "SUBTYPE": 0, "GlobalID_1": "6c199001-3129-4903-9ba8-8a1a44ac6d7c", "UNITCOUNT": 1, "PRIMARYA_1": "1429 CREAMERY RD RYEGATE", "PRIMARYA_2": "1429 CREAMERY RD RYEGATE VT 05069", "SITETYPE_M": null, "SITETYPE_1": null, "SITETYPE_2": null, "SITETYPE_3": null, "SITETYPE_4": null, "COUNTY": "CALEDONIA", "COUNTRY": "US", "SOURCEOFDA": "Vermont Enhanced 911 Board", "DRIVEWAYID": 0, "ESZ": "00139", "HOUSE_NUMB": 1429, "HOUSE_NU_1": null, "HOUSE_NU_2": null, "FIPS": "5005" }, "geometry": { "type": "Point", "coordinates": [ -72.142880612195057, 44.189325083818595 ] } },
{ "type": "Feature", "properties": { "SEGMENTID": 310966, "ESITEID": 283281, "GEONAMEID": 23003, "PD": null, "PT": null, "SN": "WRIGHT", "ST": "WAY", "SD": null, "PRIMARYNAM": "WRIGHT WAY", "ALIAS1": null, "ALIAS2": null, "ALIAS3": null, "ALIAS4": null, "ALIAS5": "9/23/2016 9:54:40 AM", "PRIMARYADD": "33 WRIGHT WAY", "SITETYPE": "FIRE STATION", "TOWNNAME": "WESTMINSTER", "MCODE": 731, "ESN": 157, "ZIP": "05346", "PARCELNUM": "010057.300", "GPSX": -72.54164123, "GPSY": 43.06939315, "MAPYEAR": "1998-01-01", "UPDATEDATE": "2023-01-27", "STATE": "VT", "FIPS8": 5025, "SPAN": "726-231-11538", "SUBTYPE": 0, "GlobalID_1": "fd195cd2-05d6-453f-8c56-ee0346740013", "UNITCOUNT": 1, "PRIMARYA_1": "33 WRIGHT WAY WESTMINSTER", "PRIMARYA_2": "33 WRIGHT WAY WESTMINSTER VT 05346", "SITETYPE_M": null, "SITETYPE_1": null, "SITETYPE_2": null, "SITETYPE_3": null, "SITETYPE_4": null, "COUNTY": "WINDHAM", "COUNTRY": "US", "SOURCEOFDA": "Vermont Enhanced 911 Board", "DRIVEWAYID": 0, "ESZ": "00157", "HOUSE_NUMB": 33, "HOUSE_NU_1": null, "HOUSE_NU_2": null, "FIPS": "5025" }, "geometry": { "type": "Point", "coordinates": [ -72.541641712249131, 43.069391969733438 ] } },
{ "type": "Feature", "properties": { "SEGMENTID": 4309, "ESITEID": 267728, "GEONAMEID": 21482, "PD": null, "PT": null, "SN": "MAIN", "ST": "ST", "SD": null, "PRIMARYNAM": "MAIN ST", "ALIAS1": "ROUTE 100", "ALIAS2": null, "ALIAS3": null, "ALIAS4": null, "ALIAS5": "8/6/2020 2:25:13 PM", "PRIMARYADD": "4103 MAIN ST", "SITETYPE": "FIRE STATION", "TOWNNAME": "WAITSFIELD", "MCODE": 713, "ESN": 282, "ZIP": "05673", "PARCELNUM": "099051100.", "GPSX": -72.82034717000001, "GPSY": 44.19308505, "MAPYEAR": "1998-01-01", "UPDATEDATE": "2023-01-27", "STATE": "VT", "FIPS8": 5023, "SPAN": "675-214-11047", "SUBTYPE": 0, "GlobalID_1": "26d7e5a2-b3fd-4e17-864c-b3997c44975b", "UNITCOUNT": 1, "PRIMARYA_1": "4103 MAIN ST WAITSFIELD", "PRIMARYA_2": "4103 MAIN ST WAITSFIELD VT 05673", "SITETYPE_M": null, "SITETYPE_1": null, "SITETYPE_2": null, "SITETYPE_3": null, "SITETYPE_4": null, "COUNTY": "WASHINGTON", "COUNTRY": "US", "SOURCEOFDA": "Vermont Enhanced 911 Board", "DRIVEWAYID": 0, "ESZ": "00282", "HOUSE_NUMB": 4103, "HOUSE_NU_1": null, "HOUSE_NU_2": null, "FIPS": "5023" }, "geometry": { "type": "Point", "coordinates": [ -72.820346309057044, 44.193083370745384 ] } },
{ "type": "Feature", "properties": { "SEGMENTID": 47504, "ESITEID": 65415, "GEONAMEID": 4743, "PD": null, "PT": null, "SN": "VT ROUTE 110", "ST": null, "SD": null, "PRIMARYNAM": "VT ROUTE 110", "ALIAS1": "ROUTE 110", "ALIAS2": null, "ALIAS3": null, "ALIAS4": null, "ALIAS5": "3/21/2018 3:22:20 PM", "PRIMARYADD": "324 VT ROUTE 110", "SITETYPE": "FIRE STATION", "TOWNNAME": "CHELSEA", "MCODE": 544, "ESN": 181, "ZIP": "05038", "PARCELNUM": "110-073.100", "GPSX": -72.44689561, "GPSY": 43.99156685, "MAPYEAR": "1998-01-01", "UPDATEDATE": "2023-01-27", "STATE": "VT", "FIPS8": 5017, "SPAN": "141-044-10203", "SUBTYPE": 0, "GlobalID_1": "8fcf2464-bfbe-4d51-8a7e-cd04c3bc1401", "UNITCOUNT": 1, "PRIMARYA_1": "324 VT ROUTE 110 CHELSEA", "PRIMARYA_2": "324 VT ROUTE 110 CHELSEA VT 05038", "SITETYPE_M": null, "SITETYPE_1": null, "SITETYPE_2": null, "SITETYPE_3": null, "SITETYPE_4": null, "COUNTY": "ORANGE", "COUNTRY": "US", "SOURCEOFDA": "Vermont Enhanced 911 Board", "DRIVEWAYID": 0, "ESZ": "00181", "HOUSE_NUMB": 324, "HOUSE_NU_1": null, "HOUSE_NU_2": null, "FIPS": "5017" }, "geometry": { "type": "Point", "coordinates": [ -72.446894410245108, 43.99156492944077 ] } },
{ "type": "Feature", "properties": { "SEGMENTID": 20214, "ESITEID": 226405, "GEONAMEID": 18684, "PD": null, "PT": null, "SN": "COLD RIVER", "ST": "RD", "SD": null, "PRIMARYNAM": "COLD RIVER RD", "ALIAS1": null, "ALIAS2": null, "ALIAS3": null, "ALIAS4": null, "ALIAS5": "7/14/2022 12:23:22 PM", "PRIMARYADD": "9800 COLD RIVER RD", "SITETYPE": "FIRE STATION", "TOWNNAME": "SHREWSBURY", "MCODE": 682, "ESN": 380, "ZIP": "05738", "PARCELNUM": "001-0-9800", "GPSX": -72.82897865, "GPSY": 43.52928909, "MAPYEAR": "1998-01-01", "UPDATEDATE": "2023-01-27", "STATE": "VT", "FIPS8": 5021, "SPAN": "594-187-10600", "SUBTYPE": 0, "GlobalID_1": "5bd63c03-a5dc-4aab-bb65-6cde688c80cc", "UNITCOUNT": 1, "PRIMARYA_1": "9800 COLD RIVER RD SHREWSBURY", "PRIMARYA_2": "9800 COLD RIVER RD SHREWSBURY VT 05738", "SITETYPE_M": null, "SITETYPE_1": null, "SITETYPE_2": null, "SITETYPE_3": null, "SITETYPE_4": null, "COUNTY": "RUTLAND", "COUNTRY": "US", "SOURCEOFDA": "Vermont Enhanced 911 Board", "DRIVEWAYID": 0, "ESZ": "00380", "HOUSE_NUMB": 9800, "HOUSE_NU_1": null, "HOUSE_NU_2": null, "FIPS": "5021" }, "geometry": { "type": "Point", "coordinates": [ -72.828978157442634, 43.529287689186098 ] } },
{ "type": "Feature", "properties": { "SEGMENTID": 8979, "ESITEID": 191539, "GEONAMEID": 15490, "PD": null, "PT": null, "SN": "DEPOT", "ST": "ST", "SD": null, "PRIMARYNAM": "DEPOT ST", "ALIAS1": null, "ALIAS2": null, "ALIAS3": null, "ALIAS4": null, "ALIAS5": "5/12/2015 11:07:51 PM", "PRIMARYADD": "98 DEPOT ST", "SITETYPE": "FIRE STATION", "TOWNNAME": "POULTNEY", "MCODE": 654, "ESN": 304, "ZIP": "05764", "PARCELNUM": "215244-", "GPSX": -73.23632908, "GPSY": 43.51849472, "MAPYEAR": "1998-01-01", "UPDATEDATE": "2023-01-27", "STATE": "VT", "FIPS8": 5021, "SPAN": "492-155-11327", "SUBTYPE": 0, "GlobalID_1": "d34d72d3-3b27-41c4-bd32-d18c2d6ce655", "UNITCOUNT": 1, "PRIMARYA_1": "98 DEPOT ST POULTNEY", "PRIMARYA_2": "98 DEPOT ST POULTNEY VT 05764", "SITETYPE_M": null, "SITETYPE_1": null, "SITETYPE_2": null, "SITETYPE_3": null, "SITETYPE_4": null, "COUNTY": "RUTLAND", "COUNTRY": "US", "SOURCEOFDA": "Vermont Enhanced 911 Board", "DRIVEWAYID": 0, "ESZ": "00304", "HOUSE_NUMB": 98, "HOUSE_NU_1": null, "HOUSE_NU_2": null, "FIPS": "5021" }, "geometry": { "type": "Point", "coordinates": [ -73.236328257976183, 43.518493550465848 ] } },
{ "type": "Feature", "properties": { "SEGMENTID": 37482, "ESITEID": 193065, "GEONAMEID": 15649, "PD": null, "PT": null, "SN": "VT ROUTE 346", "ST": null, "SD": null, "PRIMARYNAM": "VT ROUTE 346", "ALIAS1": null, "ALIAS2": "ROUTE 346", "ALIAS3": null, "ALIAS4": null, "ALIAS5": "6/1/2021 10:10:45 AM", "PRIMARYADD": "3137 VT ROUTE 346", "SITETYPE": "FIRE STATION", "TOWNNAME": "POWNAL", "MCODE": 655, "ESN": 390, "ZIP": "05261", "PARCELNUM": "346-76.1", "GPSX": -73.26596069, "GPSY": 42.79855346, "MAPYEAR": "1998-01-01", "UPDATEDATE": "2025-04-18", "STATE": "VT", "FIPS8": 5003, "SPAN": "495-156-11978", "SUBTYPE": 0, "GlobalID_1": "528bace9-bf1a-4a51-af1c-11abceafa265", "UNITCOUNT": 1, "PRIMARYA_1": "3137 VT ROUTE 346 POWNAL", "PRIMARYA_2": "3137 VT ROUTE 346 POWNAL VT 05261", "SITETYPE_M": null, "SITETYPE_1": null, "SITETYPE_2": null, "SITETYPE_3": null, "SITETYPE_4": null, "COUNTY": "BENNINGTON", "COUNTRY": "US", "SOURCEOFDA": "Vermont Enhanced 911 Board", "DRIVEWAYID": 0, "ESZ": "00390", "HOUSE_NUMB": 3137, "HOUSE_NU_1": null, "HOUSE_NU_2": null, "FIPS": "5003" }, "geometry": { "type": "Point", "coordinates": [ -73.266035188830841, 42.798631718374558 ] } },
{ "type": "Feature", "properties": { "SEGMENTID": 39725, "ESITEID": 217476, "GEONAMEID": 17935, "PD": null, "PT": null, "SN": "OLD DEPOT", "ST": "RD", "SD": null, "PRIMARYNAM": "OLD DEPOT RD", "ALIAS1": null, "ALIAS2": null, "ALIAS3": null, "ALIAS4": null, "ALIAS5": "9/1/2022 9:36:21 AM", "PRIMARYADD": "364 OLD DEPOT RD", "SITETYPE": "FIRE STATION", "TOWNNAME": "SHAFTSBURY", "MCODE": 675, "ESN": 178, "ZIP": "05262", "PARCELNUM": "030132.", "GPSX": -73.18976635, "GPSY": 43.0106884, "MAPYEAR": "1998-01-01", "UPDATEDATE": "2023-01-27", "STATE": "VT", "FIPS8": 5003, "SPAN": "573-180-11935", "SUBTYPE": 0, "GlobalID_1": "8b573009-b646-4595-85d6-b6b447f5625e", "UNITCOUNT": 1, "PRIMARYA_1": "364 OLD DEPOT RD SHAFTSBURY", "PRIMARYA_2": "364 OLD DEPOT RD SHAFTSBURY VT 05262", "SITETYPE_M": null, "SITETYPE_1": null, "SITETYPE_2": null, "SITETYPE_3": null, "SITETYPE_4": null, "COUNTY": "BENNINGTON", "COUNTRY": "US", "SOURCEOFDA": "Vermont Enhanced 911 Board", "DRIVEWAYID": 0, "ESZ": "00178", "HOUSE_NUMB": 364, "HOUSE_NU_1": null, "HOUSE_NU_2": null, "FIPS": "5003" }, "geometry": { "type": "Point", "coordinates": [ -73.18976643955223, 43.010687985852464 ] } },
{ "type": "Feature", "properties": { "SEGMENTID": 751270, "ESITEID": 71881, "GEONAMEID": 5142, "PD": null, "PT": null, "SN": "MAIN", "ST": "ST", "SD": null, "PRIMARYNAM": "MAIN ST", "ALIAS1": null, "ALIAS2": null, "ALIAS3": null, "ALIAS4": null, "ALIAS5": "3/22/2022 10:00:59 AM", "PRIMARYADD": "483 MAIN ST", "SITETYPE": "FIRE STATION", "TOWNNAME": "COLCHESTER", "MCODE": 548, "ESN": 320, "ZIP": "05446", "PARCELNUM": "26-031003-0000000", "GPSX": -73.15630103, "GPSY": 44.54727862, "MAPYEAR": "1998-01-01", "UPDATEDATE": "2023-01-27", "STATE": "VT", "FIPS8": 5007, "SPAN": "153-048-17828", "SUBTYPE": 0, "GlobalID_1": "8dd193a7-1d02-4da0-a6d0-489e0abbfa41", "UNITCOUNT": 1, "PRIMARYA_1": "483 MAIN ST COLCHESTER", "PRIMARYA_2": "483 MAIN ST COLCHESTER VT 05446", "SITETYPE_M": "COMMUNICATION TOWER", "SITETYPE_1": null, "SITETYPE_2": null, "SITETYPE_3": null, "SITETYPE_4": null, "COUNTY": "CHITTENDEN", "COUNTRY": "US", "SOURCEOFDA": "Vermont Enhanced 911 Board", "DRIVEWAYID": 0, "ESZ": "00320", "HOUSE_NUMB": 483, "HOUSE_NU_1": null, "HOUSE_NU_2": null, "FIPS": "5007" }, "geometry": { "type": "Point", "coordinates": [ -73.156301188476462, 44.547276091743925 ] } },
{ "type": "Feature", "properties": { "SEGMENTID": 53668, "ESITEID": 130605, "GEONAMEID": 10089, "PD": null, "PT": null, "SN": "HORTONIA", "ST": "RD", "SD": null, "PRIMARYNAM": "HORTONIA RD", "ALIAS1": null, "ALIAS2": null, "ALIAS3": null, "ALIAS4": null, "ALIAS5": "5/13/2015 2:02:52 PM", "PRIMARYADD": "2125 HORTONIA RD", "SITETYPE": "FIRE STATION", "TOWNNAME": "HUBBARDTON", "MCODE": 596, "ESN": 328, "ZIP": "05743", "PARCELNUM": "04/011.", "GPSX": -73.22200012, "GPSY": 43.71992874, "MAPYEAR": "1998-01-01", "UPDATEDATE": "2023-01-27", "STATE": "VT", "FIPS8": 5021, "SPAN": "300-095-10338", "SUBTYPE": 0, "GlobalID_1": "4265e5c0-3ab8-4242-ae73-358ebe740491", "UNITCOUNT": 1, "PRIMARYA_1": "2125 HORTONIA RD HUBBARDTON", "PRIMARYA_2": "2125 HORTONIA RD HUBBARDTON VT 05743", "SITETYPE_M": null, "SITETYPE_1": null, "SITETYPE_2": null, "SITETYPE_3": null, "SITETYPE_4": null, "COUNTY": "RUTLAND", "COUNTRY": "US", "SOURCEOFDA": "Vermont Enhanced 911 Board", "DRIVEWAYID": 0, "ESZ": "00328", "HOUSE_NUMB": 2125, "HOUSE_NU_1": null, "HOUSE_NU_2": null, "FIPS": "5021" }, "geometry": { "type": "Point", "coordinates": [ -73.221999063426509, 43.719926973997474 ] } },
{ "type": "Feature", "properties": { "SEGMENTID": 61482, "ESITEID": 196946, "GEONAMEID": 16115, "PD": null, "PT": null, "SN": "CENTRAL", "ST": "ST", "SD": null, "PRIMARYNAM": "CENTRAL ST", "ALIAS1": null, "ALIAS2": null, "ALIAS3": null, "ALIAS4": null, "ALIAS5": "12/19/2019 8:28:36 AM", "PRIMARYADD": "2 CENTRAL ST", "SITETYPE": "FIRE STATION", "TOWNNAME": "RANDOLPH", "MCODE": 658, "ESN": 411, "ZIP": "05060", "PARCELNUM": "207002.000", "GPSX": -72.66580964000001, "GPSY": 43.92777216, "MAPYEAR": "1998-01-01", "UPDATEDATE": "2023-01-27", "STATE": "VT", "FIPS8": 5017, "SPAN": "507-159-13330", "SUBTYPE": 0, "GlobalID_1": "c8276ab7-e832-4f1c-b1e7-a9300bea0b80", "UNITCOUNT": 1, "PRIMARYA_1": "2 CENTRAL ST RANDOLPH", "PRIMARYA_2": "2 CENTRAL ST RANDOLPH VT 05060", "SITETYPE_M": null, "SITETYPE_1": null, "SITETYPE_2": null, "SITETYPE_3": null, "SITETYPE_4": null, "COUNTY": "ORANGE", "COUNTRY": "US", "SOURCEOFDA": "Vermont Enhanced 911 Board", "DRIVEWAYID": 0, "ESZ": "00411", "HOUSE_NUMB": 2, "HOUSE_NU_1": null, "HOUSE_NU_2": null, "FIPS": "5017" }, "geometry": { "type": "Point", "coordinates": [ -72.665808677434399, 43.927770536507573 ] } },
{ "type": "Feature", "properties": { "SEGMENTID": 44095, "ESITEID": 210934, "GEONAMEID": 17226, "PD": null, "PT": null, "SN": "CENTER", "ST": "ST", "SD": null, "PRIMARYNAM": "CENTER ST", "ALIAS1": null, "ALIAS2": null, "ALIAS3": null, "ALIAS4": null, "ALIAS5": "5/12/2015 9:34:12 PM", "PRIMARYADD": "104 CENTER ST", "SITETYPE": "FIRE STATION", "TOWNNAME": "RUTLAND CITY", "MCODE": 669, "ESN": 336, "ZIP": "05701", "PARCELNUM": "20050-", "GPSX": -72.97286018, "GPSY": 43.60695746, "MAPYEAR": "1998-01-01", "UPDATEDATE": "2023-01-27", "STATE": "VT", "FIPS8": 5021, "SPAN": "540-170-20050", "SUBTYPE": 0, "GlobalID_1": "8179fa61-5b7e-4e0c-8273-f5068387b152", "UNITCOUNT": 1, "PRIMARYA_1": "104 CENTER ST RUTLAND CITY", "PRIMARYA_2": "104 CENTER ST RUTLAND CITY VT 05701", "SITETYPE_M": null, "SITETYPE_1": null, "SITETYPE_2": null, "SITETYPE_3": null, "SITETYPE_4": null, "COUNTY": "RUTLAND", "COUNTRY": "US", "SOURCEOFDA": "Vermont Enhanced 911 Board", "DRIVEWAYID": 0, "ESZ": "00336", "HOUSE_NUMB": 104, "HOUSE_NU_1": null, "HOUSE_NU_2": null, "FIPS": "5021" }, "geometry": { "type": "Point", "coordinates": [ -72.972859613069204, 43.606955979551778 ] } },
{ "type": "Feature", "properties": { "SEGMENTID": 4843, "ESITEID": 41934, "GEONAMEID": 3690, "PD": null, "PT": null, "SN": "VT ROUTE 5A", "ST": null, "SD": null, "PRIMARYNAM": "VT ROUTE 5A", "ALIAS1": "ROUTE 5A", "ALIAS2": null, "ALIAS3": null, "ALIAS4": null, "ALIAS5": "5/12/2015 7:33:20 PM", "PRIMARYADD": "42 VT ROUTE 5A", "SITETYPE": "FIRE STATION", "TOWNNAME": "BURKE", "MCODE": 534, "ESN": 434, "ZIP": "05871", "PARCELNUM": "03050012.000", "GPSX": -71.97923278, "GPSY": 44.64204788, "MAPYEAR": "1998-01-01", "UPDATEDATE": "2023-01-27", "STATE": "VT", "FIPS8": 5005, "SPAN": "111-034-11047", "SUBTYPE": 0, "GlobalID_1": "f697991a-9765-4712-aeb8-9e51c436ec48", "UNITCOUNT": 1, "PRIMARYA_1": "42 VT ROUTE 5A BURKE", "PRIMARYA_2": "42 VT ROUTE 5A BURKE VT 05871", "SITETYPE_M": null, "SITETYPE_1": null, "SITETYPE_2": null, "SITETYPE_3": null, "SITETYPE_4": null, "COUNTY": "CALEDONIA", "COUNTRY": "US", "SOURCEOFDA": "Vermont Enhanced 911 Board", "DRIVEWAYID": 0, "ESZ": "00434", "HOUSE_NUMB": 42, "HOUSE_NU_1": null, "HOUSE_NU_2": null, "FIPS": "5005" }, "geometry": { "type": "Point", "coordinates": [ -71.979233898611042, 44.642045844810298 ] } },
{ "type": "Feature", "properties": { "SEGMENTID": 39972, "ESITEID": 262950, "GEONAMEID": 21157, "PD": null, "PT": null, "SN": "MONARCH HILL", "ST": "RD", "SD": null, "PRIMARYNAM": "MONARCH HILL RD", "ALIAS1": null, "ALIAS2": null, "ALIAS3": null, "ALIAS4": null, "ALIAS5": "5/12/2015 9:29:03 PM", "PRIMARYADD": "4 MONARCH HILL RD", "SITETYPE": "FIRE STATION", "TOWNNAME": "TUNBRIDGE", "MCODE": 707, "ESN": 343, "ZIP": "05077", "PARCELNUM": "040004.41", "GPSX": -72.48722713, "GPSY": 43.89995049, "MAPYEAR": "1998-01-01", "UPDATEDATE": "2023-01-27", "STATE": "VT", "FIPS8": 5017, "SPAN": "657-207-10777", "SUBTYPE": 0, "GlobalID_1": "b5c1f556-35c3-4678-be05-c066a7e87b46", "UNITCOUNT": 1, "PRIMARYA_1": "4 MONARCH HILL RD TUNBRIDGE", "PRIMARYA_2": "4 MONARCH HILL RD TUNBRIDGE VT 05077", "SITETYPE_M": null, "SITETYPE_1": null, "SITETYPE_2": null, "SITETYPE_3": null, "SITETYPE_4": null, "COUNTY": "ORANGE", "COUNTRY": "US", "SOURCEOFDA": "Vermont Enhanced 911 Board", "DRIVEWAYID": 0, "ESZ": "00343", "HOUSE_NUMB": 4, "HOUSE_NU_1": null, "HOUSE_NU_2": null, "FIPS": "5017" }, "geometry": { "type": "Point", "coordinates": [ -72.487226135641819, 43.899948682783503 ] } },
{ "type": "Feature", "properties": { "SEGMENTID": 54302, "ESITEID": 89409, "GEONAMEID": 6534, "PD": null, "PT": null, "SN": "WEST", "ST": "ST", "SD": null, "PRIMARYNAM": "WEST ST", "ALIAS1": null, "ALIAS2": null, "ALIAS3": null, "ALIAS4": null, "ALIAS5": "5/13/2015 12:12:21 AM", "PRIMARYADD": "226 WEST ST", "SITETYPE": "FIRE STATION", "TOWNNAME": "DUMMERSTON", "MCODE": 559, "ESN": 217, "ZIP": "05301", "PARCELNUM": "000502.", "GPSX": -72.61186766, "GPSY": 42.92999495, "MAPYEAR": "1998-01-01", "UPDATEDATE": "2023-01-27", "STATE": "VT", "FIPS8": 5025, "SPAN": "186-059-11025", "SUBTYPE": 0, "GlobalID_1": "a5bd0f16-fc6b-4165-b762-b46304288a3c", "UNITCOUNT": 1, "PRIMARYA_1": "226 WEST ST DUMMERSTON", "PRIMARYA_2": "226 WEST ST DUMMERSTON VT 05301", "SITETYPE_M": null, "SITETYPE_1": null, "SITETYPE_2": null, "SITETYPE_3": null, "SITETYPE_4": null, "COUNTY": "WINDHAM", "COUNTRY": "US", "SOURCEOFDA": "Vermont Enhanced 911 Board", "DRIVEWAYID": 0, "ESZ": "00217", "HOUSE_NUMB": 226, "HOUSE_NU_1": null, "HOUSE_NU_2": null, "FIPS": "5025" }, "geometry": { "type": "Point", "coordinates": [ -72.611868013717, 42.929994245271253 ] } },
{ "type": "Feature", "properties": { "SEGMENTID": 23635, "ESITEID": 90734, "GEONAMEID": 6628, "PD": null, "PT": null, "SN": "VT ROUTE 114", "ST": null, "SD": null, "PRIMARYNAM": "VT ROUTE 114", "ALIAS1": "ROUTE 114", "ALIAS2": null, "ALIAS3": null, "ALIAS4": null, "ALIAS5": "5/13/2015 12:15:02 AM", "PRIMARYADD": "1419 VT ROUTE 114", "SITETYPE": "FIRE STATION", "TOWNNAME": "EAST HAVEN", "MCODE": 561, "ESN": 274, "ZIP": "05837", "PARCELNUM": "000TOWN7.", "GPSX": -71.89133044, "GPSY": 44.65901806, "MAPYEAR": "2002-10-15", "UPDATEDATE": "2023-01-27", "STATE": "VT", "FIPS8": 5009, "SPAN": "192-061-10255", "SUBTYPE": 0, "GlobalID_1": "f23b14d8-ca44-407b-9ea5-fc02bf56d595", "UNITCOUNT": 1, "PRIMARYA_1": "1419 VT ROUTE 114 EAST HAVEN", "PRIMARYA_2": "1419 VT ROUTE 114 EAST HAVEN VT 05837", "SITETYPE_M": null, "SITETYPE_1": null, "SITETYPE_2": null, "SITETYPE_3": null, "SITETYPE_4": null, "COUNTY": "ESSEX", "COUNTRY": "US", "SOURCEOFDA": "Vermont Enhanced 911 Board", "DRIVEWAYID": 0, "ESZ": "00274", "HOUSE_NUMB": 1419, "HOUSE_NU_1": null, "HOUSE_NU_2": null, "FIPS": "5009" }, "geometry": { "type": "Point", "coordinates": [ -71.891331476258316, 44.659016256519195 ] } },
{ "type": "Feature", "properties": { "SEGMENTID": 751851, "ESITEID": 87200, "GEONAMEID": 31549, "PD": null, "PT": null, "SN": "DOVER HILL", "ST": "RD", "SD": null, "PRIMARYNAM": "DOVER HILL RD", "ALIAS1": null, "ALIAS2": null, "ALIAS3": null, "ALIAS4": null, "ALIAS5": "12/3/2021 9:41:01 PM", "PRIMARYADD": "22 DOVER HILL RD", "SITETYPE": "FIRE STATION", "TOWNNAME": "DOVER", "MCODE": 558, "ESN": 446, "ZIP": "05341", "PARCELNUM": "DR014-X", "GPSX": -72.77008763000001, "GPSY": 42.95034802, "MAPYEAR": "2003-01-27", "UPDATEDATE": "2023-01-27", "STATE": "VT", "FIPS8": 5025, "SPAN": "183-058-10822", "SUBTYPE": 0, "GlobalID_1": "147b6ef8-2476-4b9b-8445-d9c93cb0d711", "UNITCOUNT": 1, "PRIMARYA_1": "22 DOVER HILL RD DOVER", "PRIMARYA_2": "22 DOVER HILL RD DOVER VT 05341", "SITETYPE_M": null, "SITETYPE_1": null, "SITETYPE_2": null, "SITETYPE_3": null, "SITETYPE_4": null, "COUNTY": "WINDHAM", "COUNTRY": "US", "SOURCEOFDA": "Vermont Enhanced 911 Board", "DRIVEWAYID": 0, "ESZ": "00446", "HOUSE_NUMB": 22, "HOUSE_NU_1": null, "HOUSE_NU_2": null, "FIPS": "5025" }, "geometry": { "type": "Point", "coordinates": [ -72.770088175891772, 42.950347313206173 ] } },
{ "type": "Feature", "properties": { "SEGMENTID": 24235, "ESITEID": 61970, "GEONAMEID": 4391, "PD": null, "PT": null, "SN": "MAIN", "ST": "ST", "SD": null, "PRIMARYNAM": "MAIN ST", "ALIAS1": null, "ALIAS2": null, "ALIAS3": null, "ALIAS4": null, "ALIAS5": "5/12/2015 11:52:36 PM", "PRIMARYADD": "513 MAIN ST", "SITETYPE": "FIRE STATION", "TOWNNAME": "CAVENDISH", "MCODE": 541, "ESN": 107, "ZIP": "05153", "PARCELNUM": "1V20-194-", "GPSX": -72.63816839, "GPSY": 43.38346405, "MAPYEAR": "1998-01-01", "UPDATEDATE": "2023-01-27", "STATE": "VT", "FIPS8": 5027, "SPAN": "132-041-10167", "SUBTYPE": 0, "GlobalID_1": "ca7f03ca-8488-4b80-b75a-eb5e7351f671", "UNITCOUNT": 1, "PRIMARYA_1": "513 MAIN ST CAVENDISH", "PRIMARYA_2": "513 MAIN ST CAVENDISH VT 05153", "SITETYPE_M": null, "SITETYPE_1": null, "SITETYPE_2": null, "SITETYPE_3": null, "SITETYPE_4": null, "COUNTY": "WINDSOR", "COUNTRY": "US", "SOURCEOFDA": "Vermont Enhanced 911 Board", "DRIVEWAYID": 0, "ESZ": "00107", "HOUSE_NUMB": 513, "HOUSE_NU_1": null, "HOUSE_NU_2": null, "FIPS": "5027" }, "geometry": { "type": "Point", "coordinates": [ -72.638168200008664, 43.383462646671006 ] } },
{ "type": "Feature", "properties": { "SEGMENTID": 754966, "ESITEID": 190393, "GEONAMEID": 15380, "PD": null, "PT": null, "SN": "POMFRET", "ST": "RD", "SD": null, "PRIMARYNAM": "POMFRET RD", "ALIAS1": null, "ALIAS2": null, "ALIAS3": null, "ALIAS4": null, "ALIAS5": "5/12/2015 10:37:35 PM", "PRIMARYADD": "7373 POMFRET RD", "SITETYPE": "FIRE STATION", "TOWNNAME": "POMFRET", "MCODE": 653, "ESN": 587, "ZIP": "05053", "PARCELNUM": "0155-", "GPSX": -72.48779714, "GPSY": 43.71973206, "MAPYEAR": "1998-01-01", "UPDATEDATE": "2025-09-05", "STATE": "VT", "FIPS8": 5027, "SPAN": "489-154-10220", "SUBTYPE": 0, "GlobalID_1": "4c06572b-2b6c-40dd-8089-8fa05b98cdbd", "UNITCOUNT": 1, "PRIMARYA_1": "7373 POMFRET RD POMFRET", "PRIMARYA_2": "7373 POMFRET RD POMFRET VT 05053", "SITETYPE_M": null, "SITETYPE_1": null, "SITETYPE_2": null, "SITETYPE_3": null, "SITETYPE_4": null, "COUNTY": "WINDSOR", "COUNTRY": "US", "SOURCEOFDA": "Vermont Enhanced 911 Board", "DRIVEWAYID": 0, "ESZ": "00587", "HOUSE_NUMB": 7373, "HOUSE_NU_1": null, "HOUSE_NU_2": null, "FIPS": "5027" }, "geometry": { "type": "Point", "coordinates": [ -72.487796217701415, 43.719730277782752 ] } },
{ "type": "Feature", "properties": { "SEGMENTID": 11111, "ESITEID": 299332, "GEONAMEID": 32002, "PD": null, "PT": null, "SN": "MAIN", "ST": "ST", "SD": null, "PRIMARYNAM": "MAIN ST", "ALIAS1": null, "ALIAS2": null, "ALIAS3": null, "ALIAS4": null, "ALIAS5": "5/7/2019 4:39:44 PM", "PRIMARYADD": "120 MAIN ST", "SITETYPE": "FIRE STATION", "TOWNNAME": "WINOOSKI", "MCODE": 744, "ESN": 362, "ZIP": "05404", "PARCELNUM": "MA120-", "GPSX": -73.18692079, "GPSY": 44.49316989, "MAPYEAR": "2003-01-30", "UPDATEDATE": "2023-01-27", "STATE": "VT", "FIPS8": 5007, "SPAN": "774-246-11831", "SUBTYPE": 0, "GlobalID_1": "cd19ffa2-9845-4e3b-897a-ca1bacbc42f7", "UNITCOUNT": 1, "PRIMARYA_1": "120 MAIN ST WINOOSKI", "PRIMARYA_2": "120 MAIN ST WINOOSKI VT 05404", "SITETYPE_M": null, "SITETYPE_1": null, "SITETYPE_2": null, "SITETYPE_3": null, "SITETYPE_4": null, "COUNTY": "CHITTENDEN", "COUNTRY": "US", "SOURCEOFDA": "Vermont Enhanced 911 Board", "DRIVEWAYID": 0, "ESZ": "00362", "HOUSE_NUMB": 120, "HOUSE_NU_1": null, "HOUSE_NU_2": null, "FIPS": "5007" }, "geometry": { "type": "Point", "coordinates": [ -73.186921010880482, 44.493167615594821 ] } },
{ "type": "Feature", "properties": { "SEGMENTID": 31366, "ESITEID": 284460, "GEONAMEID": 23124, "PD": null, "PT": null, "SN": "WILLOUGHBY LAKE", "ST": "RD", "SD": null, "PRIMARYNAM": "WILLOUGHBY LAKE RD", "ALIAS1": null, "ALIAS2": null, "ALIAS3": null, "ALIAS4": null, "ALIAS5": "10/4/2018 2:39:47 PM", "PRIMARYADD": "5712 WILLOUGHBY LAKE RD", "SITETYPE": "FIRE STATION", "TOWNNAME": "WESTMORE", "MCODE": 732, "ESN": 457, "ZIP": "05822", "PARCELNUM": "100-5712.", "GPSX": -72.08044419, "GPSY": 44.78050056, "MAPYEAR": "1998-01-01", "UPDATEDATE": "2023-01-27", "STATE": "VT", "FIPS8": 5019, "SPAN": "729-232-10663", "SUBTYPE": 0, "GlobalID_1": "7427e8a5-404d-4642-906f-e2cbaf3aea3b", "UNITCOUNT": 1, "PRIMARYA_1": "5712 WILLOUGHBY LAKE RD WESTMORE", "PRIMARYA_2": "5712 WILLOUGHBY LAKE RD WESTMORE VT 05822", "SITETYPE_M": null, "SITETYPE_1": null, "SITETYPE_2": null, "SITETYPE_3": null, "SITETYPE_4": null, "COUNTY": "ORLEANS", "COUNTRY": "US", "SOURCEOFDA": "Vermont Enhanced 911 Board", "DRIVEWAYID": 0, "ESZ": "00457", "HOUSE_NUMB": 5712, "HOUSE_NU_1": null, "HOUSE_NU_2": null, "FIPS": "5019" }, "geometry": { "type": "Point", "coordinates": [ -72.080444688452118, 44.780498895206428 ] } },
{ "type": "Feature", "properties": { "SEGMENTID": 26557, "ESITEID": 84797, "GEONAMEID": 6326, "PD": null, "PT": null, "SN": "VT ROUTE 30", "ST": null, "SD": null, "PRIMARYNAM": "VT ROUTE 30", "ALIAS1": null, "ALIAS2": null, "ALIAS3": null, "ALIAS4": null, "ALIAS5": "5/13/2015 12:23:46 AM", "PRIMARYADD": "2788 VT ROUTE 30", "SITETYPE": "FIRE STATION", "TOWNNAME": "DORSET", "MCODE": 557, "ESN": 175, "ZIP": "05251", "PARCELNUM": "000273.", "GPSX": -73.09217993, "GPSY": 43.24807947, "MAPYEAR": "1998-01-01", "UPDATEDATE": "2023-01-27", "STATE": "VT", "FIPS8": 5003, "SPAN": "180-057-10363", "SUBTYPE": 0, "GlobalID_1": "87af899e-a182-4d77-b94e-27661af8c1fa", "UNITCOUNT": 1, "PRIMARYA_1": "2788 VT ROUTE 30 DORSET", "PRIMARYA_2": "2788 VT ROUTE 30 DORSET VT 05251", "SITETYPE_M": null, "SITETYPE_1": null, "SITETYPE_2": null, "SITETYPE_3": null, "SITETYPE_4": null, "COUNTY": "BENNINGTON", "COUNTRY": "US", "SOURCEOFDA": "Vermont Enhanced 911 Board", "DRIVEWAYID": 0, "ESZ": "00175", "HOUSE_NUMB": 2788, "HOUSE_NU_1": null, "HOUSE_NU_2": null, "FIPS": "5003" }, "geometry": { "type": "Point", "coordinates": [ -73.092179971293248, 43.248078645505096 ] } },
{ "type": "Feature", "properties": { "SEGMENTID": 40757, "ESITEID": 240104, "GEONAMEID": 29190, "PD": null, "PT": null, "SN": "LOWER WELDEN", "ST": "ST", "SD": null, "PRIMARYNAM": "LOWER WELDEN ST", "ALIAS1": null, "ALIAS2": null, "ALIAS3": null, "ALIAS4": null, "ALIAS5": "2/26/2016 11:26:31 AM", "PRIMARYADD": "30 LOWER WELDEN ST", "SITETYPE": "FIRE STATION", "TOWNNAME": "SAINT ALBANS CITY", "MCODE": 687, "ESN": 219, "ZIP": "05478", "PARCELNUM": "26055030", "GPSX": -73.08735187000001, "GPSY": 44.80718319, "MAPYEAR": "2003-01-10", "UPDATEDATE": "2024-03-22", "STATE": "VT", "FIPS8": 5011, "SPAN": "549-173-10505", "SUBTYPE": 0, "GlobalID_1": "f6c9ec51-5b99-402e-a00c-8bb828cfd295", "UNITCOUNT": 1, "PRIMARYA_1": "30 LOWER WELDEN ST SAINT ALBANS CITY", "PRIMARYA_2": "30 LOWER WELDEN ST SAINT ALBANS CITY VT 05478", "SITETYPE_M": null, "SITETYPE_1": null, "SITETYPE_2": null, "SITETYPE_3": null, "SITETYPE_4": null, "COUNTY": "FRANKLIN", "COUNTRY": "US", "SOURCEOFDA": "Vermont Enhanced 911 Board", "DRIVEWAYID": 0, "ESZ": "00219", "HOUSE_NUMB": 30, "HOUSE_NU_1": null, "HOUSE_NU_2": null, "FIPS": "5011" }, "geometry": { "type": "Point", "coordinates": [ -73.087352058984138, 44.807180217556244 ] } },
{ "type": "Feature", "properties": { "SEGMENTID": 18012, "ESITEID": 259224, "GEONAMEID": 20705, "PD": null, "PT": null, "SN": "VT ROUTE 113", "ST": null, "SD": null, "PRIMARYNAM": "VT ROUTE 113", "ALIAS1": null, "ALIAS2": "ROUTE 113", "ALIAS3": null, "ALIAS4": null, "ALIAS5": "5/13/2015 12:19:46 AM", "PRIMARYADD": "2829 VT ROUTE 113", "SITETYPE": "FIRE STATION", "TOWNNAME": "THETFORD", "MCODE": 702, "ESN": 342, "ZIP": "05074", "PARCELNUM": "0V113B.TE.7", "GPSX": -72.23391586, "GPSY": 43.82108616, "MAPYEAR": "1998-01-01", "UPDATEDATE": "2023-11-22", "STATE": "VT", "FIPS8": 5017, "SPAN": "642-202-11301", "SUBTYPE": 0, "GlobalID_1": "cdc1ee87-4373-49ba-a5bb-20fe8ae8bec7", "UNITCOUNT": 1, "PRIMARYA_1": "2829 VT ROUTE 113 THETFORD", "PRIMARYA_2": "2829 VT ROUTE 113 THETFORD VT 05074", "SITETYPE_M": null, "SITETYPE_1": null, "SITETYPE_2": null, "SITETYPE_3": null, "SITETYPE_4": null, "COUNTY": "ORANGE", "COUNTRY": "US", "SOURCEOFDA": "Vermont Enhanced 911 Board", "DRIVEWAYID": 0, "ESZ": "00342", "HOUSE_NUMB": 2829, "HOUSE_NU_1": null, "HOUSE_NU_2": null, "FIPS": "5017" }, "geometry": { "type": "Point", "coordinates": [ -72.233914365133884, 43.821083989862409 ] } },
{ "type": "Feature", "properties": { "SEGMENTID": 43060, "ESITEID": 260547, "GEONAMEID": 20889, "PD": null, "PT": null, "SN": "VT ROUTE 25", "ST": null, "SD": null, "PRIMARYNAM": "VT ROUTE 25", "ALIAS1": "ROUTE 25", "ALIAS2": null, "ALIAS3": null, "ALIAS4": null, "ALIAS5": "5/13/2015 12:19:50 AM", "PRIMARYADD": "477 VT ROUTE 25", "SITETYPE": "FIRE STATION", "TOWNNAME": "TOPSHAM", "MCODE": 704, "ESN": 412, "ZIP": "05086", "PARCELNUM": "V25477.00", "GPSX": -72.31082638, "GPSY": 44.11606195, "MAPYEAR": "1998-01-01", "UPDATEDATE": "2023-01-27", "STATE": "VT", "FIPS8": 5017, "SPAN": "648-204-10839", "SUBTYPE": 0, "GlobalID_1": "2eda9c5d-28d0-4cd2-a9ef-d459e90a7b5b", "UNITCOUNT": 1, "PRIMARYA_1": "477 VT ROUTE 25 TOPSHAM", "PRIMARYA_2": "477 VT ROUTE 25 TOPSHAM VT 05086", "SITETYPE_M": null, "SITETYPE_1": null, "SITETYPE_2": null, "SITETYPE_3": null, "SITETYPE_4": null, "COUNTY": "ORANGE", "COUNTRY": "US", "SOURCEOFDA": "Vermont Enhanced 911 Board", "DRIVEWAYID": 0, "ESZ": "00412", "HOUSE_NUMB": 477, "HOUSE_NU_1": null, "HOUSE_NU_2": null, "FIPS": "5017" }, "geometry": { "type": "Point", "coordinates": [ -72.310825228288181, 44.116059878879305 ] } },
{ "type": "Feature", "properties": { "SEGMENTID": 45002, "ESITEID": 286152, "GEONAMEID": 23345, "PD": "S", "PT": null, "SN": "MAIN", "ST": "ST", "SD": null, "PRIMARYNAM": "S MAIN ST", "ALIAS1": null, "ALIAS2": null, "ALIAS3": null, "ALIAS4": null, "ALIAS5": "5/12/2015 7:30:23 PM", "PRIMARYADD": "75 S MAIN ST", "SITETYPE": "FIRE STATION", "TOWNNAME": "WHITING", "MCODE": 736, "ESN": 284, "ZIP": "05778", "PARCELNUM": "006-028", "GPSX": -73.20154763, "GPSY": 43.85904984, "MAPYEAR": "1998-01-01", "UPDATEDATE": "2023-01-27", "STATE": "VT", "FIPS8": 5001, "SPAN": "750-238-10218", "SUBTYPE": 0, "GlobalID_1": "d48f1c6a-4b92-46ef-801a-0afec7a5b3ad", "UNITCOUNT": 1, "PRIMARYA_1": "75 S MAIN ST WHITING", "PRIMARYA_2": "75 S MAIN ST WHITING VT 05778", "SITETYPE_M": null, "SITETYPE_1": null, "SITETYPE_2": null, "SITETYPE_3": null, "SITETYPE_4": null, "COUNTY": "ADDISON", "COUNTRY": "US", "SOURCEOFDA": "Vermont Enhanced 911 Board", "DRIVEWAYID": 0, "ESZ": "00284", "HOUSE_NUMB": 75, "HOUSE_NU_1": null, "HOUSE_NU_2": null, "FIPS": "5001" }, "geometry": { "type": "Point", "coordinates": [ -73.201546373766959, 43.859047775448559 ] } },
{ "type": "Feature", "properties": { "SEGMENTID": 41050, "ESITEID": 143054, "GEONAMEID": 32230, "PD": null, "PT": null, "SN": "POND", "ST": "ST", "SD": null, "PRIMARYNAM": "POND ST", "ALIAS1": null, "ALIAS2": null, "ALIAS3": null, "ALIAS4": null, "ALIAS5": "3/6/2019 1:46:49 PM", "PRIMARYADD": "67 POND ST", "SITETYPE": "FIRE STATION", "TOWNNAME": "LUDLOW", "MCODE": 613, "ESN": 198, "ZIP": "05149", "PARCELNUM": "030360.000", "GPSX": -72.70671781, "GPSY": 43.4017504, "MAPYEAR": "2003-01-27", "UPDATEDATE": "2023-01-27", "STATE": "VT", "FIPS8": 5027, "SPAN": "363-112-11777", "SUBTYPE": 0, "GlobalID_1": "6784fe8f-0990-4271-a6eb-622b3dd56800", "UNITCOUNT": 1, "PRIMARYA_1": "67 POND ST LUDLOW", "PRIMARYA_2": "67 POND ST LUDLOW VT 05149", "SITETYPE_M": null, "SITETYPE_1": null, "SITETYPE_2": null, "SITETYPE_3": null, "SITETYPE_4": null, "COUNTY": "WINDSOR", "COUNTRY": "US", "SOURCEOFDA": "Vermont Enhanced 911 Board", "DRIVEWAYID": 0, "ESZ": "00198", "HOUSE_NUMB": 67, "HOUSE_NU_1": null, "HOUSE_NU_2": null, "FIPS": "5027" }, "geometry": { "type": "Point", "coordinates": [ -72.706717570724962, 43.40174904705232 ] } },
{ "type": "Feature", "properties": { "SEGMENTID": 55827, "ESITEID": 79948, "GEONAMEID": 5977, "PD": "N", "PT": null, "SN": "MAIN", "ST": "ST", "SD": null, "PRIMARYNAM": "N MAIN ST", "ALIAS1": null, "ALIAS2": null, "ALIAS3": null, "ALIAS4": null, "ALIAS5": "5/13/2015 12:08:19 AM", "PRIMARYADD": "590 N MAIN ST", "SITETYPE": "FIRE STATION", "TOWNNAME": "DANBY", "MCODE": 554, "ESN": 299, "ZIP": "05739", "PARCELNUM": "176.", "GPSX": -72.9970432, "GPSY": 43.35518999, "MAPYEAR": "1998-01-01", "UPDATEDATE": "2023-01-27", "STATE": "VT", "FIPS8": 5021, "SPAN": "171-054-10198", "SUBTYPE": 0, "GlobalID_1": "d603edf9-4705-4ad9-8ebe-d3e847468984", "UNITCOUNT": 1, "PRIMARYA_1": "590 N MAIN ST DANBY", "PRIMARYA_2": "590 N MAIN ST DANBY VT 05739", "SITETYPE_M": null, "SITETYPE_1": null, "SITETYPE_2": null, "SITETYPE_3": null, "SITETYPE_4": null, "COUNTY": "RUTLAND", "COUNTRY": "US", "SOURCEOFDA": "Vermont Enhanced 911 Board", "DRIVEWAYID": 0, "ESZ": "00299", "HOUSE_NUMB": 590, "HOUSE_NU_1": null, "HOUSE_NU_2": null, "FIPS": "5021" }, "geometry": { "type": "Point", "coordinates": [ -72.997043115527291, 43.355188960911924 ] } },
{ "type": "Feature", "properties": { "SEGMENTID": 410842, "ESITEID": 754719, "GEONAMEID": 750198, "PD": null, "PT": null, "SN": "JEFF WILLIAMS", "ST": "WAY", "SD": null, "PRIMARYNAM": "JEFF WILLIAMS WAY", "ALIAS1": null, "ALIAS2": null, "ALIAS3": null, "ALIAS4": null, "ALIAS5": "5/30/2019 11:49:53 AM", "PRIMARYADD": "62 JEFF WILLIAMS WAY", "SITETYPE": "FIRE STATION", "TOWNNAME": "MANCHESTER", "MCODE": 617, "ESN": 135, "ZIP": "05255", "PARCELNUM": "9201.", "GPSX": -73.04565493, "GPSY": 43.18883777, "MAPYEAR": "2018-08-17", "UPDATEDATE": "2023-01-28", "STATE": "VT", "FIPS8": 5003, "SPAN": "375-116-12611", "SUBTYPE": 0, "GlobalID_1": "812bba54-796b-48d7-b894-0d128ddd12ff", "UNITCOUNT": 1, "PRIMARYA_1": "62 JEFF WILLIAMS WAY MANCHESTER", "PRIMARYA_2": "62 JEFF WILLIAMS WAY MANCHESTER VT 05255", "SITETYPE_M": null, "SITETYPE_1": null, "SITETYPE_2": null, "SITETYPE_3": null, "SITETYPE_4": null, "COUNTY": "BENNINGTON", "COUNTRY": "US", "SOURCEOFDA": "Vermont Enhanced 911 Board", "DRIVEWAYID": 0, "ESZ": "00135", "HOUSE_NUMB": 62, "HOUSE_NU_1": null, "HOUSE_NU_2": null, "FIPS": "5003" }, "geometry": { "type": "Point", "coordinates": [ -73.045655020929701, 43.188837010977267 ] } },
{ "type": "Feature", "properties": { "SEGMENTID": 311405, "ESITEID": 39596, "GEONAMEID": 3371, "PD": null, "PT": null, "SN": "WEST", "ST": "ST", "SD": null, "PRIMARYNAM": "WEST ST", "ALIAS1": null, "ALIAS2": null, "ALIAS3": null, "ALIAS4": null, "ALIAS5": null, "PRIMARYADD": "79 WEST ST", "SITETYPE": "FIRE STATION", "TOWNNAME": "BRISTOL", "MCODE": 528, "ESN": 488, "ZIP": "05443", "PARCELNUM": "225036-", "GPSX": -73.08879866, "GPSY": 44.13254879, "MAPYEAR": "1998-01-01", "UPDATEDATE": "2023-03-28", "STATE": "VT", "FIPS8": 5001, "SPAN": "093-029-11114", "SUBTYPE": 0, "GlobalID_1": "0adb09f5-2ba5-4567-a728-aa77b66cbd82", "UNITCOUNT": 1, "PRIMARYA_1": "79 WEST ST BRISTOL", "PRIMARYA_2": "79 WEST ST BRISTOL VT 05443", "SITETYPE_M": null, "SITETYPE_1": null, "SITETYPE_2": null, "SITETYPE_3": null, "SITETYPE_4": null, "COUNTY": "ADDISON", "COUNTRY": "US", "SOURCEOFDA": "Vermont Enhanced 911 Board", "DRIVEWAYID": 0, "ESZ": "00488", "HOUSE_NUMB": 79, "HOUSE_NU_1": null, "HOUSE_NU_2": null, "FIPS": "5001" }, "geometry": { "type": "Point", "coordinates": [ -73.088797568866639, 44.132546740657197 ] } },
{ "type": "Feature", "properties": { "SEGMENTID": 21573, "ESITEID": 6234, "GEONAMEID": 617, "PD": null, "PT": null, "SN": "BROAD BROOK", "ST": "RD", "SD": null, "PRIMARYNAM": "BROAD BROOK RD", "ALIAS1": null, "ALIAS2": null, "ALIAS3": null, "ALIAS4": null, "ALIAS5": "4/5/2016 9:35:45 AM", "PRIMARYADD": "5458 BROAD BROOK RD", "SITETYPE": "FIRE STATION", "TOWNNAME": "BARNARD", "MCODE": 508, "ESN": 364, "ZIP": "05068", "PARCELNUM": "04-0906.1", "GPSX": -72.5428571, "GPSY": 43.7435101, "MAPYEAR": "1998-01-01", "UPDATEDATE": "2023-01-27", "STATE": "VT", "FIPS8": 5027, "SPAN": "030-009-10878", "SUBTYPE": 0, "GlobalID_1": "3ee2a74a-5f23-4a01-adbf-c9226717edf7", "UNITCOUNT": 1, "PRIMARYA_1": "5458 BROAD BROOK RD BARNARD", "PRIMARYA_2": "5458 BROAD BROOK RD BARNARD VT 05068", "SITETYPE_M": null, "SITETYPE_1": null, "SITETYPE_2": null, "SITETYPE_3": null, "SITETYPE_4": null, "COUNTY": "WINDSOR", "COUNTRY": "US", "SOURCEOFDA": "Vermont Enhanced 911 Board", "DRIVEWAYID": 0, "ESZ": "00364", "HOUSE_NUMB": 5458, "HOUSE_NU_1": null, "HOUSE_NU_2": null, "FIPS": "5027" }, "geometry": { "type": "Point", "coordinates": [ -72.54285620756427, 43.743508339316435 ] } },
{ "type": "Feature", "properties": { "SEGMENTID": 85305, "ESITEID": 77534, "GEONAMEID": 5720, "PD": null, "PT": null, "SN": "COOKEVILLE", "ST": "RD", "SD": null, "PRIMARYNAM": "COOKEVILLE RD", "ALIAS1": null, "ALIAS2": null, "ALIAS3": null, "ALIAS4": null, "ALIAS5": null, "PRIMARYADD": "1407 COOKEVILLE RD", "SITETYPE": "FIRE STATION", "TOWNNAME": "CORINTH", "MCODE": 550, "ESN": 301, "ZIP": "05039", "PARCELNUM": "081-01387", "GPSX": -72.29046316, "GPSY": 44.02392811, "MAPYEAR": "1998-01-01", "UPDATEDATE": "2023-03-28", "STATE": "VT", "FIPS8": 5017, "SPAN": "159-050-10188", "SUBTYPE": 0, "GlobalID_1": "f4f999b2-2b2e-44e1-9bc4-b92f7841addd", "UNITCOUNT": 1, "PRIMARYA_1": "1407 COOKEVILLE RD CORINTH", "PRIMARYA_2": "1407 COOKEVILLE RD CORINTH VT 05039", "SITETYPE_M": null, "SITETYPE_1": null, "SITETYPE_2": null, "SITETYPE_3": null, "SITETYPE_4": null, "COUNTY": "ORANGE", "COUNTRY": "US", "SOURCEOFDA": "Vermont Enhanced 911 Board", "DRIVEWAYID": 0, "ESZ": "00301", "HOUSE_NUMB": 1407, "HOUSE_NU_1": null, "HOUSE_NU_2": null, "FIPS": "5017" }, "geometry": { "type": "Point", "coordinates": [ -72.29046137035661, 44.023925791830315 ] } },
{ "type": "Feature", "properties": { "SEGMENTID": 61108, "ESITEID": 262477, "GEONAMEID": 21037, "PD": null, "PT": null, "SN": "VT ROUTE 100", "ST": null, "SD": null, "PRIMARYNAM": "VT ROUTE 100", "ALIAS1": null, "ALIAS2": "VT ROUTE 100", "ALIAS3": null, "ALIAS4": null, "ALIAS5": "5/13/2015 2:03:36 PM", "PRIMARYADD": "6850 VT ROUTE 100", "SITETYPE": "FIRE STATION", "TOWNNAME": "TROY", "MCODE": 706, "ESN": 149, "ZIP": "05868", "PARCELNUM": "100217.", "GPSX": -72.40707682, "GPSY": 44.90324852, "MAPYEAR": "1998-01-01", "UPDATEDATE": "2023-09-06", "STATE": "VT", "FIPS8": 5019, "SPAN": "654-206-10976", "SUBTYPE": 0, "GlobalID_1": "1e80daee-561a-45e0-85d3-7377fd772d9d", "UNITCOUNT": 1, "PRIMARYA_1": "6850 VT ROUTE 100 TROY", "PRIMARYA_2": "6850 VT ROUTE 100 TROY VT 05868", "SITETYPE_M": null, "SITETYPE_1": null, "SITETYPE_2": null, "SITETYPE_3": null, "SITETYPE_4": null, "COUNTY": "ORLEANS", "COUNTRY": "US", "SOURCEOFDA": "Vermont Enhanced 911 Board", "DRIVEWAYID": 0, "ESZ": "00149", "HOUSE_NUMB": 6850, "HOUSE_NU_1": null, "HOUSE_NU_2": null, "FIPS": "5019" }, "geometry": { "type": "Point", "coordinates": [ -72.407077108486135, 44.903246744690897 ] } },
{ "type": "Feature", "properties": { "SEGMENTID": 5173, "ESITEID": 68396, "GEONAMEID": 5035, "PD": null, "PT": null, "SN": "GRANGE HALL", "ST": "RD", "SD": null, "PRIMARYNAM": "GRANGE HALL RD", "ALIAS1": null, "ALIAS2": null, "ALIAS3": null, "ALIAS4": null, "ALIAS5": "5/13/2015 12:00:49 AM", "PRIMARYADD": "39 GRANGE HALL RD", "SITETYPE": "FIRE STATION", "TOWNNAME": "CLARENDON", "MCODE": 547, "ESN": 222, "ZIP": "05759", "PARCELNUM": "C45200.", "GPSX": -72.9680159, "GPSY": 43.56422637, "MAPYEAR": "1998-01-01", "UPDATEDATE": "2023-01-27", "STATE": "VT", "FIPS8": 5021, "SPAN": "150-047-10268", "SUBTYPE": 0, "GlobalID_1": "74a159c1-8757-4805-bb92-866f0ecc4d43", "UNITCOUNT": 1, "PRIMARYA_1": "39 GRANGE HALL RD CLARENDON", "PRIMARYA_2": "39 GRANGE HALL RD CLARENDON VT 05759", "SITETYPE_M": null, "SITETYPE_1": null, "SITETYPE_2": null, "SITETYPE_3": null, "SITETYPE_4": null, "COUNTY": "RUTLAND", "COUNTRY": "US", "SOURCEOFDA": "Vermont Enhanced 911 Board", "DRIVEWAYID": 0, "ESZ": "00222", "HOUSE_NUMB": 39, "HOUSE_NU_1": null, "HOUSE_NU_2": null, "FIPS": "5021" }, "geometry": { "type": "Point", "coordinates": [ -72.968015429738912, 43.564224957834014 ] } },
{ "type": "Feature", "properties": { "SEGMENTID": 55788, "ESITEID": 204695, "GEONAMEID": 421920, "PD": null, "PT": null, "SN": "ROCKINGHAM", "ST": "ST", "SD": null, "PRIMARYNAM": "ROCKINGHAM ST", "ALIAS1": null, "ALIAS2": null, "ALIAS3": null, "ALIAS4": "CR", "ALIAS5": null, "PRIMARYADD": "170 ROCKINGHAM ST", "SITETYPE": "FIRE STATION", "TOWNNAME": "BELLOWS FALLS", "MCODE": 759, "ESN": 443, "ZIP": "05101", "PARCELNUM": "235010170-", "GPSX": -72.45357775, "GPSY": 43.13904791, "MAPYEAR": "2003-01-15", "UPDATEDATE": "2023-03-28", "STATE": "VT", "FIPS8": 5025, "SPAN": "528-166-10194", "SUBTYPE": 0, "GlobalID_1": "8f8d0eec-dcfe-4f37-949a-6f31f16d404f", "UNITCOUNT": 1, "PRIMARYA_1": "170 ROCKINGHAM ST BELLOWS FALLS", "PRIMARYA_2": "170 ROCKINGHAM ST BELLOWS FALLS VT 05101", "SITETYPE_M": null, "SITETYPE_1": null, "SITETYPE_2": null, "SITETYPE_3": null, "SITETYPE_4": null, "COUNTY": "WINDHAM", "COUNTRY": "US", "SOURCEOFDA": "Vermont Enhanced 911 Board", "DRIVEWAYID": 0, "ESZ": "00443", "HOUSE_NUMB": 170, "HOUSE_NU_1": null, "HOUSE_NU_2": null, "FIPS": "5025" }, "geometry": { "type": "Point", "coordinates": [ -72.453577864004373, 43.139046500771073 ] } },
{ "type": "Feature", "properties": { "SEGMENTID": 30097, "ESITEID": 140345, "GEONAMEID": 11016, "PD": null, "PT": null, "SN": "GOVE HILL", "ST": "RD", "SD": null, "PRIMARYNAM": "GOVE HILL RD", "ALIAS1": null, "ALIAS2": null, "ALIAS3": null, "ALIAS4": null, "ALIAS5": "5/12/2015 7:30:32 PM", "PRIMARYADD": "34 GOVE HILL RD", "SITETYPE": "FIRE STATION", "TOWNNAME": "LINCOLN", "MCODE": 610, "ESN": 201, "ZIP": "05443", "PARCELNUM": "09070184.000", "GPSX": -72.99734413, "GPSY": 44.10522643, "MAPYEAR": "1998-01-01", "UPDATEDATE": "2023-01-27", "STATE": "VT", "FIPS8": 5001, "SPAN": "354-109-10352", "SUBTYPE": 0, "GlobalID_1": "f586769a-5fb2-4de5-9ad9-69a8c8c90a97", "UNITCOUNT": 1, "PRIMARYA_1": "34 GOVE HILL RD LINCOLN", "PRIMARYA_2": "34 GOVE HILL RD LINCOLN VT 05443", "SITETYPE_M": null, "SITETYPE_1": null, "SITETYPE_2": null, "SITETYPE_3": null, "SITETYPE_4": null, "COUNTY": "ADDISON", "COUNTRY": "US", "SOURCEOFDA": "Vermont Enhanced 911 Board", "DRIVEWAYID": 0, "ESZ": "00201", "HOUSE_NUMB": 34, "HOUSE_NU_1": null, "HOUSE_NU_2": null, "FIPS": "5001" }, "geometry": { "type": "Point", "coordinates": [ -72.997342761793092, 44.105224638134061 ] } },
{ "type": "Feature", "properties": { "SEGMENTID": 4051, "ESITEID": 69588, "GEONAMEID": 5081, "PD": null, "PT": null, "SN": "CLAY POINT", "ST": "RD", "SD": null, "PRIMARYNAM": "CLAY POINT RD", "ALIAS1": null, "ALIAS2": null, "ALIAS3": null, "ALIAS4": null, "ALIAS5": null, "PRIMARYADD": "227 CLAY POINT RD", "SITETYPE": "FIRE STATION", "TOWNNAME": "COLCHESTER", "MCODE": 548, "ESN": 320, "ZIP": "05446", "PARCELNUM": "16-052010-0000000", "GPSX": -73.20105309, "GPSY": 44.59774414, "MAPYEAR": "1998-01-01", "UPDATEDATE": "2023-03-28", "STATE": "VT", "FIPS8": 5007, "SPAN": "153-048-17826", "SUBTYPE": 0, "GlobalID_1": "cea315e1-cc7d-4581-9ed4-e243d123c65b", "UNITCOUNT": 1, "PRIMARYA_1": "227 CLAY POINT RD COLCHESTER", "PRIMARYA_2": "227 CLAY POINT RD COLCHESTER VT 05446", "SITETYPE_M": null, "SITETYPE_1": null, "SITETYPE_2": null, "SITETYPE_3": null, "SITETYPE_4": null, "COUNTY": "CHITTENDEN", "COUNTRY": "US", "SOURCEOFDA": "Vermont Enhanced 911 Board", "DRIVEWAYID": 0, "ESZ": "00320", "HOUSE_NUMB": 227, "HOUSE_NU_1": null, "HOUSE_NU_2": null, "FIPS": "5007" }, "geometry": { "type": "Point", "coordinates": [ -73.201053591591744, 44.597740904790477 ] } },
{ "type": "Feature", "properties": { "SEGMENTID": 4472, "ESITEID": 345926, "GEONAMEID": 7538, "PD": null, "PT": null, "SN": "VT ROUTE 36", "ST": null, "SD": null, "PRIMARYNAM": "VT ROUTE 36", "ALIAS1": null, "ALIAS2": null, "ALIAS3": null, "ALIAS4": null, "ALIAS5": "6/6/2017 3:50:18 PM", "PRIMARYADD": "4964 VT ROUTE 36", "SITETYPE": "FIRE STATION", "TOWNNAME": "FAIRFIELD", "MCODE": 569, "ESN": 187, "ZIP": "05455", "PARCELNUM": "S36-4964.000", "GPSX": -72.93593078000001, "GPSY": 44.80301477, "MAPYEAR": "2012-08-28", "UPDATEDATE": "2023-07-26", "STATE": "VT", "FIPS8": 5011, "SPAN": "213-069-11194", "SUBTYPE": 0, "GlobalID_1": "db2485ea-ef40-49ec-b36a-e7a3841b2aac", "UNITCOUNT": 1, "PRIMARYA_1": "4964 VT ROUTE 36 FAIRFIELD", "PRIMARYA_2": "4964 VT ROUTE 36 FAIRFIELD VT 05455", "SITETYPE_M": null, "SITETYPE_1": null, "SITETYPE_2": null, "SITETYPE_3": null, "SITETYPE_4": null, "COUNTY": "FRANKLIN", "COUNTRY": "US", "SOURCEOFDA": "Vermont Enhanced 911 Board", "DRIVEWAYID": 0, "ESZ": "00187", "HOUSE_NUMB": 4964, "HOUSE_NU_1": null, "HOUSE_NU_2": null, "FIPS": "5011" }, "geometry": { "type": "Point", "coordinates": [ -72.935930600562457, 44.803012670375679 ] } },
{ "type": "Feature", "properties": { "SEGMENTID": 56011, "ESITEID": 218330, "GEONAMEID": 17906, "PD": null, "PT": null, "SN": "BUCK HILL", "ST": "RD", "SD": null, "PRIMARYNAM": "BUCK HILL RD", "ALIAS1": null, "ALIAS2": null, "ALIAS3": null, "ALIAS4": null, "ALIAS5": "9/25/2018 11:31:17 AM", "PRIMARYADD": "166 BUCK HILL RD", "SITETYPE": "FIRE STATION", "TOWNNAME": "SHAFTSBURY", "MCODE": 675, "ESN": 196, "ZIP": "05262", "PARCELNUM": "172222.", "GPSX": -73.20762027000001, "GPSY": 42.94574335, "MAPYEAR": "1998-01-01", "UPDATEDATE": "2023-01-27", "STATE": "VT", "FIPS8": 5003, "SPAN": "573-180-11923", "SUBTYPE": 0, "GlobalID_1": "9f078bf5-3f43-466b-ad18-d653b771f4ee", "UNITCOUNT": 1, "PRIMARYA_1": "166 BUCK HILL RD SHAFTSBURY", "PRIMARYA_2": "166 BUCK HILL RD SHAFTSBURY VT 05262", "SITETYPE_M": null, "SITETYPE_1": null, "SITETYPE_2": null, "SITETYPE_3": null, "SITETYPE_4": null, "COUNTY": "BENNINGTON", "COUNTRY": "US", "SOURCEOFDA": "Vermont Enhanced 911 Board", "DRIVEWAYID": 0, "ESZ": "00196", "HOUSE_NUMB": 166, "HOUSE_NU_1": null, "HOUSE_NU_2": null, "FIPS": "5003" }, "geometry": { "type": "Point", "coordinates": [ -73.207620277754842, 42.945742987671771 ] } },
{ "type": "Feature", "properties": { "SEGMENTID": 2063, "ESITEID": 261332, "GEONAMEID": 20974, "PD": null, "PT": null, "SN": "GRAFTON", "ST": "RD", "SD": null, "PRIMARYNAM": "GRAFTON RD", "ALIAS1": null, "ALIAS2": null, "ALIAS3": null, "ALIAS4": null, "ALIAS5": "12/8/2022 8:27:26 AM", "PRIMARYADD": "208 GRAFTON RD", "SITETYPE": "FIRE STATION", "TOWNNAME": "TOWNSHEND", "MCODE": 705, "ESN": 263, "ZIP": "05353", "PARCELNUM": "09159-000", "GPSX": -72.66722011, "GPSY": 43.04910489, "MAPYEAR": "1998-01-01", "UPDATEDATE": "2023-01-27", "STATE": "VT", "FIPS8": 5025, "SPAN": "651-205-11281", "SUBTYPE": 0, "GlobalID_1": "a9b09d83-f995-4ea0-b582-69d8410b4813", "UNITCOUNT": 1, "PRIMARYA_1": "208 GRAFTON RD TOWNSHEND", "PRIMARYA_2": "208 GRAFTON RD TOWNSHEND VT 05353", "SITETYPE_M": null, "SITETYPE_1": null, "SITETYPE_2": null, "SITETYPE_3": null, "SITETYPE_4": null, "COUNTY": "WINDHAM", "COUNTRY": "US", "SOURCEOFDA": "Vermont Enhanced 911 Board", "DRIVEWAYID": 0, "ESZ": "00263", "HOUSE_NUMB": 208, "HOUSE_NU_1": null, "HOUSE_NU_2": null, "FIPS": "5025" }, "geometry": { "type": "Point", "coordinates": [ -72.66722061539835, 43.049103886051761 ] } },
{ "type": "Feature", "properties": { "SEGMENTID": 13736, "ESITEID": 225832, "GEONAMEID": 18586, "PD": null, "PT": null, "SN": "FIREHOUSE", "ST": "RD", "SD": null, "PRIMARYNAM": "FIREHOUSE RD", "ALIAS1": null, "ALIAS2": null, "ALIAS3": null, "ALIAS4": null, "ALIAS5": "6/13/2018 10:04:07 AM", "PRIMARYADD": "53 FIREHOUSE RD", "SITETYPE": "FIRE STATION", "TOWNNAME": "SHOREHAM", "MCODE": 681, "ESN": 239, "ZIP": "05770", "PARCELNUM": "09-01-57.000", "GPSX": -73.31378891, "GPSY": 43.89289679, "MAPYEAR": "1998-01-01", "UPDATEDATE": "2023-01-27", "STATE": "VT", "FIPS8": 5001, "SPAN": "591-186-00311", "SUBTYPE": 0, "GlobalID_1": "6a9e4fc9-d30b-4b31-8fd5-64d74c3f0c48", "UNITCOUNT": 1, "PRIMARYA_1": "53 FIREHOUSE RD SHOREHAM", "PRIMARYA_2": "53 FIREHOUSE RD SHOREHAM VT 05770", "SITETYPE_M": "TOWN GARAGE", "SITETYPE_1": null, "SITETYPE_2": null, "SITETYPE_3": null, "SITETYPE_4": null, "COUNTY": "ADDISON", "COUNTRY": "US", "SOURCEOFDA": "Vermont Enhanced 911 Board", "DRIVEWAYID": 0, "ESZ": "00239", "HOUSE_NUMB": 53, "HOUSE_NU_1": null, "HOUSE_NU_2": null, "FIPS": "5001" }, "geometry": { "type": "Point", "coordinates": [ -73.313787523795767, 43.892894607113774 ] } },
{ "type": "Feature", "properties": { "SEGMENTID": 54243, "ESITEID": 135015, "GEONAMEID": 10502, "PD": null, "PT": null, "SN": "VT ROUTE 30", "ST": null, "SD": null, "PRIMARYNAM": "VT ROUTE 30", "ALIAS1": null, "ALIAS2": null, "ALIAS3": null, "ALIAS4": null, "ALIAS5": "5/26/2017 10:05:28 AM", "PRIMARYADD": "4017 VT ROUTE 30", "SITETYPE": "FIRE STATION", "TOWNNAME": "JAMAICA", "MCODE": 602, "ESN": 260, "ZIP": "05343", "PARCELNUM": "00O-L9.", "GPSX": -72.78246106, "GPSY": 43.09879565, "MAPYEAR": "1998-01-01", "UPDATEDATE": "2023-01-27", "STATE": "VT", "FIPS8": 5025, "SPAN": "324-101-10665", "SUBTYPE": 0, "GlobalID_1": "1c68b3e9-7fe6-4ee7-bfbb-4542feeff937", "UNITCOUNT": 1, "PRIMARYA_1": "4017 VT ROUTE 30 JAMAICA", "PRIMARYA_2": "4017 VT ROUTE 30 JAMAICA VT 05343", "SITETYPE_M": null, "SITETYPE_1": null, "SITETYPE_2": null, "SITETYPE_3": null, "SITETYPE_4": null, "COUNTY": "WINDHAM", "COUNTRY": "US", "SOURCEOFDA": "Vermont Enhanced 911 Board", "DRIVEWAYID": 0, "ESZ": "00260", "HOUSE_NUMB": 4017, "HOUSE_NU_1": null, "HOUSE_NU_2": null, "FIPS": "5025" }, "geometry": { "type": "Point", "coordinates": [ -72.78246147343188, 43.098794716193964 ] } },
{ "type": "Feature", "properties": { "SEGMENTID": 38986, "ESITEID": 277726, "GEONAMEID": 22486, "PD": null, "PT": null, "SN": "VT ROUTE 131", "ST": null, "SD": null, "PRIMARYNAM": "VT ROUTE 131", "ALIAS1": null, "ALIAS2": "ROUTE 131", "ALIAS3": null, "ALIAS4": null, "ALIAS5": "2/26/2016 11:45:26 AM", "PRIMARYADD": "540 VT ROUTE 131", "SITETYPE": "FIRE STATION", "TOWNNAME": "WEATHERSFIELD", "MCODE": 723, "ESN": 168, "ZIP": "05151", "PARCELNUM": null, "GPSX": -72.41607604, "GPSY": 43.40130864, "MAPYEAR": "1998-01-01", "UPDATEDATE": "2025-04-18", "STATE": "VT", "FIPS8": 5027, "SPAN": null, "SUBTYPE": 0, "GlobalID_1": "03254aaa-27de-42ff-8736-7ef6a4f9cb66", "UNITCOUNT": 1, "PRIMARYA_1": "540 VT ROUTE 131 WEATHERSFIELD", "PRIMARYA_2": "540 VT ROUTE 131 WEATHERSFIELD VT 05151", "SITETYPE_M": null, "SITETYPE_1": null, "SITETYPE_2": null, "SITETYPE_3": null, "SITETYPE_4": null, "COUNTY": "WINDSOR", "COUNTRY": "US", "SOURCEOFDA": "Vermont Enhanced 911 Board", "DRIVEWAYID": 0, "ESZ": "00168", "HOUSE_NUMB": 540, "HOUSE_NU_1": null, "HOUSE_NU_2": null, "FIPS": "5027" }, "geometry": { "type": "Point", "coordinates": [ -72.416073515517667, 43.401305287092235 ] } },
{ "type": "Feature", "properties": { "SEGMENTID": 61545, "ESITEID": 77183, "GEONAMEID": 5656, "PD": null, "PT": null, "SN": "VILLAGE", "ST": "RD", "SD": null, "PRIMARYNAM": "VILLAGE RD", "ALIAS1": null, "ALIAS2": null, "ALIAS3": null, "ALIAS4": null, "ALIAS5": "1/19/2017 9:20:52 AM", "PRIMARYADD": "832 VILLAGE RD", "SITETYPE": "FIRE STATION", "TOWNNAME": "CORINTH", "MCODE": 550, "ESN": 301, "ZIP": "05040", "PARCELNUM": "019-00832", "GPSX": -72.22181248, "GPSY": 44.06587073, "MAPYEAR": "1998-01-01", "UPDATEDATE": "2024-06-21", "STATE": "VT", "FIPS8": 5017, "SPAN": "159-050-10288", "SUBTYPE": 0, "GlobalID_1": "a0771f05-d32f-4175-81f4-fb301e51ff42", "UNITCOUNT": 1, "PRIMARYA_1": "832 VILLAGE RD CORINTH", "PRIMARYA_2": "832 VILLAGE RD CORINTH VT 05040", "SITETYPE_M": null, "SITETYPE_1": null, "SITETYPE_2": null, "SITETYPE_3": null, "SITETYPE_4": null, "COUNTY": "ORANGE", "COUNTRY": "US", "SOURCEOFDA": "Vermont Enhanced 911 Board", "DRIVEWAYID": 0, "ESZ": "00301", "HOUSE_NUMB": 832, "HOUSE_NU_1": null, "HOUSE_NU_2": null, "FIPS": "5017" }, "geometry": { "type": "Point", "coordinates": [ -72.221810963784677, 44.065868415512988 ] } },
{ "type": "Feature", "properties": { "SEGMENTID": 25578, "ESITEID": 165458, "GEONAMEID": 12519, "PD": null, "PT": null, "SN": "MAIN", "ST": "ST", "SD": null, "PRIMARYNAM": "MAIN ST", "ALIAS1": null, "ALIAS2": null, "ALIAS3": null, "ALIAS4": null, "ALIAS5": "3/2/2017 9:39:35 AM", "PRIMARYADD": "61 MAIN ST", "SITETYPE": "FIRE STATION", "TOWNNAME": "MONTPELIER", "MCODE": 627, "ESN": 372, "ZIP": "05602", "PARCELNUM": "095.039405", "GPSX": -72.57538123, "GPSY": 44.25944816, "MAPYEAR": "1998-01-01", "UPDATEDATE": "2023-01-27", "STATE": "VT", "FIPS8": 5023, "SPAN": "405-126-13623", "SUBTYPE": 0, "GlobalID_1": "c7dba6a6-0f95-4a6c-8a75-b5980eb35189", "UNITCOUNT": 1, "PRIMARYA_1": "61 MAIN ST MONTPELIER", "PRIMARYA_2": "61 MAIN ST MONTPELIER VT 05602", "SITETYPE_M": null, "SITETYPE_1": null, "SITETYPE_2": null, "SITETYPE_3": null, "SITETYPE_4": null, "COUNTY": "WASHINGTON", "COUNTRY": "US", "SOURCEOFDA": "Vermont Enhanced 911 Board", "DRIVEWAYID": 0, "ESZ": "00372", "HOUSE_NUMB": 61, "HOUSE_NU_1": null, "HOUSE_NU_2": null, "FIPS": "5023" }, "geometry": { "type": "Point", "coordinates": [ -72.575380806593586, 44.259446673555431 ] } },
{ "type": "Feature", "properties": { "SEGMENTID": 3937, "ESITEID": 85005, "GEONAMEID": 6388, "PD": null, "PT": null, "SN": "VILLAGE", "ST": "ST", "SD": null, "PRIMARYNAM": "VILLAGE ST", "ALIAS1": null, "ALIAS2": null, "ALIAS3": null, "ALIAS4": null, "ALIAS5": "5/13/2015 12:10:23 AM", "PRIMARYADD": "341 VILLAGE ST", "SITETYPE": "FIRE STATION", "TOWNNAME": "DORSET", "MCODE": 557, "ESN": 176, "ZIP": "05253", "PARCELNUM": "000291.", "GPSX": -73.009552, "GPSY": 43.23894882, "MAPYEAR": "1998-01-01", "UPDATEDATE": "2023-01-27", "STATE": "VT", "FIPS8": 5003, "SPAN": "180-057-10407", "SUBTYPE": 0, "GlobalID_1": "6aff9078-e2d3-4e46-a4ca-095604d07489", "UNITCOUNT": 1, "PRIMARYA_1": "341 VILLAGE ST DORSET", "PRIMARYA_2": "341 VILLAGE ST DORSET VT 05253", "SITETYPE_M": null, "SITETYPE_1": null, "SITETYPE_2": null, "SITETYPE_3": null, "SITETYPE_4": null, "COUNTY": "BENNINGTON", "COUNTRY": "US", "SOURCEOFDA": "Vermont Enhanced 911 Board", "DRIVEWAYID": 0, "ESZ": "00176", "HOUSE_NUMB": 341, "HOUSE_NU_1": null, "HOUSE_NU_2": null, "FIPS": "5003" }, "geometry": { "type": "Point", "coordinates": [ -73.009552063958381, 43.238948005972844 ] } },
{ "type": "Feature", "properties": { "SEGMENTID": 7189, "ESITEID": 48725, "GEONAMEID": 31142, "PD": null, "PT": null, "SN": "MANSFIELD", "ST": "AVE", "SD": null, "PRIMARYNAM": "MANSFIELD AVE", "ALIAS1": null, "ALIAS2": null, "ALIAS3": null, "ALIAS4": null, "ALIAS5": "2/26/2016 11:10:31 AM", "PRIMARYADD": "20 MANSFIELD AVE", "SITETYPE": "FIRE STATION", "TOWNNAME": "BURLINGTON", "MCODE": 535, "ESN": 355, "ZIP": "05401", "PARCELNUM": "045-4-032.000", "GPSX": -73.19843366000001, "GPSY": 44.48133967, "MAPYEAR": "2003-01-28", "UPDATEDATE": "2023-01-27", "STATE": "VT", "FIPS8": 5007, "SPAN": "114-035-16383", "SUBTYPE": 0, "GlobalID_1": "d2bb5915-aa43-4f76-837e-f838764a9d46", "UNITCOUNT": 1, "PRIMARYA_1": "20 MANSFIELD AVE BURLINGTON", "PRIMARYA_2": "20 MANSFIELD AVE BURLINGTON VT 05401", "SITETYPE_M": null, "SITETYPE_1": null, "SITETYPE_2": null, "SITETYPE_3": null, "SITETYPE_4": null, "COUNTY": "CHITTENDEN", "COUNTRY": "US", "SOURCEOFDA": "Vermont Enhanced 911 Board", "DRIVEWAYID": 0, "ESZ": "00355", "HOUSE_NUMB": 20, "HOUSE_NU_1": null, "HOUSE_NU_2": null, "FIPS": "5007" }, "geometry": { "type": "Point", "coordinates": [ -73.198433898039255, 44.481337357931565 ] } },
{ "type": "Feature", "properties": { "SEGMENTID": 41233, "ESITEID": 193259, "GEONAMEID": 15643, "PD": "N", "PT": null, "SN": "POWNAL", "ST": "RD", "SD": null, "PRIMARYNAM": "N POWNAL RD", "ALIAS1": null, "ALIAS2": null, "ALIAS3": null, "ALIAS4": null, "ALIAS5": "6/21/2016 7:40:22 AM", "PRIMARYADD": "2872 N POWNAL RD", "SITETYPE": "FIRE STATION", "TOWNNAME": "POWNAL", "MCODE": 655, "ESN": 390, "ZIP": "05261", "PARCELNUM": "002-01.1", "GPSX": -73.22282342, "GPSY": 42.79549273, "MAPYEAR": "1998-01-01", "UPDATEDATE": "2023-01-27", "STATE": "VT", "FIPS8": 5003, "SPAN": "495-156-11375", "SUBTYPE": 0, "GlobalID_1": "bb1a9638-69b8-4dfb-91c3-77a2b7bff5c9", "UNITCOUNT": 1, "PRIMARYA_1": "2872 N POWNAL RD POWNAL", "PRIMARYA_2": "2872 N POWNAL RD POWNAL VT 05261", "SITETYPE_M": null, "SITETYPE_1": null, "SITETYPE_2": null, "SITETYPE_3": null, "SITETYPE_4": null, "COUNTY": "BENNINGTON", "COUNTRY": "US", "SOURCEOFDA": "Vermont Enhanced 911 Board", "DRIVEWAYID": 0, "ESZ": "00390", "HOUSE_NUMB": 2872, "HOUSE_NU_1": null, "HOUSE_NU_2": null, "FIPS": "5003" }, "geometry": { "type": "Point", "coordinates": [ -73.222823228890576, 42.795492437638643 ] } },
{ "type": "Feature", "properties": { "SEGMENTID": 61758, "ESITEID": 270531, "GEONAMEID": 21781, "PD": null, "PT": null, "SN": "MAIN", "ST": "ST", "SD": null, "PRIMARYNAM": "MAIN ST", "ALIAS1": null, "ALIAS2": null, "ALIAS3": null, "ALIAS4": null, "ALIAS5": "5/12/2015 9:47:39 PM", "PRIMARYADD": "49 MAIN ST", "SITETYPE": "FIRE STATION", "TOWNNAME": "WARDSBORO", "MCODE": 717, "ESN": 346, "ZIP": "05355", "PARCELNUM": "030089-", "GPSX": -72.79033178, "GPSY": 43.04120964, "MAPYEAR": "1998-01-01", "UPDATEDATE": "2023-01-27", "STATE": "VT", "FIPS8": 5025, "SPAN": "687-218-10978", "SUBTYPE": 0, "GlobalID_1": "37215a4b-c906-430f-91e7-4781651718d8", "UNITCOUNT": 1, "PRIMARYA_1": "49 MAIN ST WARDSBORO", "PRIMARYA_2": "49 MAIN ST WARDSBORO VT 05355", "SITETYPE_M": null, "SITETYPE_1": null, "SITETYPE_2": null, "SITETYPE_3": null, "SITETYPE_4": null, "COUNTY": "WINDHAM", "COUNTRY": "US", "SOURCEOFDA": "Vermont Enhanced 911 Board", "DRIVEWAYID": 0, "ESZ": "00346", "HOUSE_NUMB": 49, "HOUSE_NU_1": null, "HOUSE_NU_2": null, "FIPS": "5025" }, "geometry": { "type": "Point", "coordinates": [ -72.790332273571792, 43.041208796726821 ] } },
{ "type": "Feature", "properties": { "SEGMENTID": 43266, "ESITEID": 116893, "GEONAMEID": 8755, "PD": null, "PT": null, "SN": "GUILFORD CENTER", "ST": "RD", "SD": null, "PRIMARYNAM": "GUILFORD CENTER RD", "ALIAS1": null, "ALIAS2": null, "ALIAS3": null, "ALIAS4": null, "ALIAS5": "5/12/2015 7:28:58 PM", "PRIMARYADD": "108 GUILFORD CENTER RD", "SITETYPE": "FIRE STATION", "TOWNNAME": "GUILFORD", "MCODE": 587, "ESN": 289, "ZIP": "05301", "PARCELNUM": "310.", "GPSX": -72.57693332, "GPSY": 42.81679482, "MAPYEAR": "1998-01-01", "UPDATEDATE": "2023-01-27", "STATE": "VT", "FIPS8": 5025, "SPAN": "273-086-10401", "SUBTYPE": 0, "GlobalID_1": "91dd31ec-765c-4e51-9079-0a5b1e00c558", "UNITCOUNT": 1, "PRIMARYA_1": "108 GUILFORD CENTER RD GUILFORD", "PRIMARYA_2": "108 GUILFORD CENTER RD GUILFORD VT 05301", "SITETYPE_M": null, "SITETYPE_1": null, "SITETYPE_2": null, "SITETYPE_3": null, "SITETYPE_4": null, "COUNTY": "WINDHAM", "COUNTRY": "US", "SOURCEOFDA": "Vermont Enhanced 911 Board", "DRIVEWAYID": 0, "ESZ": "00289", "HOUSE_NUMB": 108, "HOUSE_NU_1": null, "HOUSE_NU_2": null, "FIPS": "5025" }, "geometry": { "type": "Point", "coordinates": [ -72.576933213555279, 42.816794646171942 ] } },
{ "type": "Feature", "properties": { "SEGMENTID": 254553, "ESITEID": 285355, "GEONAMEID": 23240, "PD": null, "PT": null, "SN": "QUAKER VILLAGE", "ST": "RD", "SD": null, "PRIMARYNAM": "QUAKER VILLAGE RD", "ALIAS1": null, "ALIAS2": null, "ALIAS3": null, "ALIAS4": null, "ALIAS5": "5/12/2015 7:31:37 PM", "PRIMARYADD": "460 QUAKER VILLAGE RD", "SITETYPE": "FIRE STATION", "TOWNNAME": "WEYBRIDGE", "MCODE": 734, "ESN": 118, "ZIP": "05753", "PARCELNUM": "06-12.000", "GPSX": -73.21296609, "GPSY": 44.04527654, "MAPYEAR": "1998-01-01", "UPDATEDATE": "2023-01-27", "STATE": "VT", "FIPS8": 5001, "SPAN": "741-236-10403", "SUBTYPE": 0, "GlobalID_1": "2426823e-1d2b-4498-926c-85bdabd92242", "UNITCOUNT": 1, "PRIMARYA_1": "460 QUAKER VILLAGE RD WEYBRIDGE", "PRIMARYA_2": "460 QUAKER VILLAGE RD WEYBRIDGE VT 05753", "SITETYPE_M": null, "SITETYPE_1": null, "SITETYPE_2": null, "SITETYPE_3": null, "SITETYPE_4": null, "COUNTY": "ADDISON", "COUNTRY": "US", "SOURCEOFDA": "Vermont Enhanced 911 Board", "DRIVEWAYID": 0, "ESZ": "00118", "HOUSE_NUMB": 460, "HOUSE_NU_1": null, "HOUSE_NU_2": null, "FIPS": "5001" }, "geometry": { "type": "Point", "coordinates": [ -73.212964827175014, 44.045274148210432 ] } },
{ "type": "Feature", "properties": { "SEGMENTID": 5656, "ESITEID": 140991, "GEONAMEID": 11094, "PD": null, "PT": null, "SN": "VT ROUTE 100", "ST": null, "SD": null, "PRIMARYNAM": "VT ROUTE 100", "ALIAS1": "ROUTE 100 N", "ALIAS2": "ROUTE 100 S", "ALIAS3": null, "ALIAS4": null, "ALIAS5": "12/2/2016 12:31:50 PM", "PRIMARYADD": "5862 VT ROUTE 100", "SITETYPE": "FIRE STATION", "TOWNNAME": "LONDONDERRY", "MCODE": 611, "ESN": 329, "ZIP": "05148", "PARCELNUM": "102038-", "GPSX": -72.806477, "GPSY": 43.22774245, "MAPYEAR": "1998-01-01", "UPDATEDATE": "2023-03-31", "STATE": "VT", "FIPS8": 5025, "SPAN": "357-110-23239", "SUBTYPE": 0, "GlobalID_1": "484d7bc1-b238-4e33-a9c6-1731f4176245", "UNITCOUNT": 1, "PRIMARYA_1": "5862 VT ROUTE 100 LONDONDERRY", "PRIMARYA_2": "5862 VT ROUTE 100 LONDONDERRY VT 05148", "SITETYPE_M": null, "SITETYPE_1": null, "SITETYPE_2": null, "SITETYPE_3": null, "SITETYPE_4": null, "COUNTY": "WINDHAM", "COUNTRY": "US", "SOURCEOFDA": "Vermont Enhanced 911 Board", "DRIVEWAYID": 0, "ESZ": "00329", "HOUSE_NUMB": 5862, "HOUSE_NU_1": null, "HOUSE_NU_2": null, "FIPS": "5025" }, "geometry": { "type": "Point", "coordinates": [ -72.806477218494152, 43.227741375498134 ] } },
{ "type": "Feature", "properties": { "SEGMENTID": 14053, "ESITEID": 20629, "GEONAMEID": 1801, "PD": null, "PT": null, "SN": "GORE", "ST": "RD", "SD": null, "PRIMARYNAM": "GORE RD", "ALIAS1": null, "ALIAS2": null, "ALIAS3": null, "ALIAS4": null, "ALIAS5": "5/12/2015 11:39:35 PM", "PRIMARYADD": "63 GORE RD", "SITETYPE": "FIRE STATION", "TOWNNAME": "BENNINGTON", "MCODE": 514, "ESN": 401, "ZIP": "05201", "PARCELNUM": "58520800-", "GPSX": -73.17615788000001, "GPSY": 42.87080043, "MAPYEAR": "1998-01-01", "UPDATEDATE": "2023-01-27", "STATE": "VT", "FIPS8": 5003, "SPAN": "051-015-69441", "SUBTYPE": 0, "GlobalID_1": "22a0dcb5-c40f-42c9-bd48-adc73e69d45a", "UNITCOUNT": 1, "PRIMARYA_1": "63 GORE RD BENNINGTON", "PRIMARYA_2": "63 GORE RD BENNINGTON VT 05201", "SITETYPE_M": null, "SITETYPE_1": null, "SITETYPE_2": null, "SITETYPE_3": null, "SITETYPE_4": null, "COUNTY": "BENNINGTON", "COUNTRY": "US", "SOURCEOFDA": "Vermont Enhanced 911 Board", "DRIVEWAYID": 0, "ESZ": "00401", "HOUSE_NUMB": 63, "HOUSE_NU_1": null, "HOUSE_NU_2": null, "FIPS": "5003" }, "geometry": { "type": "Point", "coordinates": [ -73.176157829870533, 42.870800090885481 ] } },
{ "type": "Feature", "properties": { "SEGMENTID": 311071, "ESITEID": 333310, "GEONAMEID": 5281, "PD": null, "PT": null, "SN": "CHURCH", "ST": "RD", "SD": null, "PRIMARYNAM": "CHURCH RD", "ALIAS1": null, "ALIAS2": null, "ALIAS3": null, "ALIAS4": null, "ALIAS5": "7/2/2020 12:18:40 PM", "PRIMARYADD": "838 CHURCH RD", "SITETYPE": "FIRE STATION", "TOWNNAME": "COLCHESTER", "MCODE": 548, "ESN": 320, "ZIP": "05446", "PARCELNUM": "41-034002-0000000", "GPSX": -73.25137501, "GPSY": 44.53924599, "MAPYEAR": "2008-08-18", "UPDATEDATE": "2023-01-27", "STATE": "VT", "FIPS8": 5007, "SPAN": "153-048-17829", "SUBTYPE": 0, "GlobalID_1": "fa86bdeb-64ea-42af-8342-2778b7419571", "UNITCOUNT": 1, "PRIMARYA_1": "838 CHURCH RD COLCHESTER", "PRIMARYA_2": "838 CHURCH RD COLCHESTER VT 05446", "SITETYPE_M": null, "SITETYPE_1": null, "SITETYPE_2": null, "SITETYPE_3": null, "SITETYPE_4": null, "COUNTY": "CHITTENDEN", "COUNTRY": "US", "SOURCEOFDA": "Vermont Enhanced 911 Board", "DRIVEWAYID": 0, "ESZ": "00320", "HOUSE_NUMB": 838, "HOUSE_NU_1": null, "HOUSE_NU_2": null, "FIPS": "5007" }, "geometry": { "type": "Point", "coordinates": [ -73.251375651268802, 44.539243063618308 ] } },
{ "type": "Feature", "properties": { "SEGMENTID": 35170, "ESITEID": 214956, "GEONAMEID": 17457, "PD": null, "PT": null, "SN": "BUSINESS ROUTE 4", "ST": null, "SD": null, "PRIMARYNAM": "BUSINESS ROUTE 4", "ALIAS1": "ROUTE 4 W", "ALIAS2": null, "ALIAS3": null, "ALIAS4": null, "ALIAS5": "5/12/2015 11:25:44 PM", "PRIMARYADD": "619 BUSINESS ROUTE 4", "SITETYPE": "FIRE STATION", "TOWNNAME": "RUTLAND TOWN", "MCODE": 670, "ESN": 220, "ZIP": "05736", "PARCELNUM": "00013-0619-", "GPSX": -73.01577492, "GPSY": 43.60311061, "MAPYEAR": "1998-01-01", "UPDATEDATE": "2023-01-27", "STATE": "VT", "FIPS8": 5021, "SPAN": "543-171-11706", "SUBTYPE": 0, "GlobalID_1": "54f61ace-3a62-4d57-9f36-2087441c89ec", "UNITCOUNT": 1, "PRIMARYA_1": "619 BUSINESS ROUTE 4 RUTLAND TOWN", "PRIMARYA_2": "619 BUSINESS ROUTE 4 RUTLAND TOWN VT 05736", "SITETYPE_M": null, "SITETYPE_1": null, "SITETYPE_2": null, "SITETYPE_3": null, "SITETYPE_4": null, "COUNTY": "RUTLAND", "COUNTRY": "US", "SOURCEOFDA": "Vermont Enhanced 911 Board", "DRIVEWAYID": 0, "ESZ": "00220", "HOUSE_NUMB": 619, "HOUSE_NU_1": null, "HOUSE_NU_2": null, "FIPS": "5021" }, "geometry": { "type": "Point", "coordinates": [ -73.015774334616324, 43.603109136888271 ] } },
{ "type": "Feature", "properties": { "SEGMENTID": 6788, "ESITEID": 94221, "GEONAMEID": 6935, "PD": null, "PT": null, "SN": "SAMPSONVILLE", "ST": "RD", "SD": null, "PRIMARYNAM": "SAMPSONVILLE RD", "ALIAS1": null, "ALIAS2": null, "ALIAS3": null, "ALIAS4": null, "ALIAS5": null, "PRIMARYADD": "83 SAMPSONVILLE RD", "SITETYPE": "FIRE STATION", "TOWNNAME": "ENOSBURGH", "MCODE": 565, "ESN": 186, "ZIP": "05450", "PARCELNUM": "SM0083-X", "GPSX": -72.79565317, "GPSY": 44.91489755, "MAPYEAR": "1998-01-01", "UPDATEDATE": "2023-05-08", "STATE": "VT", "FIPS8": 5011, "SPAN": "204-065-11339", "SUBTYPE": 0, "GlobalID_1": "676151bb-4d78-47d7-91ef-1d6ef4859083", "UNITCOUNT": 1, "PRIMARYA_1": "83 SAMPSONVILLE RD ENOSBURGH", "PRIMARYA_2": "83 SAMPSONVILLE RD ENOSBURGH VT 05450", "SITETYPE_M": null, "SITETYPE_1": null, "SITETYPE_2": null, "SITETYPE_3": null, "SITETYPE_4": null, "COUNTY": "FRANKLIN", "COUNTRY": "US", "SOURCEOFDA": "Vermont Enhanced 911 Board", "DRIVEWAYID": 0, "ESZ": "00186", "HOUSE_NUMB": 83, "HOUSE_NU_1": null, "HOUSE_NU_2": null, "FIPS": "5011" }, "geometry": { "type": "Point", "coordinates": [ -72.795653653636606, 44.914895327192127 ] } },
{ "type": "Feature", "properties": { "SEGMENTID": 33453, "ESITEID": 51634, "GEONAMEID": 31346, "PD": null, "PT": null, "SN": "FERGUSON", "ST": "AVE", "SD": null, "PRIMARYNAM": "FERGUSON AVE", "ALIAS1": null, "ALIAS2": null, "ALIAS3": null, "ALIAS4": null, "ALIAS5": "11/10/2020 9:02:25 AM", "PRIMARYADD": "23 FERGUSON AVE", "SITETYPE": "FIRE STATION", "TOWNNAME": "BURLINGTON", "MCODE": 535, "ESN": 355, "ZIP": "05401", "PARCELNUM": "057-2-061.000", "GPSX": -73.21680022, "GPSY": 44.45417661, "MAPYEAR": "2003-01-28", "UPDATEDATE": "2023-01-27", "STATE": "VT", "FIPS8": 5007, "SPAN": "114-035-19606", "SUBTYPE": 0, "GlobalID_1": "4ed4b03f-9f16-4832-a254-ac07342fd1b0", "UNITCOUNT": 1, "PRIMARYA_1": "23 FERGUSON AVE BURLINGTON", "PRIMARYA_2": "23 FERGUSON AVE BURLINGTON VT 05401", "SITETYPE_M": null, "SITETYPE_1": null, "SITETYPE_2": null, "SITETYPE_3": null, "SITETYPE_4": null, "COUNTY": "CHITTENDEN", "COUNTRY": "US", "SOURCEOFDA": "Vermont Enhanced 911 Board", "DRIVEWAYID": 0, "ESZ": "00355", "HOUSE_NUMB": 23, "HOUSE_NU_1": null, "HOUSE_NU_2": null, "FIPS": "5007" }, "geometry": { "type": "Point", "coordinates": [ -73.216800458228434, 44.454174238857441 ] } },
{ "type": "Feature", "properties": { "SEGMENTID": 39172, "ESITEID": 302738, "GEONAMEID": 24643, "PD": null, "PT": null, "SN": "WOODSTOCK", "ST": "RD", "SD": null, "PRIMARYNAM": "WOODSTOCK RD", "ALIAS1": null, "ALIAS2": null, "ALIAS3": null, "ALIAS4": "BB", "ALIAS5": "8/23/2018 8:23:06 AM", "PRIMARYADD": "454 WOODSTOCK RD", "SITETYPE": "FIRE STATION", "TOWNNAME": "WOODSTOCK", "MCODE": 748, "ESN": 250, "ZIP": "05091", "PARCELNUM": "21.53.25.", "GPSX": -72.50530242000001, "GPSY": 43.63017654, "MAPYEAR": "1998-01-01", "UPDATEDATE": "2023-01-28", "STATE": "VT", "FIPS8": 5027, "SPAN": "786-250-11907", "SUBTYPE": 0, "GlobalID_1": "58cdc8e6-935c-41f5-9f46-db7721d8bc02", "UNITCOUNT": 1, "PRIMARYA_1": "454 WOODSTOCK RD WOODSTOCK", "PRIMARYA_2": "454 WOODSTOCK RD WOODSTOCK VT 05091", "SITETYPE_M": null, "SITETYPE_1": null, "SITETYPE_2": null, "SITETYPE_3": null, "SITETYPE_4": null, "COUNTY": "WINDSOR", "COUNTRY": "US", "SOURCEOFDA": "Vermont Enhanced 911 Board", "DRIVEWAYID": 0, "ESZ": "00250", "HOUSE_NUMB": 454, "HOUSE_NU_1": null, "HOUSE_NU_2": null, "FIPS": "5027" }, "geometry": { "type": "Point", "coordinates": [ -72.505301608003677, 43.630174836906832 ] } },
{ "type": "Feature", "properties": { "SEGMENTID": 36366, "ESITEID": 18357, "GEONAMEID": 1868, "PD": null, "PT": null, "SN": "WEST", "ST": "RD", "SD": null, "PRIMARYNAM": "WEST RD", "ALIAS1": null, "ALIAS2": null, "ALIAS3": null, "ALIAS4": null, "ALIAS5": "5/12/2015 11:42:25 PM", "PRIMARYADD": "900 WEST RD", "SITETYPE": "FIRE STATION", "TOWNNAME": "BENNINGTON", "MCODE": 514, "ESN": 401, "ZIP": "05201", "PARCELNUM": "08011702-", "GPSX": -73.22910972, "GPSY": 42.88146162, "MAPYEAR": "1998-01-01", "UPDATEDATE": "2023-01-27", "STATE": "VT", "FIPS8": 5003, "SPAN": "051-015-64139", "SUBTYPE": 0, "GlobalID_1": "4edee11c-e66f-4d51-9f15-f971e05c307d", "UNITCOUNT": 1, "PRIMARYA_1": "900 WEST RD BENNINGTON", "PRIMARYA_2": "900 WEST RD BENNINGTON VT 05201", "SITETYPE_M": null, "SITETYPE_1": null, "SITETYPE_2": null, "SITETYPE_3": null, "SITETYPE_4": null, "COUNTY": "BENNINGTON", "COUNTRY": "US", "SOURCEOFDA": "Vermont Enhanced 911 Board", "DRIVEWAYID": 0, "ESZ": "00401", "HOUSE_NUMB": 900, "HOUSE_NU_1": null, "HOUSE_NU_2": null, "FIPS": "5003" }, "geometry": { "type": "Point", "coordinates": [ -73.229109628683773, 42.881461305508523 ] } },
{ "type": "Feature", "properties": { "SEGMENTID": 51670, "ESITEID": 187334, "GEONAMEID": 14933, "PD": null, "PT": null, "SN": "VT ROUTE 100", "ST": null, "SD": null, "PRIMARYNAM": "VT ROUTE 100", "ALIAS1": null, "ALIAS2": "VT ROUTE 100", "ALIAS3": null, "ALIAS4": null, "ALIAS5": "9/8/2017 2:02:38 PM", "PRIMARYADD": "3956 VT ROUTE 100", "SITETYPE": "FIRE STATION", "TOWNNAME": "PITTSFIELD", "MCODE": 649, "ESN": 424, "ZIP": "05762", "PARCELNUM": "99-3956-000", "GPSX": -72.81247032, "GPSY": 43.77284973, "MAPYEAR": "1998-01-01", "UPDATEDATE": "2023-01-27", "STATE": "VT", "FIPS8": 5021, "SPAN": "477-150-02110", "SUBTYPE": 0, "GlobalID_1": "a1b916d5-40ec-4010-acdd-e092c7464856", "UNITCOUNT": 1, "PRIMARYA_1": "3956 VT ROUTE 100 PITTSFIELD", "PRIMARYA_2": "3956 VT ROUTE 100 PITTSFIELD VT 05762", "SITETYPE_M": null, "SITETYPE_1": null, "SITETYPE_2": null, "SITETYPE_3": null, "SITETYPE_4": null, "COUNTY": "RUTLAND", "COUNTRY": "US", "SOURCEOFDA": "Vermont Enhanced 911 Board", "DRIVEWAYID": 0, "ESZ": "00424", "HOUSE_NUMB": 3956, "HOUSE_NU_1": null, "HOUSE_NU_2": null, "FIPS": "5021" }, "geometry": { "type": "Point", "coordinates": [ -72.812469496261329, 43.772848089846839 ] } },
{ "type": "Feature", "properties": { "SEGMENTID": 32889, "ESITEID": 253251, "GEONAMEID": 25073, "PD": null, "PT": null, "SN": "TOWN GARAGE", "ST": "RD", "SD": null, "PRIMARYNAM": "TOWN GARAGE RD", "ALIAS1": null, "ALIAS2": null, "ALIAS3": null, "ALIAS4": null, "ALIAS5": "6/1/2021 4:45:30 PM", "PRIMARYADD": "8 TOWN GARAGE RD", "SITETYPE": "FIRE STATION", "TOWNNAME": "STRATTON", "MCODE": 697, "ESN": 562, "ZIP": "05360", "PARCELNUM": "1200028.", "GPSX": -72.88300958000001, "GPSY": 43.05656344, "MAPYEAR": "1998-01-01", "UPDATEDATE": "2023-01-27", "STATE": "VT", "FIPS8": 5025, "SPAN": "627-197-11214", "SUBTYPE": 0, "GlobalID_1": "21aa35b4-5190-48f2-bc1c-8ee88d513d4c", "UNITCOUNT": 1, "PRIMARYA_1": "8 TOWN GARAGE RD STRATTON", "PRIMARYA_2": "8 TOWN GARAGE RD STRATTON VT 05360", "SITETYPE_M": null, "SITETYPE_1": null, "SITETYPE_2": null, "SITETYPE_3": null, "SITETYPE_4": null, "COUNTY": "WINDHAM", "COUNTRY": "US", "SOURCEOFDA": "Vermont Enhanced 911 Board", "DRIVEWAYID": 0, "ESZ": "00562", "HOUSE_NUMB": 8, "HOUSE_NU_1": null, "HOUSE_NU_2": null, "FIPS": "5025" }, "geometry": { "type": "Point", "coordinates": [ -72.883009959461134, 43.056562681318738 ] } },
{ "type": "Feature", "properties": { "SEGMENTID": 21366, "ESITEID": 174419, "GEONAMEID": 13611, "PD": null, "PT": null, "SN": "SNAKE", "ST": "RD", "SD": null, "PRIMARYNAM": "SNAKE RD", "ALIAS1": null, "ALIAS2": null, "ALIAS3": null, "ALIAS4": null, "ALIAS5": "5/12/2015 11:26:20 PM", "PRIMARYADD": "2745 SNAKE RD", "SITETYPE": "FIRE STATION", "TOWNNAME": "NEWBURY", "MCODE": 635, "ESN": 478, "ZIP": "05051", "PARCELNUM": "00E060.", "GPSX": -72.11824798000001, "GPSY": 44.06394577, "MAPYEAR": "1998-01-01", "UPDATEDATE": "2023-01-27", "STATE": "VT", "FIPS8": 5017, "SPAN": "426-133-11475", "SUBTYPE": 0, "GlobalID_1": "ed5d68c1-26b5-4a4b-8367-1562b9b820c9", "UNITCOUNT": 1, "PRIMARYA_1": "2745 SNAKE RD NEWBURY", "PRIMARYA_2": "2745 SNAKE RD NEWBURY VT 05051", "SITETYPE_M": null, "SITETYPE_1": null, "SITETYPE_2": null, "SITETYPE_3": null, "SITETYPE_4": null, "COUNTY": "ORANGE", "COUNTRY": "US", "SOURCEOFDA": "Vermont Enhanced 911 Board", "DRIVEWAYID": 0, "ESZ": "00478", "HOUSE_NUMB": 2745, "HOUSE_NU_1": null, "HOUSE_NU_2": null, "FIPS": "5017" }, "geometry": { "type": "Point", "coordinates": [ -72.118247036432109, 44.06394352788034 ] } },
{ "type": "Feature", "properties": { "SEGMENTID": 310799, "ESITEID": 109383, "GEONAMEID": 25207, "PD": null, "PT": null, "SN": "MAIN", "ST": "ST", "SD": null, "PRIMARYNAM": "MAIN ST", "ALIAS1": null, "ALIAS2": null, "ALIAS3": null, "ALIAS4": null, "ALIAS5": "6/22/2016 10:49:51 AM", "PRIMARYADD": "5154 MAIN ST", "SITETYPE": "FIRE STATION", "TOWNNAME": "FRANKLIN", "MCODE": 574, "ESN": 188, "ZIP": "05457", "PARCELNUM": "00895-", "GPSX": -72.91512751, "GPSY": 44.98143954, "MAPYEAR": "1998-01-01", "UPDATEDATE": "2023-01-27", "STATE": "VT", "FIPS8": 5011, "SPAN": "234-075-10301", "SUBTYPE": 0, "GlobalID_1": "a058dbbc-7dee-4d95-a19b-8bcacf3d4698", "UNITCOUNT": 1, "PRIMARYA_1": "5154 MAIN ST FRANKLIN", "PRIMARYA_2": "5154 MAIN ST FRANKLIN VT 05457", "SITETYPE_M": null, "SITETYPE_1": null, "SITETYPE_2": null, "SITETYPE_3": null, "SITETYPE_4": null, "COUNTY": "FRANKLIN", "COUNTRY": "US", "SOURCEOFDA": "Vermont Enhanced 911 Board", "DRIVEWAYID": 0, "ESZ": "00188", "HOUSE_NUMB": 5154, "HOUSE_NU_1": null, "HOUSE_NU_2": null, "FIPS": "5011" }, "geometry": { "type": "Point", "coordinates": [ -72.915128252286124, 44.981437272608872 ] } },
{ "type": "Feature", "properties": { "SEGMENTID": 10196, "ESITEID": 314819, "GEONAMEID": 1963, "PD": null, "PT": null, "SN": "RIVER", "ST": "ST", "SD": null, "PRIMARYNAM": "RIVER ST", "ALIAS1": null, "ALIAS2": null, "ALIAS3": null, "ALIAS4": null, "ALIAS5": "5/12/2015 11:40:20 PM", "PRIMARYADD": "130 RIVER ST", "SITETYPE": "FIRE STATION", "TOWNNAME": "BENNINGTON", "MCODE": 514, "ESN": 403, "ZIP": "05201", "PARCELNUM": "50506201-", "GPSX": -73.19995019, "GPSY": 42.88238018, "MAPYEAR": "1998-01-01", "UPDATEDATE": "2023-01-27", "STATE": "VT", "FIPS8": 5003, "SPAN": "051-015-66926", "SUBTYPE": 0, "GlobalID_1": "9a4956bc-2741-49d6-a6a8-48b25d40441c", "UNITCOUNT": 1, "PRIMARYA_1": "130 RIVER ST BENNINGTON", "PRIMARYA_2": "130 RIVER ST BENNINGTON VT 05201", "SITETYPE_M": null, "SITETYPE_1": null, "SITETYPE_2": null, "SITETYPE_3": null, "SITETYPE_4": null, "COUNTY": "BENNINGTON", "COUNTRY": "US", "SOURCEOFDA": "Vermont Enhanced 911 Board", "DRIVEWAYID": 0, "ESZ": "00403", "HOUSE_NUMB": 130, "HOUSE_NU_1": null, "HOUSE_NU_2": null, "FIPS": "5003" }, "geometry": { "type": "Point", "coordinates": [ -73.199950127669595, 42.882379843616022 ] } },
{ "type": "Feature", "properties": { "SEGMENTID": 51379, "ESITEID": 269280, "GEONAMEID": 21627, "PD": null, "PT": null, "SN": "RAILROAD", "ST": "ST", "SD": null, "PRIMARYNAM": "RAILROAD ST", "ALIAS1": null, "ALIAS2": null, "ALIAS3": null, "ALIAS4": null, "ALIAS5": "5/13/2015 2:03:00 PM", "PRIMARYADD": "17 RAILROAD ST", "SITETYPE": "FIRE STATION", "TOWNNAME": "WALLINGFORD", "MCODE": 715, "ESN": 375, "ZIP": "05773", "PARCELNUM": "9990100", "GPSX": -72.97966003000001, "GPSY": 43.4722023, "MAPYEAR": "1998-01-01", "UPDATEDATE": "2023-01-27", "STATE": "VT", "FIPS8": 5021, "SPAN": "681-216-11118", "SUBTYPE": 0, "GlobalID_1": "a1843acf-ae90-46f8-a0fe-572bec1063e3", "UNITCOUNT": 1, "PRIMARYA_1": "17 RAILROAD ST WALLINGFORD", "PRIMARYA_2": "17 RAILROAD ST WALLINGFORD VT 05773", "SITETYPE_M": null, "SITETYPE_1": null, "SITETYPE_2": null, "SITETYPE_3": null, "SITETYPE_4": null, "COUNTY": "RUTLAND", "COUNTRY": "US", "SOURCEOFDA": "Vermont Enhanced 911 Board", "DRIVEWAYID": 0, "ESZ": "00375", "HOUSE_NUMB": 17, "HOUSE_NU_1": null, "HOUSE_NU_2": null, "FIPS": "5021" }, "geometry": { "type": "Point", "coordinates": [ -72.979659775378977, 43.47220103433694 ] } },
{ "type": "Feature", "properties": { "SEGMENTID": 26422, "ESITEID": 216393, "GEONAMEID": 17716, "PD": null, "PT": null, "SN": "US ROUTE 7", "ST": null, "SD": null, "PRIMARYNAM": "US ROUTE 7", "ALIAS1": "ETHAN ALLEN HWY", "ALIAS2": "ROUTE 7", "ALIAS3": null, "ALIAS4": null, "ALIAS5": "5/12/2015 7:33:13 PM", "PRIMARYADD": "2399 US ROUTE 7", "SITETYPE": "FIRE STATION", "TOWNNAME": "SALISBURY", "MCODE": 672, "ESN": 337, "ZIP": "05769", "PARCELNUM": "0607034-", "GPSX": -73.11057126, "GPSY": 43.92356312, "MAPYEAR": "1998-01-01", "UPDATEDATE": "2023-01-27", "STATE": "VT", "FIPS8": 5001, "SPAN": "561-177-10643", "SUBTYPE": 0, "GlobalID_1": "3f4ee649-c975-44bb-9edc-419be3d3c482", "UNITCOUNT": 1, "PRIMARYA_1": "2399 US ROUTE 7 SALISBURY", "PRIMARYA_2": "2399 US ROUTE 7 SALISBURY VT 05769", "SITETYPE_M": null, "SITETYPE_1": null, "SITETYPE_2": null, "SITETYPE_3": null, "SITETYPE_4": null, "COUNTY": "ADDISON", "COUNTRY": "US", "SOURCEOFDA": "Vermont Enhanced 911 Board", "DRIVEWAYID": 0, "ESZ": "00337", "HOUSE_NUMB": 2399, "HOUSE_NU_1": null, "HOUSE_NU_2": null, "FIPS": "5001" }, "geometry": { "type": "Point", "coordinates": [ -73.110569775551312, 43.923561139052723 ] } },
{ "type": "Feature", "properties": { "SEGMENTID": 37775, "ESITEID": 129071, "GEONAMEID": 9891, "PD": null, "PT": null, "SN": "VT ROUTE 116", "ST": null, "SD": null, "PRIMARYNAM": "VT ROUTE 116", "ALIAS1": null, "ALIAS2": null, "ALIAS3": null, "ALIAS4": null, "ALIAS5": "5/13/2015 12:19:41 AM", "PRIMARYADD": "10340 VT ROUTE 116", "SITETYPE": "FIRE STATION", "TOWNNAME": "HINESBURG", "MCODE": 594, "ESN": 448, "ZIP": "05461", "PARCELNUM": "001704.", "GPSX": -73.11223612000001, "GPSY": 44.33323083, "MAPYEAR": "1998-01-01", "UPDATEDATE": "2023-01-27", "STATE": "VT", "FIPS8": 5007, "SPAN": "294-093-11664", "SUBTYPE": 0, "GlobalID_1": "a3b8a42e-3eac-4725-8865-021be58fb4da", "UNITCOUNT": 1, "PRIMARYA_1": "10340 VT ROUTE 116 HINESBURG", "PRIMARYA_2": "10340 VT ROUTE 116 HINESBURG VT 05461", "SITETYPE_M": null, "SITETYPE_1": null, "SITETYPE_2": null, "SITETYPE_3": null, "SITETYPE_4": null, "COUNTY": "CHITTENDEN", "COUNTRY": "US", "SOURCEOFDA": "Vermont Enhanced 911 Board", "DRIVEWAYID": 0, "ESZ": "00448", "HOUSE_NUMB": 10340, "HOUSE_NU_1": null, "HOUSE_NU_2": null, "FIPS": "5007" }, "geometry": { "type": "Point", "coordinates": [ -73.112235747593559, 44.333228743599001 ] } },
{ "type": "Feature", "properties": { "SEGMENTID": 3252, "ESITEID": 265968, "GEONAMEID": 28640, "PD": null, "PT": null, "SN": "FORT BRIDGMAN", "ST": "RD", "SD": null, "PRIMARYNAM": "FORT BRIDGMAN RD", "ALIAS1": "ROUTE 142", "ALIAS2": null, "ALIAS3": null, "ALIAS4": null, "ALIAS5": "9/20/2016 1:30:51 PM", "PRIMARYADD": "2842 FORT BRIDGMAN RD", "SITETYPE": "FIRE STATION", "TOWNNAME": "VERNON", "MCODE": 710, "ESN": 397, "ZIP": "05354", "PARCELNUM": "293700.", "GPSX": -72.50301766, "GPSY": 42.76115615, "MAPYEAR": "2003-01-22", "UPDATEDATE": "2023-01-27", "STATE": "VT", "FIPS8": 5025, "SPAN": "666-211-10835", "SUBTYPE": 0, "GlobalID_1": "4c1df66b-0b73-4104-a339-a88c1d9bea8a", "UNITCOUNT": 1, "PRIMARYA_1": "2842 FORT BRIDGMAN RD VERNON", "PRIMARYA_2": "2842 FORT BRIDGMAN RD VERNON VT 05354", "SITETYPE_M": null, "SITETYPE_1": null, "SITETYPE_2": null, "SITETYPE_3": null, "SITETYPE_4": null, "COUNTY": "WINDHAM", "COUNTRY": "US", "SOURCEOFDA": "Vermont Enhanced 911 Board", "DRIVEWAYID": 0, "ESZ": "00397", "HOUSE_NUMB": 2842, "HOUSE_NU_1": null, "HOUSE_NU_2": null, "FIPS": "5025" }, "geometry": { "type": "Point", "coordinates": [ -72.503017017860074, 42.761156389862201 ] } },
{ "type": "Feature", "properties": { "SEGMENTID": 30136, "ESITEID": 37398, "GEONAMEID": 3194, "PD": null, "PT": null, "SN": "CROWN POINT", "ST": "RD", "SD": null, "PRIMARYNAM": "CROWN POINT RD", "ALIAS1": null, "ALIAS2": null, "ALIAS3": null, "ALIAS4": null, "ALIAS5": "5/12/2015 7:32:40 PM", "PRIMARYADD": "82 CROWN POINT RD", "SITETYPE": "FIRE STATION", "TOWNNAME": "BRIDPORT", "MCODE": 526, "ESN": 407, "ZIP": "05734", "PARCELNUM": "07-103.", "GPSX": -73.31534107, "GPSY": 43.98446006, "MAPYEAR": "1998-01-01", "UPDATEDATE": "2023-01-27", "STATE": "VT", "FIPS8": 5001, "SPAN": "087-027-10670", "SUBTYPE": 0, "GlobalID_1": "4cc15fca-8def-4107-8058-e40b527939ec", "UNITCOUNT": 1, "PRIMARYA_1": "82 CROWN POINT RD BRIDPORT", "PRIMARYA_2": "82 CROWN POINT RD BRIDPORT VT 05734", "SITETYPE_M": null, "SITETYPE_1": null, "SITETYPE_2": null, "SITETYPE_3": null, "SITETYPE_4": null, "COUNTY": "ADDISON", "COUNTRY": "US", "SOURCEOFDA": "Vermont Enhanced 911 Board", "DRIVEWAYID": 0, "ESZ": "00407", "HOUSE_NUMB": 82, "HOUSE_NU_1": null, "HOUSE_NU_2": null, "FIPS": "5001" }, "geometry": { "type": "Point", "coordinates": [ -73.315339590178311, 43.984457615640309 ] } },
{ "type": "Feature", "properties": { "SEGMENTID": 58072, "ESITEID": 286581, "GEONAMEID": 23375, "PD": null, "PT": null, "SN": "MAPLE", "ST": "DR", "SD": null, "PRIMARYNAM": "MAPLE DR", "ALIAS1": "UPTON ROAD", "ALIAS2": null, "ALIAS3": null, "ALIAS4": null, "ALIAS5": "7/22/2016 3:25:13 PM", "PRIMARYADD": "333 MAPLE DR", "SITETYPE": "FIRE STATION", "TOWNNAME": "WHITINGHAM", "MCODE": 737, "ESN": 392, "ZIP": "05361", "PARCELNUM": "05-0269-", "GPSX": -72.88205722, "GPSY": 42.79190887, "MAPYEAR": "1998-01-01", "UPDATEDATE": "2023-01-27", "STATE": "VT", "FIPS8": 5025, "SPAN": "753-239-11181", "SUBTYPE": 0, "GlobalID_1": "401677ea-9f88-437e-b7cb-dd770cf216dc", "UNITCOUNT": 1, "PRIMARYA_1": "333 MAPLE DR WHITINGHAM", "PRIMARYA_2": "333 MAPLE DR WHITINGHAM VT 05361", "SITETYPE_M": null, "SITETYPE_1": null, "SITETYPE_2": null, "SITETYPE_3": null, "SITETYPE_4": null, "COUNTY": "WINDHAM", "COUNTRY": "US", "SOURCEOFDA": "Vermont Enhanced 911 Board", "DRIVEWAYID": 0, "ESZ": "00392", "HOUSE_NUMB": 333, "HOUSE_NU_1": null, "HOUSE_NU_2": null, "FIPS": "5025" }, "geometry": { "type": "Point", "coordinates": [ -72.882057449611196, 42.791908521896445 ] } },
{ "type": "Feature", "properties": { "SEGMENTID": 750578, "ESITEID": 759515, "GEONAMEID": 750521, "PD": null, "PT": null, "SN": "SOUTHGATE", "ST": "LOOP", "SD": null, "PRIMARYNAM": "SOUTHGATE LOOP", "ALIAS1": null, "ALIAS2": null, "ALIAS3": null, "ALIAS4": null, "ALIAS5": "2/1/2022 9:44:08 AM", "PRIMARYADD": "28 SOUTHGATE LOOP", "SITETYPE": "FIRE STATION", "TOWNNAME": "BRIDGEWATER", "MCODE": 525, "ESN": 195, "ZIP": "05034", "PARCELNUM": "02-030.", "GPSX": -72.62329348, "GPSY": 43.58812783, "MAPYEAR": "2021-01-07", "UPDATEDATE": "2023-01-28", "STATE": "VT", "FIPS8": 5027, "SPAN": "084-026-10167", "SUBTYPE": 0, "GlobalID_1": "1dfe1869-dd48-406f-8845-655bdc76b06e", "UNITCOUNT": 1, "PRIMARYA_1": "28 SOUTHGATE LOOP BRIDGEWATER", "PRIMARYA_2": "28 SOUTHGATE LOOP BRIDGEWATER VT 05034", "SITETYPE_M": null, "SITETYPE_1": null, "SITETYPE_2": null, "SITETYPE_3": null, "SITETYPE_4": null, "COUNTY": "WINDSOR", "COUNTRY": "US", "SOURCEOFDA": "Vermont Enhanced 911 Board", "DRIVEWAYID": 0, "ESZ": "00195", "HOUSE_NUMB": 28, "HOUSE_NU_1": null, "HOUSE_NU_2": null, "FIPS": null }, "geometry": { "type": "Point", "coordinates": [ -72.623292790428238, 43.588126245573484 ] } },
{ "type": "Feature", "properties": { "SEGMENTID": 41653, "ESITEID": 13103, "GEONAMEID": 1467, "PD": null, "PT": null, "SN": "MILL", "ST": "ST", "SD": null, "PRIMARYNAM": "MILL ST", "ALIAS1": null, "ALIAS2": null, "ALIAS3": null, "ALIAS4": null, "ALIAS5": "5/12/2015 11:36:08 PM", "PRIMARYADD": "119 MILL ST", "SITETYPE": "FIRE STATION", "TOWNNAME": "BARRE TOWN", "MCODE": 511, "ESN": 399, "ZIP": "05649", "PARCELNUM": "025/171.00", "GPSX": -72.45020847000001, "GPSY": 44.1598881, "MAPYEAR": "1998-01-01", "UPDATEDATE": "2023-07-13", "STATE": "VT", "FIPS8": 5023, "SPAN": "039-012-10262", "SUBTYPE": 0, "GlobalID_1": "fbfbbc97-1e86-4cc6-9d13-2bdc373a08b0", "UNITCOUNT": 1, "PRIMARYA_1": "119 MILL ST BARRE TOWN", "PRIMARYA_2": "119 MILL ST BARRE TOWN VT 05649", "SITETYPE_M": null, "SITETYPE_1": null, "SITETYPE_2": null, "SITETYPE_3": null, "SITETYPE_4": null, "COUNTY": "WASHINGTON", "COUNTRY": "US", "SOURCEOFDA": "Vermont Enhanced 911 Board", "DRIVEWAYID": 0, "ESZ": "00399", "HOUSE_NUMB": 119, "HOUSE_NU_1": null, "HOUSE_NU_2": null, "FIPS": "5023" }, "geometry": { "type": "Point", "coordinates": [ -72.450207854521295, 44.159886430671015 ] } },
{ "type": "Feature", "properties": { "SEGMENTID": 57187, "ESITEID": 119195, "GEONAMEID": 9012, "PD": null, "PT": null, "SN": "WOLCOTT", "ST": "ST", "SD": null, "PRIMARYNAM": "WOLCOTT ST", "ALIAS1": null, "ALIAS2": null, "ALIAS3": null, "ALIAS4": null, "ALIAS5": "5/12/2015 7:33:05 PM", "PRIMARYADD": "333 WOLCOTT ST", "SITETYPE": "FIRE STATION", "TOWNNAME": "HARDWICK", "MCODE": 590, "ESN": 146, "ZIP": "05843", "PARCELNUM": "21089.00000", "GPSX": -72.37186855, "GPSY": 44.50786723, "MAPYEAR": "1998-01-01", "UPDATEDATE": "2023-01-27", "STATE": "VT", "FIPS8": 5005, "SPAN": "282-089-10690", "SUBTYPE": 0, "GlobalID_1": "4914ce87-aae3-434e-9908-93e14195d121", "UNITCOUNT": 1, "PRIMARYA_1": "333 WOLCOTT ST HARDWICK", "PRIMARYA_2": "333 WOLCOTT ST HARDWICK VT 05843", "SITETYPE_M": null, "SITETYPE_1": null, "SITETYPE_2": null, "SITETYPE_3": null, "SITETYPE_4": null, "COUNTY": "CALEDONIA", "COUNTRY": "US", "SOURCEOFDA": "Vermont Enhanced 911 Board", "DRIVEWAYID": 0, "ESZ": "00146", "HOUSE_NUMB": 333, "HOUSE_NU_1": null, "HOUSE_NU_2": null, "FIPS": "5005" }, "geometry": { "type": "Point", "coordinates": [ -72.371868672390931, 44.507865646051862 ] } },
{ "type": "Feature", "properties": { "SEGMENTID": 30224, "ESITEID": 248591, "GEONAMEID": 20073, "PD": null, "PT": null, "SN": "JERUSALEM", "ST": "RD", "SD": null, "PRIMARYNAM": "JERUSALEM RD", "ALIAS1": null, "ALIAS2": null, "ALIAS3": null, "ALIAS4": null, "ALIAS5": "5/12/2015 7:32:02 PM", "PRIMARYADD": "397 JERUSALEM RD", "SITETYPE": "FIRE STATION", "TOWNNAME": "STARKSBORO", "MCODE": 693, "ESN": 287, "ZIP": "05443", "PARCELNUM": "0000TOWN11.", "GPSX": -72.98498535, "GPSY": 44.16959381, "MAPYEAR": "1998-01-01", "UPDATEDATE": "2023-01-27", "STATE": "VT", "FIPS8": 5001, "SPAN": "615-193-10878", "SUBTYPE": 0, "GlobalID_1": "b157087e-e27b-4e1e-b949-67b5ef850737", "UNITCOUNT": 1, "PRIMARYA_1": "397 JERUSALEM RD STARKSBORO", "PRIMARYA_2": "397 JERUSALEM RD STARKSBORO VT 05443", "SITETYPE_M": null, "SITETYPE_1": null, "SITETYPE_2": null, "SITETYPE_3": null, "SITETYPE_4": null, "COUNTY": "ADDISON", "COUNTRY": "US", "SOURCEOFDA": "Vermont Enhanced 911 Board", "DRIVEWAYID": 0, "ESZ": "00287", "HOUSE_NUMB": 397, "HOUSE_NU_1": null, "HOUSE_NU_2": null, "FIPS": "5001" }, "geometry": { "type": "Point", "coordinates": [ -72.98498433214391, 44.169591977527531 ] } },
{ "type": "Feature", "properties": { "SEGMENTID": 253250, "ESITEID": 187696, "GEONAMEID": 431880, "PD": null, "PT": null, "SN": "DORFNER", "ST": "DR", "SD": null, "PRIMARYNAM": "DORFNER DR", "ALIAS1": null, "ALIAS2": null, "ALIAS3": null, "ALIAS4": null, "ALIAS5": null, "PRIMARYADD": "92 DORFNER DR", "SITETYPE": "FIRE STATION", "TOWNNAME": "PITTSFORD", "MCODE": 650, "ESN": 163, "ZIP": "05763", "PARCELNUM": "1714.", "GPSX": -73.01746613, "GPSY": 43.71721477, "MAPYEAR": "1998-01-01", "UPDATEDATE": "2023-03-28", "STATE": "VT", "FIPS8": 5021, "SPAN": "480-151-11466", "SUBTYPE": 0, "GlobalID_1": "29ea3838-acad-4764-8d1c-afb5345b7468", "UNITCOUNT": 1, "PRIMARYA_1": "92 DORFNER DR PITTSFORD", "PRIMARYA_2": "92 DORFNER DR PITTSFORD VT 05763", "SITETYPE_M": null, "SITETYPE_1": null, "SITETYPE_2": null, "SITETYPE_3": null, "SITETYPE_4": null, "COUNTY": "RUTLAND", "COUNTRY": "US", "SOURCEOFDA": "Vermont Enhanced 911 Board", "DRIVEWAYID": 0, "ESZ": "00163", "HOUSE_NUMB": 92, "HOUSE_NU_1": null, "HOUSE_NU_2": null, "FIPS": "5021" }, "geometry": { "type": "Point", "coordinates": [ -73.017465245282196, 43.717213107726316 ] } },
{ "type": "Feature", "properties": { "SEGMENTID": 19558, "ESITEID": 156933, "GEONAMEID": 12331, "PD": null, "PT": null, "SN": "SHADY RILL", "ST": "RD", "SD": null, "PRIMARYNAM": "SHADY RILL RD", "ALIAS1": null, "ALIAS2": null, "ALIAS3": null, "ALIAS4": null, "ALIAS5": "5/12/2015 10:24:13 PM", "PRIMARYADD": "473 SHADY RILL RD", "SITETYPE": "FIRE STATION", "TOWNNAME": "MIDDLESEX", "MCODE": 622, "ESN": 293, "ZIP": "05602", "PARCELNUM": "00002-086.000", "GPSX": -72.60608673, "GPSY": 44.35049819, "MAPYEAR": "1998-01-01", "UPDATEDATE": "2023-01-27", "STATE": "VT", "FIPS8": 5023, "SPAN": "390-121-10570", "SUBTYPE": 0, "GlobalID_1": "4b1b0b4a-32b8-49be-a482-cb4febcf9a76", "UNITCOUNT": 1, "PRIMARYA_1": "473 SHADY RILL RD MIDDLESEX", "PRIMARYA_2": "473 SHADY RILL RD MIDDLESEX VT 05602", "SITETYPE_M": null, "SITETYPE_1": null, "SITETYPE_2": null, "SITETYPE_3": null, "SITETYPE_4": null, "COUNTY": "WASHINGTON", "COUNTRY": "US", "SOURCEOFDA": "Vermont Enhanced 911 Board", "DRIVEWAYID": 0, "ESZ": "00293", "HOUSE_NUMB": 473, "HOUSE_NU_1": null, "HOUSE_NU_2": null, "FIPS": "5023" }, "geometry": { "type": "Point", "coordinates": [ -72.60608623185351, 44.350496734981185 ] } },
{ "type": "Feature", "properties": { "SEGMENTID": 53187, "ESITEID": 132854, "GEONAMEID": 10167, "PD": null, "PT": null, "SN": "CENTERVILLE", "ST": "RD", "SD": null, "PRIMARYNAM": "CENTERVILLE RD", "ALIAS1": null, "ALIAS2": null, "ALIAS3": null, "ALIAS4": null, "ALIAS5": "4/2/2018 11:16:41 AM", "PRIMARYADD": "212 CENTERVILLE RD", "SITETYPE": "FIRE STATION", "TOWNNAME": "HYDE PARK", "MCODE": 598, "ESN": 114, "ZIP": "05655", "PARCELNUM": "21001012.", "GPSX": -72.60898598, "GPSY": 44.59527969, "MAPYEAR": "1998-01-01", "UPDATEDATE": "2023-01-27", "STATE": "VT", "FIPS8": 5015, "SPAN": "306-097-10625", "SUBTYPE": 0, "GlobalID_1": "22259691-5615-4de4-8d34-c4691a0f51ed", "UNITCOUNT": 1, "PRIMARYA_1": "212 CENTERVILLE RD HYDE PARK", "PRIMARYA_2": "212 CENTERVILLE RD HYDE PARK VT 05655", "SITETYPE_M": null, "SITETYPE_1": null, "SITETYPE_2": null, "SITETYPE_3": null, "SITETYPE_4": null, "COUNTY": "LAMOILLE", "COUNTRY": "US", "SOURCEOFDA": "Vermont Enhanced 911 Board", "DRIVEWAYID": 0, "ESZ": "00114", "HOUSE_NUMB": 212, "HOUSE_NU_1": null, "HOUSE_NU_2": null, "FIPS": "5015" }, "geometry": { "type": "Point", "coordinates": [ -72.608985493026239, 44.595278205244256 ] } },
{ "type": "Feature", "properties": { "SEGMENTID": 63522, "ESITEID": 219465, "GEONAMEID": 18045, "PD": null, "PT": null, "SN": "VT ROUTE 14", "ST": null, "SD": null, "PRIMARYNAM": "VT ROUTE 14", "ALIAS1": null, "ALIAS2": "ROUTE 14", "ALIAS3": null, "ALIAS4": null, "ALIAS5": "5/13/2015 12:22:11 AM", "PRIMARYADD": "5808 VT ROUTE 14", "SITETYPE": "FIRE STATION", "TOWNNAME": "SHARON", "MCODE": 676, "ESN": 230, "ZIP": "05065", "PARCELNUM": "N14081.R", "GPSX": -72.46866076000001, "GPSY": 43.7811222, "MAPYEAR": "1998-01-01", "UPDATEDATE": "2024-10-31", "STATE": "VT", "FIPS8": 5027, "SPAN": "576-181-10618", "SUBTYPE": 0, "GlobalID_1": "662341e4-fd13-490f-ab22-eccccc1af123", "UNITCOUNT": 1, "PRIMARYA_1": "5808 VT ROUTE 14 SHARON", "PRIMARYA_2": "5808 VT ROUTE 14 SHARON VT 05065", "SITETYPE_M": null, "SITETYPE_1": null, "SITETYPE_2": null, "SITETYPE_3": null, "SITETYPE_4": null, "COUNTY": "WINDSOR", "COUNTRY": "US", "SOURCEOFDA": "Vermont Enhanced 911 Board", "DRIVEWAYID": 0, "ESZ": "00230", "HOUSE_NUMB": 5808, "HOUSE_NU_1": null, "HOUSE_NU_2": null, "FIPS": "5027" }, "geometry": { "type": "Point", "coordinates": [ -72.468659761738238, 43.781120370820041 ] } },
{ "type": "Feature", "properties": { "SEGMENTID": 45170, "ESITEID": 151084, "GEONAMEID": 11621, "PD": null, "PT": null, "SN": "MAIN", "ST": "ST", "SD": null, "PRIMARYNAM": "MAIN ST", "ALIAS1": null, "ALIAS2": null, "ALIAS3": null, "ALIAS4": null, "ALIAS5": "5/12/2015 10:33:11 PM", "PRIMARYADD": "3632 MAIN ST", "SITETYPE": "FIRE STATION", "TOWNNAME": "MANCHESTER", "MCODE": 617, "ESN": 135, "ZIP": "05254", "PARCELNUM": "9003.", "GPSX": -73.07146453, "GPSY": 43.1629486, "MAPYEAR": "1998-01-01", "UPDATEDATE": "2023-01-27", "STATE": "VT", "FIPS8": 5003, "SPAN": "375-116-10840", "SUBTYPE": 0, "GlobalID_1": "1d67332d-c49f-42e4-bd06-8e2a7c905d1d", "UNITCOUNT": 1, "PRIMARYA_1": "3632 MAIN ST MANCHESTER", "PRIMARYA_2": "3632 MAIN ST MANCHESTER VT 05254", "SITETYPE_M": null, "SITETYPE_1": null, "SITETYPE_2": null, "SITETYPE_3": null, "SITETYPE_4": null, "COUNTY": "BENNINGTON", "COUNTRY": "US", "SOURCEOFDA": "Vermont Enhanced 911 Board", "DRIVEWAYID": 0, "ESZ": "00135", "HOUSE_NUMB": 3632, "HOUSE_NU_1": null, "HOUSE_NU_2": null, "FIPS": "5003" }, "geometry": { "type": "Point", "coordinates": [ -73.071464641746616, 43.162947891134984 ] } },
{ "type": "Feature", "properties": { "SEGMENTID": 26079, "ESITEID": 44321, "GEONAMEID": 30898, "PD": null, "PT": null, "SN": "NORTH", "ST": "AVE", "SD": null, "PRIMARYNAM": "NORTH AVE", "ALIAS1": null, "ALIAS2": null, "ALIAS3": null, "ALIAS4": null, "ALIAS5": "4/21/2021 12:53:25 PM", "PRIMARYADD": "1391 NORTH AVE", "SITETYPE": "FIRE STATION", "TOWNNAME": "BURLINGTON", "MCODE": 535, "ESN": 355, "ZIP": "05408", "PARCELNUM": "028-3-060.000", "GPSX": -73.25236642, "GPSY": 44.51209791, "MAPYEAR": "2003-01-27", "UPDATEDATE": "2023-01-27", "STATE": "VT", "FIPS8": 5007, "SPAN": "114-035-12418", "SUBTYPE": 0, "GlobalID_1": "51de736d-e1de-494c-bd3e-c837e39e980b", "UNITCOUNT": 1, "PRIMARYA_1": "1391 NORTH AVE BURLINGTON", "PRIMARYA_2": "1391 NORTH AVE BURLINGTON VT 05408", "SITETYPE_M": null, "SITETYPE_1": null, "SITETYPE_2": null, "SITETYPE_3": null, "SITETYPE_4": null, "COUNTY": "CHITTENDEN", "COUNTRY": "US", "SOURCEOFDA": "Vermont Enhanced 911 Board", "DRIVEWAYID": 0, "ESZ": "00355", "HOUSE_NUMB": 1391, "HOUSE_NU_1": null, "HOUSE_NU_2": null, "FIPS": "5007" }, "geometry": { "type": "Point", "coordinates": [ -73.252366993261006, 44.512095295301705 ] } },
{ "type": "Feature", "properties": { "SEGMENTID": 9005, "ESITEID": 620684, "GEONAMEID": 18497, "PD": null, "PT": null, "SN": "KILLINGTON", "ST": "RD", "SD": null, "PRIMARYNAM": "KILLINGTON RD", "ALIAS1": null, "ALIAS2": null, "ALIAS3": null, "ALIAS4": null, "ALIAS5": null, "PRIMARYADD": "800 KILLINGTON RD", "SITETYPE": "FIRE STATION", "TOWNNAME": "KILLINGTON", "MCODE": 680, "ESN": 165, "ZIP": "05751", "PARCELNUM": "13805-", "GPSX": -72.7945537, "GPSY": 43.65843564, "MAPYEAR": "2020-02-25", "UPDATEDATE": "2023-03-28", "STATE": "VT", "FIPS8": 5021, "SPAN": "588-185-13805", "SUBTYPE": 0, "GlobalID_1": "c9cd67e6-4e3c-4461-b07f-d063acdfc8af", "UNITCOUNT": 1, "PRIMARYA_1": "800 KILLINGTON RD KILLINGTON", "PRIMARYA_2": "800 KILLINGTON RD KILLINGTON VT 05751", "SITETYPE_M": null, "SITETYPE_1": null, "SITETYPE_2": null, "SITETYPE_3": null, "SITETYPE_4": null, "COUNTY": "RUTLAND", "COUNTRY": "US", "SOURCEOFDA": "Vermont Enhanced 911 Board", "DRIVEWAYID": 0, "ESZ": "00165", "HOUSE_NUMB": 800, "HOUSE_NU_1": null, "HOUSE_NU_2": null, "FIPS": null }, "geometry": { "type": "Point", "coordinates": [ -72.794553039058556, 43.658434092819277 ] } },
{ "type": "Feature", "properties": { "SEGMENTID": 5294, "ESITEID": 236835, "GEONAMEID": 19351, "PD": null, "PT": null, "SN": "HARTNESS", "ST": "AVE", "SD": null, "PRIMARYNAM": "HARTNESS AVE", "ALIAS1": null, "ALIAS2": null, "ALIAS3": null, "ALIAS4": null, "ALIAS5": "10/19/2016 8:16:09 AM", "PRIMARYADD": "77 HARTNESS AVE", "SITETYPE": "FIRE STATION", "TOWNNAME": "SPRINGFIELD", "MCODE": 686, "ESN": 199, "ZIP": "05156", "PARCELNUM": "027/3/29-", "GPSX": -72.47284793, "GPSY": 43.29251412, "MAPYEAR": "1998-01-01", "UPDATEDATE": "2023-01-27", "STATE": "VT", "FIPS8": 5027, "SPAN": "606-190-13491", "SUBTYPE": 0, "GlobalID_1": "1361a0a0-465b-46ee-92f9-1d67e481767d", "UNITCOUNT": 1, "PRIMARYA_1": "77 HARTNESS AVE SPRINGFIELD", "PRIMARYA_2": "77 HARTNESS AVE SPRINGFIELD VT 05156", "SITETYPE_M": "AMBULANCE SERVICE", "SITETYPE_1": null, "SITETYPE_2": null, "SITETYPE_3": null, "SITETYPE_4": null, "COUNTY": "WINDSOR", "COUNTRY": "US", "SOURCEOFDA": "Vermont Enhanced 911 Board", "DRIVEWAYID": 0, "ESZ": "00199", "HOUSE_NUMB": 77, "HOUSE_NU_1": null, "HOUSE_NU_2": null, "FIPS": "5027" }, "geometry": { "type": "Point", "coordinates": [ -72.472847964269079, 43.292512587619946 ] } },
{ "type": "Feature", "properties": { "SEGMENTID": 62614, "ESITEID": 25482, "GEONAMEID": 2702, "PD": null, "PT": null, "SN": "THEODORE ROOSEVELT", "ST": "HWY", "SD": null, "PRIMARYNAM": "THEODORE ROOSEVELT HWY", "ALIAS1": null, "ALIAS2": null, "ALIAS3": null, "ALIAS4": null, "ALIAS5": null, "PRIMARYADD": "3107 THEODORE ROOSEVELT HWY", "SITETYPE": "FIRE STATION", "TOWNNAME": "BOLTON", "MCODE": 520, "ESN": 307, "ZIP": "05676", "PARCELNUM": "TR3045.", "GPSX": -72.8850508, "GPSY": 44.37345575, "MAPYEAR": "1998-01-01", "UPDATEDATE": "2023-03-28", "STATE": "VT", "FIPS8": 5007, "SPAN": "069-021-10963", "SUBTYPE": 0, "GlobalID_1": "0adb714d-fecc-4aa6-995b-bfea23a4be57", "UNITCOUNT": 1, "PRIMARYA_1": "3107 THEODORE ROOSEVELT HWY BOLTON", "PRIMARYA_2": "3107 THEODORE ROOSEVELT HWY BOLTON VT 05676", "SITETYPE_M": null, "SITETYPE_1": null, "SITETYPE_2": null, "SITETYPE_3": null, "SITETYPE_4": null, "COUNTY": "CHITTENDEN", "COUNTRY": "US", "SOURCEOFDA": "Vermont Enhanced 911 Board", "DRIVEWAYID": 0, "ESZ": "00307", "HOUSE_NUMB": 3107, "HOUSE_NU_1": null, "HOUSE_NU_2": null, "FIPS": "5007" }, "geometry": { "type": "Point", "coordinates": [ -72.885050007792742, 44.373454107901985 ] } },
{ "type": "Feature", "properties": { "SEGMENTID": 39982, "ESITEID": 5493, "GEONAMEID": 520, "PD": null, "PT": null, "SN": "MAIN", "ST": "ST", "SD": "N", "PRIMARYNAM": "MAIN ST N", "ALIAS1": "VT ROUTE 108 S", "ALIAS2": "ROUTE 108 S", "ALIAS3": null, "ALIAS4": null, "ALIAS5": "7/27/2016 2:20:02 PM", "PRIMARYADD": "181 MAIN ST N", "SITETYPE": "FIRE STATION", "TOWNNAME": "BAKERSFIELD", "MCODE": 506, "ESN": 183, "ZIP": "05441", "PARCELNUM": "MN008B.", "GPSX": -72.80141752, "GPSY": 44.78459571, "MAPYEAR": "1998-01-01", "UPDATEDATE": "2023-01-27", "STATE": "VT", "FIPS8": 5011, "SPAN": "024-007-10281", "SUBTYPE": 0, "GlobalID_1": "7dda139f-4476-4749-8bdb-193489c46068", "UNITCOUNT": 1, "PRIMARYA_1": "181 MAIN ST N BAKERSFIELD", "PRIMARYA_2": "181 MAIN ST N BAKERSFIELD VT 05441", "SITETYPE_M": null, "SITETYPE_1": null, "SITETYPE_2": null, "SITETYPE_3": null, "SITETYPE_4": null, "COUNTY": "FRANKLIN", "COUNTRY": "US", "SOURCEOFDA": "Vermont Enhanced 911 Board", "DRIVEWAYID": 0, "ESZ": "00183", "HOUSE_NUMB": 181, "HOUSE_NU_1": null, "HOUSE_NU_2": null, "FIPS": "5011" }, "geometry": { "type": "Point", "coordinates": [ -72.801417250057384, 44.784593797320234 ] } },
{ "type": "Feature", "properties": { "SEGMENTID": 410256, "ESITEID": 750453, "GEONAMEID": 20623, "PD": null, "PT": null, "SN": "BURKE", "ST": "RD", "SD": null, "PRIMARYNAM": "BURKE RD", "ALIAS1": null, "ALIAS2": null, "ALIAS3": null, "ALIAS4": null, "ALIAS5": null, "PRIMARYADD": "691 BURKE RD", "SITETYPE": "FIRE STATION", "TOWNNAME": "SUTTON", "MCODE": 700, "ESN": 341, "ZIP": "05867", "PARCELNUM": "200-0691.", "GPSX": -72.0124688, "GPSY": 44.63152032, "MAPYEAR": "2016-06-10", "UPDATEDATE": "2023-03-28", "STATE": "VT", "FIPS8": 5005, "SPAN": "636-200-10564", "SUBTYPE": 0, "GlobalID_1": "65186cbb-5dbf-4955-b441-70c94cf888ef", "UNITCOUNT": 1, "PRIMARYA_1": "691 BURKE RD SUTTON", "PRIMARYA_2": "691 BURKE RD SUTTON VT 05867", "SITETYPE_M": null, "SITETYPE_1": null, "SITETYPE_2": null, "SITETYPE_3": null, "SITETYPE_4": null, "COUNTY": "CALEDONIA", "COUNTRY": "US", "SOURCEOFDA": "Vermont Enhanced 911 Board", "DRIVEWAYID": 0, "ESZ": "00341", "HOUSE_NUMB": 691, "HOUSE_NU_1": null, "HOUSE_NU_2": null, "FIPS": "5005" }, "geometry": { "type": "Point", "coordinates": [ -72.012469898166643, 44.631518222574208 ] } },
{ "type": "Feature", "properties": { "SEGMENTID": 752578, "ESITEID": 78245, "GEONAMEID": 5781, "PD": "N", "PT": null, "SN": "BINGHAM", "ST": "ST", "SD": null, "PRIMARYNAM": "N BINGHAM ST", "ALIAS1": null, "ALIAS2": null, "ALIAS3": null, "ALIAS4": null, "ALIAS5": "10/31/2022 8:54:16 PM", "PRIMARYADD": "63 N BINGHAM ST", "SITETYPE": "FIRE STATION", "TOWNNAME": "CORNWALL", "MCODE": 551, "ESN": 155, "ZIP": "05753", "PARCELNUM": "080138.", "GPSX": -73.23482513, "GPSY": 43.94464111, "MAPYEAR": "1998-01-01", "UPDATEDATE": "2023-01-27", "STATE": "VT", "FIPS8": 5001, "SPAN": "162-051-10523", "SUBTYPE": 0, "GlobalID_1": "4cd21474-35a3-40e7-a850-d74933fd3c8d", "UNITCOUNT": 1, "PRIMARYA_1": "63 N BINGHAM ST CORNWALL", "PRIMARYA_2": "63 N BINGHAM ST CORNWALL VT 05753", "SITETYPE_M": "COMMUNICATION TOWER", "SITETYPE_1": null, "SITETYPE_2": null, "SITETYPE_3": null, "SITETYPE_4": null, "COUNTY": "ADDISON", "COUNTRY": "US", "SOURCEOFDA": "Vermont Enhanced 911 Board", "DRIVEWAYID": 0, "ESZ": "00155", "HOUSE_NUMB": 63, "HOUSE_NU_1": null, "HOUSE_NU_2": null, "FIPS": "5001" }, "geometry": { "type": "Point", "coordinates": [ -73.234823789209216, 43.944638765987925 ] } },
{ "type": "Feature", "properties": { "SEGMENTID": 59, "ESITEID": 172328, "GEONAMEID": 13410, "PD": null, "PT": null, "SN": "MAIN", "ST": "ST", "SD": null, "PRIMARYNAM": "MAIN ST", "ALIAS1": null, "ALIAS2": null, "ALIAS3": null, "ALIAS4": null, "ALIAS5": "6/3/2021 8:24:14 AM", "PRIMARYADD": "1839 MAIN ST", "SITETYPE": "FIRE STATION", "TOWNNAME": "NEW HAVEN", "MCODE": 633, "ESN": 309, "ZIP": "05472", "PARCELNUM": "0232-", "GPSX": -73.14541856, "GPSY": 44.12520893, "MAPYEAR": "1998-01-01", "UPDATEDATE": "2025-04-18", "STATE": "VT", "FIPS8": 5001, "SPAN": "432-135-11018", "SUBTYPE": 0, "GlobalID_1": "af8167c6-8252-4ab3-a809-3102c7751cc5", "UNITCOUNT": 1, "PRIMARYA_1": "1839 MAIN ST NEW HAVEN", "PRIMARYA_2": "1839 MAIN ST NEW HAVEN VT 05472", "SITETYPE_M": null, "SITETYPE_1": null, "SITETYPE_2": null, "SITETYPE_3": null, "SITETYPE_4": null, "COUNTY": "ADDISON", "COUNTRY": "US", "SOURCEOFDA": "Vermont Enhanced 911 Board", "DRIVEWAYID": 0, "ESZ": "00309", "HOUSE_NUMB": 1839, "HOUSE_NU_1": null, "HOUSE_NU_2": null, "FIPS": "5001" }, "geometry": { "type": "Point", "coordinates": [ -73.145416735205842, 44.12520811159095 ] } },
{ "type": "Feature", "properties": { "SEGMENTID": 18206, "ESITEID": 21735, "GEONAMEID": 2295, "PD": null, "PT": null, "SN": "STAGE", "ST": "RD", "SD": null, "PRIMARYNAM": "STAGE RD", "ALIAS1": null, "ALIAS2": null, "ALIAS3": null, "ALIAS4": null, "ALIAS5": "1/19/2023 1:42:30 PM", "PRIMARYADD": "2646 STAGE RD", "SITETYPE": "FIRE STATION", "TOWNNAME": "BENSON", "MCODE": 515, "ESN": 223, "ZIP": "05743", "PARCELNUM": "000010-78", "GPSX": -73.3101647, "GPSY": 43.70728223, "MAPYEAR": "1998-01-01", "UPDATEDATE": "2023-01-27", "STATE": "VT", "FIPS8": 5021, "SPAN": "054-016-10065", "SUBTYPE": 0, "GlobalID_1": "e8cc1fb2-18f4-4312-bccd-601fb999ae0e", "UNITCOUNT": 1, "PRIMARYA_1": "2646 STAGE RD BENSON", "PRIMARYA_2": "2646 STAGE RD BENSON VT 05743", "SITETYPE_M": null, "SITETYPE_1": null, "SITETYPE_2": null, "SITETYPE_3": null, "SITETYPE_4": null, "COUNTY": "RUTLAND", "COUNTRY": "US", "SOURCEOFDA": "Vermont Enhanced 911 Board", "DRIVEWAYID": 0, "ESZ": "00223", "HOUSE_NUMB": 2646, "HOUSE_NU_1": null, "HOUSE_NU_2": null, "FIPS": "5021" }, "geometry": { "type": "Point", "coordinates": [ -73.31016352645355, 43.707280581214782 ] } },
{ "type": "Feature", "properties": { "SEGMENTID": 47132, "ESITEID": 171720, "GEONAMEID": 13320, "PD": null, "PT": null, "SN": "CHURCH", "ST": "ST", "SD": null, "PRIMARYNAM": "CHURCH ST", "ALIAS1": null, "ALIAS2": null, "ALIAS3": null, "ALIAS4": null, "ALIAS5": "4/28/2022 1:50:51 PM", "PRIMARYADD": "52 CHURCH ST", "SITETYPE": "FIRE STATION", "TOWNNAME": "MOUNT HOLLY", "MCODE": 631, "ESN": 377, "ZIP": "05758", "PARCELNUM": "10E6134.00", "GPSX": -72.82014511, "GPSY": 43.41452296, "MAPYEAR": "1998-01-01", "UPDATEDATE": "2023-01-27", "STATE": "VT", "FIPS8": 5021, "SPAN": "417-130-10777", "SUBTYPE": 0, "GlobalID_1": "3e5d299e-d8ac-4472-92bc-16ff95b314f3", "UNITCOUNT": 1, "PRIMARYA_1": "52 CHURCH ST MOUNT HOLLY", "PRIMARYA_2": "52 CHURCH ST MOUNT HOLLY VT 05758", "SITETYPE_M": null, "SITETYPE_1": null, "SITETYPE_2": null, "SITETYPE_3": null, "SITETYPE_4": null, "COUNTY": "RUTLAND", "COUNTRY": "US", "SOURCEOFDA": "Vermont Enhanced 911 Board", "DRIVEWAYID": 0, "ESZ": "00377", "HOUSE_NUMB": 52, "HOUSE_NU_1": null, "HOUSE_NU_2": null, "FIPS": "5021" }, "geometry": { "type": "Point", "coordinates": [ -72.820144865658477, 43.414521684523379 ] } },
{ "type": "Feature", "properties": { "SEGMENTID": 2909, "ESITEID": 154793, "GEONAMEID": 12183, "PD": null, "PT": null, "SN": "SEYMOUR", "ST": "ST", "SD": null, "PRIMARYNAM": "SEYMOUR ST", "ALIAS1": null, "ALIAS2": null, "ALIAS3": null, "ALIAS4": null, "ALIAS5": "5/3/2022 9:41:45 AM", "PRIMARYADD": "5 SEYMOUR ST", "SITETYPE": "FIRE STATION", "TOWNNAME": "MIDDLEBURY", "MCODE": 621, "ESN": 283, "ZIP": "05753", "PARCELNUM": "024136.000", "GPSX": -73.16829276, "GPSY": 44.01532214, "MAPYEAR": "1998-01-01", "UPDATEDATE": "2023-01-27", "STATE": "VT", "FIPS8": 5001, "SPAN": "387-120-12019", "SUBTYPE": 0, "GlobalID_1": "39fdb7cd-5679-4952-8cb6-d3e7fe9257bc", "UNITCOUNT": 1, "PRIMARYA_1": "5 SEYMOUR ST MIDDLEBURY", "PRIMARYA_2": "5 SEYMOUR ST MIDDLEBURY VT 05753", "SITETYPE_M": null, "SITETYPE_1": null, "SITETYPE_2": null, "SITETYPE_3": null, "SITETYPE_4": null, "COUNTY": "ADDISON", "COUNTRY": "US", "SOURCEOFDA": "Vermont Enhanced 911 Board", "DRIVEWAYID": 0, "ESZ": "00283", "HOUSE_NUMB": 5, "HOUSE_NU_1": null, "HOUSE_NU_2": null, "FIPS": "5001" }, "geometry": { "type": "Point", "coordinates": [ -73.168291261750866, 44.015319875641147 ] } },
{ "type": "Feature", "properties": { "SEGMENTID": 48024, "ESITEID": 542, "GEONAMEID": 41, "PD": null, "PT": null, "SN": "VT ROUTE 17", "ST": null, "SD": "W", "PRIMARYNAM": "VT ROUTE 17 W", "ALIAS1": null, "ALIAS2": null, "ALIAS3": null, "ALIAS4": null, "ALIAS5": "5/12/2015 7:33:22 PM", "PRIMARYADD": "44 VT ROUTE 17 W", "SITETYPE": "FIRE STATION", "TOWNNAME": "ADDISON", "MCODE": 500, "ESN": 182, "ZIP": "05491", "PARCELNUM": "VW0044.X", "GPSX": -73.30331194, "GPSY": 44.08924967, "MAPYEAR": "1998-01-01", "UPDATEDATE": "2023-01-27", "STATE": "VT", "FIPS8": 5001, "SPAN": "003-001-10772", "SUBTYPE": 0, "GlobalID_1": "da612bc0-0323-4316-8ffc-f104124b6eea", "UNITCOUNT": 1, "PRIMARYA_1": "44 VT ROUTE 17 W ADDISON", "PRIMARYA_2": "44 VT ROUTE 17 W ADDISON VT 05491", "SITETYPE_M": null, "SITETYPE_1": null, "SITETYPE_2": null, "SITETYPE_3": null, "SITETYPE_4": null, "COUNTY": "ADDISON", "COUNTRY": "US", "SOURCEOFDA": "Vermont Enhanced 911 Board", "DRIVEWAYID": 0, "ESZ": "00182", "HOUSE_NUMB": 44, "HOUSE_NU_1": null, "HOUSE_NU_2": null, "FIPS": "5001" }, "geometry": { "type": "Point", "coordinates": [ -73.303310852422541, 44.089247262862592 ] } },
{ "type": "Feature", "properties": { "SEGMENTID": 22879, "ESITEID": 71574, "GEONAMEID": 5142, "PD": null, "PT": null, "SN": "MAIN", "ST": "ST", "SD": null, "PRIMARYNAM": "MAIN ST", "ALIAS1": null, "ALIAS2": null, "ALIAS3": null, "ALIAS4": null, "ALIAS5": "5/13/2015 12:03:34 AM", "PRIMARYADD": "245 MAIN ST", "SITETYPE": "FIRE STATION", "TOWNNAME": "COLCHESTER", "MCODE": 548, "ESN": 320, "ZIP": "05446", "PARCELNUM": "26-026013-0000000", "GPSX": -73.16076551, "GPSY": 44.54879105, "MAPYEAR": "1998-01-01", "UPDATEDATE": "2023-01-27", "STATE": "VT", "FIPS8": 5007, "SPAN": "153-048-17827", "SUBTYPE": 0, "GlobalID_1": "a518585c-e04e-45f8-bef0-4c4462a3ab41", "UNITCOUNT": 1, "PRIMARYA_1": "245 MAIN ST COLCHESTER", "PRIMARYA_2": "245 MAIN ST COLCHESTER VT 05446", "SITETYPE_M": null, "SITETYPE_1": null, "SITETYPE_2": null, "SITETYPE_3": null, "SITETYPE_4": null, "COUNTY": "CHITTENDEN", "COUNTRY": "US", "SOURCEOFDA": "Vermont Enhanced 911 Board", "DRIVEWAYID": 0, "ESZ": "00320", "HOUSE_NUMB": 245, "HOUSE_NU_1": null, "HOUSE_NU_2": null, "FIPS": "5007" }, "geometry": { "type": "Point", "coordinates": [ -73.160765698498395, 44.548788485471626 ] } },
{ "type": "Feature", "properties": { "SEGMENTID": 24042, "ESITEID": 60429, "GEONAMEID": 4160, "PD": null, "PT": null, "SN": "ELM", "ST": "ST", "SD": null, "PRIMARYNAM": "ELM ST", "ALIAS1": null, "ALIAS2": null, "ALIAS3": null, "ALIAS4": null, "ALIAS5": "8/3/2015 9:06:40 AM", "PRIMARYADD": "39 ELM ST", "SITETYPE": "FIRE STATION", "TOWNNAME": "CASTLETON", "MCODE": 540, "ESN": 382, "ZIP": "05735", "PARCELNUM": "455000047.", "GPSX": -73.17724115, "GPSY": 43.61123154, "MAPYEAR": "1998-01-01", "UPDATEDATE": "2023-01-27", "STATE": "VT", "FIPS8": 5021, "SPAN": "129-040-10438", "SUBTYPE": 0, "GlobalID_1": "5f146dc8-8f2a-4e1e-8ff2-bcf74ee833c2", "UNITCOUNT": 1, "PRIMARYA_1": "39 ELM ST CASTLETON", "PRIMARYA_2": "39 ELM ST CASTLETON VT 05735", "SITETYPE_M": null, "SITETYPE_1": null, "SITETYPE_2": null, "SITETYPE_3": null, "SITETYPE_4": null, "COUNTY": "RUTLAND", "COUNTRY": "US", "SOURCEOFDA": "Vermont Enhanced 911 Board", "DRIVEWAYID": 0, "ESZ": "00382", "HOUSE_NUMB": 39, "HOUSE_NU_1": null, "HOUSE_NU_2": null, "FIPS": "5021" }, "geometry": { "type": "Point", "coordinates": [ -73.177240303185883, 43.611230083565303 ] } },
{ "type": "Feature", "properties": { "SEGMENTID": 40757, "ESITEID": 241097, "GEONAMEID": 29190, "PD": null, "PT": null, "SN": "LOWER WELDEN", "ST": "ST", "SD": null, "PRIMARYNAM": "LOWER WELDEN ST", "ALIAS1": null, "ALIAS2": null, "ALIAS3": null, "ALIAS4": null, "ALIAS5": "2/25/2022 11:59:14 AM", "PRIMARYADD": "32 LOWER WELDEN ST", "SITETYPE": "FIRE STATION", "TOWNNAME": "SAINT ALBANS CITY", "MCODE": 687, "ESN": 219, "ZIP": "05478", "PARCELNUM": "26055030.", "GPSX": -73.08767165, "GPSY": 44.80721211, "MAPYEAR": "2003-09-02", "UPDATEDATE": "2023-01-27", "STATE": "VT", "FIPS8": 5011, "SPAN": "549-173-10505", "SUBTYPE": 0, "GlobalID_1": "0cf4af99-4ef0-40a0-81fb-6955835f3191", "UNITCOUNT": 1, "PRIMARYA_1": "32 LOWER WELDEN ST SAINT ALBANS CITY", "PRIMARYA_2": "32 LOWER WELDEN ST SAINT ALBANS CITY VT 05478", "SITETYPE_M": null, "SITETYPE_1": null, "SITETYPE_2": null, "SITETYPE_3": null, "SITETYPE_4": null, "COUNTY": "FRANKLIN", "COUNTRY": "US", "SOURCEOFDA": "Vermont Enhanced 911 Board", "DRIVEWAYID": 0, "ESZ": "00219", "HOUSE_NUMB": 32, "HOUSE_NU_1": null, "HOUSE_NU_2": null, "FIPS": "5011" }, "geometry": { "type": "Point", "coordinates": [ -73.087671837172749, 44.807209121923151 ] } },
{ "type": "Feature", "properties": { "SEGMENTID": 40528, "ESITEID": 24670, "GEONAMEID": 25999, "PD": null, "PT": null, "SN": "PLEASANT", "ST": "ST", "SD": null, "PRIMARYNAM": "PLEASANT ST", "ALIAS1": "ROUTE 12 N", "ALIAS2": null, "ALIAS3": null, "ALIAS4": null, "ALIAS5": "5/12/2015 11:46:42 PM", "PRIMARYADD": "587 PLEASANT ST", "SITETYPE": "FIRE STATION", "TOWNNAME": "BETHEL", "MCODE": 518, "ESN": 464, "ZIP": "05032", "PARCELNUM": "05-001.100", "GPSX": -72.64630362, "GPSY": 43.83605794, "MAPYEAR": "1998-01-01", "UPDATEDATE": "2023-01-27", "STATE": "VT", "FIPS8": 5027, "SPAN": "063-019-10110", "SUBTYPE": 0, "GlobalID_1": "b3905b64-7677-45c3-9cc8-f6499ac31c17", "UNITCOUNT": 1, "PRIMARYA_1": "587 PLEASANT ST BETHEL", "PRIMARYA_2": "587 PLEASANT ST BETHEL VT 05032", "SITETYPE_M": null, "SITETYPE_1": null, "SITETYPE_2": null, "SITETYPE_3": null, "SITETYPE_4": null, "COUNTY": "WINDSOR", "COUNTRY": "US", "SOURCEOFDA": "Vermont Enhanced 911 Board", "DRIVEWAYID": 0, "ESZ": "00464", "HOUSE_NUMB": 587, "HOUSE_NU_1": null, "HOUSE_NU_2": null, "FIPS": "5027" }, "geometry": { "type": "Point", "coordinates": [ -72.646302742299895, 43.836056273588525 ] } },
{ "type": "Feature", "properties": { "SEGMENTID": 252323, "ESITEID": 179159, "GEONAMEID": 14099, "PD": null, "PT": null, "SN": "US ROUTE 2", "ST": null, "SD": null, "PRIMARYNAM": "US ROUTE 2", "ALIAS1": null, "ALIAS2": "ROUTE 2", "ALIAS3": null, "ALIAS4": null, "ALIAS5": "1/13/2023 11:14:14 AM", "PRIMARYADD": "7444 US ROUTE 2", "SITETYPE": "FIRE STATION", "TOWNNAME": "NORTH HERO", "MCODE": 639, "ESN": 236, "ZIP": "05474", "PARCELNUM": "05-01-17-", "GPSX": -73.26218354, "GPSY": 44.86347407, "MAPYEAR": "1998-01-01", "UPDATEDATE": "2023-01-27", "STATE": "VT", "FIPS8": 5013, "SPAN": "444-140-10966", "SUBTYPE": 0, "GlobalID_1": "8cb7c0b6-e8bc-44ef-b409-1f669a817d9a", "UNITCOUNT": 1, "PRIMARYA_1": "7444 US ROUTE 2 NORTH HERO", "PRIMARYA_2": "7444 US ROUTE 2 NORTH HERO VT 05474", "SITETYPE_M": null, "SITETYPE_1": null, "SITETYPE_2": null, "SITETYPE_3": null, "SITETYPE_4": null, "COUNTY": "GRAND ISLE", "COUNTRY": "US", "SOURCEOFDA": "Vermont Enhanced 911 Board", "DRIVEWAYID": 0, "ESZ": "00236", "HOUSE_NUMB": 7444, "HOUSE_NU_1": null, "HOUSE_NU_2": null, "FIPS": "5013" }, "geometry": { "type": "Point", "coordinates": [ -73.262184111844903, 44.863470402455512 ] } },
{ "type": "Feature", "properties": { "SEGMENTID": 47007, "ESITEID": 198879, "GEONAMEID": 16284, "PD": null, "PT": null, "SN": "SCHOOL", "ST": "ST", "SD": null, "PRIMARYNAM": "SCHOOL ST", "ALIAS1": null, "ALIAS2": null, "ALIAS3": null, "ALIAS4": null, "ALIAS5": "3/8/2022 5:14:09 PM", "PRIMARYADD": "122 SCHOOL ST", "SITETYPE": "FIRE STATION", "TOWNNAME": "READSBORO", "MCODE": 660, "ESN": 258, "ZIP": "05350", "PARCELNUM": "VSCL200.", "GPSX": -72.94781386, "GPSY": 42.77100197, "MAPYEAR": "1998-01-01", "UPDATEDATE": "2023-09-08", "STATE": "VT", "FIPS8": 5003, "SPAN": "513-161-10777", "SUBTYPE": 0, "GlobalID_1": "e7feaa91-7240-4534-9d3f-01c60ddad08c", "UNITCOUNT": 1, "PRIMARYA_1": "122 SCHOOL ST READSBORO", "PRIMARYA_2": "122 SCHOOL ST READSBORO VT 05350", "SITETYPE_M": "COMMUNICATION TOWER", "SITETYPE_1": null, "SITETYPE_2": null, "SITETYPE_3": null, "SITETYPE_4": null, "COUNTY": "BENNINGTON", "COUNTRY": "US", "SOURCEOFDA": "Vermont Enhanced 911 Board", "DRIVEWAYID": 0, "ESZ": "00258", "HOUSE_NUMB": 122, "HOUSE_NU_1": null, "HOUSE_NU_2": null, "FIPS": "5003" }, "geometry": { "type": "Point", "coordinates": [ -72.94781392424558, 42.771001649776665 ] } },
{ "type": "Feature", "properties": { "SEGMENTID": 62478, "ESITEID": 304882, "GEONAMEID": 1897, "PD": null, "PT": null, "SN": "PROSPECT", "ST": "ST", "SD": null, "PRIMARYNAM": "PROSPECT ST", "ALIAS1": null, "ALIAS2": null, "ALIAS3": null, "ALIAS4": null, "ALIAS5": "8/9/2022 10:12:52 AM", "PRIMARYADD": "2 PROSPECT ST", "SITETYPE": "FIRE STATION", "TOWNNAME": "NORTH BENNINGTON", "MCODE": 750, "ESN": 547, "ZIP": "05257", "PARCELNUM": "14504800-", "GPSX": -73.24147467, "GPSY": 42.92876124, "MAPYEAR": "1998-01-01", "UPDATEDATE": "2023-01-27", "STATE": "VT", "FIPS8": 5003, "SPAN": "051-138-64640", "SUBTYPE": 0, "GlobalID_1": "c8dcfea5-ffa6-4e9f-b527-872dcf0afebc", "UNITCOUNT": 1, "PRIMARYA_1": "2 PROSPECT ST NORTH BENNINGTON", "PRIMARYA_2": "2 PROSPECT ST NORTH BENNINGTON VT 05257", "SITETYPE_M": null, "SITETYPE_1": null, "SITETYPE_2": null, "SITETYPE_3": null, "SITETYPE_4": null, "COUNTY": "BENNINGTON", "COUNTRY": "US", "SOURCEOFDA": "Vermont Enhanced 911 Board", "DRIVEWAYID": 0, "ESZ": "00547", "HOUSE_NUMB": 2, "HOUSE_NU_1": null, "HOUSE_NU_2": null, "FIPS": "5003" }, "geometry": { "type": "Point", "coordinates": [ -73.241474617445391, 42.928760909107957 ] } },
{ "type": "Feature", "properties": { "SEGMENTID": 58411, "ESITEID": 301189, "GEONAMEID": 24506, "PD": null, "PT": null, "SN": "SCHOOL", "ST": "ST", "SD": null, "PRIMARYNAM": "SCHOOL ST", "ALIAS1": null, "ALIAS2": null, "ALIAS3": null, "ALIAS4": null, "ALIAS5": "8/8/2017 1:25:00 PM", "PRIMARYADD": "326 SCHOOL ST", "SITETYPE": "FIRE STATION", "TOWNNAME": "WOLCOTT", "MCODE": 745, "ESN": 106, "ZIP": "05680", "PARCELNUM": "16017.", "GPSX": -72.45833005, "GPSY": 44.54227923, "MAPYEAR": "1998-01-01", "UPDATEDATE": "2023-01-27", "STATE": "VT", "FIPS8": 5015, "SPAN": "777-247-10921", "SUBTYPE": 0, "GlobalID_1": "c2f64bf0-5416-4af7-824f-fd9df57df218", "UNITCOUNT": 1, "PRIMARYA_1": "326 SCHOOL ST WOLCOTT", "PRIMARYA_2": "326 SCHOOL ST WOLCOTT VT 05680", "SITETYPE_M": "TOWN GARAGE", "SITETYPE_1": null, "SITETYPE_2": null, "SITETYPE_3": null, "SITETYPE_4": null, "COUNTY": "LAMOILLE", "COUNTRY": "US", "SOURCEOFDA": "Vermont Enhanced 911 Board", "DRIVEWAYID": 0, "ESZ": "00106", "HOUSE_NUMB": 326, "HOUSE_NU_1": null, "HOUSE_NU_2": null, "FIPS": "5015" }, "geometry": { "type": "Point", "coordinates": [ -72.45833000105344, 44.542277750739252 ] } },
{ "type": "Feature", "properties": { "SEGMENTID": 52559, "ESITEID": 98545, "GEONAMEID": 417360, "PD": null, "PT": null, "SN": "PEARL", "ST": "ST", "SD": null, "PRIMARYNAM": "PEARL ST", "ALIAS1": null, "ALIAS2": null, "ALIAS3": null, "ALIAS4": null, "ALIAS5": null, "PRIMARYADD": "3 PEARL ST", "SITETYPE": "FIRE STATION", "TOWNNAME": "ESSEX JUNCTION CITY", "MCODE": 760, "ESN": 454, "ZIP": "05452", "PARCELNUM": "1029009000.", "GPSX": -73.11179024, "GPSY": 44.49112661, "MAPYEAR": "1998-01-01", "UPDATEDATE": "2023-03-28", "STATE": "VT", "FIPS8": 5007, "SPAN": "207-066-12044", "SUBTYPE": 0, "GlobalID_1": "00845704-a1eb-4a65-b402-580905c758e6", "UNITCOUNT": 1, "PRIMARYA_1": "3 PEARL ST ESSEX JUNCTION CITY", "PRIMARYA_2": "3 PEARL ST ESSEX JUNCTION CITY VT 05452", "SITETYPE_M": null, "SITETYPE_1": null, "SITETYPE_2": null, "SITETYPE_3": null, "SITETYPE_4": null, "COUNTY": "CHITTENDEN", "COUNTRY": "US", "SOURCEOFDA": "Vermont Enhanced 911 Board", "DRIVEWAYID": 0, "ESZ": "00454", "HOUSE_NUMB": 3, "HOUSE_NU_1": null, "HOUSE_NU_2": null, "FIPS": "5007" }, "geometry": { "type": "Point", "coordinates": [ -73.111790079397124, 44.491124593905049 ] } },
{ "type": "Feature", "properties": { "SEGMENTID": 754834, "ESITEID": 771150, "GEONAMEID": 751299, "PD": null, "PT": null, "SN": "UNKNOWN 1", "ST": null, "SD": null, "PRIMARYNAM": "UNKNOWN 1", "ALIAS1": null, "ALIAS2": null, "ALIAS3": null, "ALIAS4": null, "ALIAS5": null, "PRIMARYADD": "85 UNKNOWN 1", "SITETYPE": "FIRE STATION", "TOWNNAME": "PITTSFORD", "MCODE": 650, "ESN": 163, "ZIP": "05744", "PARCELNUM": "1586", "GPSX": -73.06408175, "GPSY": 43.70850027, "MAPYEAR": "2025-03-07", "UPDATEDATE": "2025-06-23", "STATE": "VT", "FIPS8": 5021, "SPAN": "480-151-10988", "SUBTYPE": 0, "GlobalID_1": "418c7d3c-1496-4205-be9b-d889d3f6b021", "UNITCOUNT": 1, "PRIMARYA_1": "85 UNKNOWN 1 PITTSFORD", "PRIMARYA_2": "85 UNKNOWN 1 PITTSFORD VT 05744", "SITETYPE_M": null, "SITETYPE_1": null, "SITETYPE_2": null, "SITETYPE_3": null, "SITETYPE_4": null, "COUNTY": "RUTLAND", "COUNTRY": "US", "SOURCEOFDA": "Vermont Enhanced 911 Board", "DRIVEWAYID": 0, "ESZ": "00163", "HOUSE_NUMB": 85, "HOUSE_NU_1": null, "HOUSE_NU_2": null, "FIPS": null }, "geometry": { "type": "Point", "coordinates": [ -73.06408083729842, 43.708498599424686 ] } },
{ "type": "Feature", "properties": { "SEGMENTID": 47173, "ESITEID": 275917, "GEONAMEID": 22326, "PD": null, "PT": null, "SN": "DUCK POND", "ST": "RD", "SD": null, "PRIMARYNAM": "DUCK POND RD", "ALIAS1": null, "ALIAS2": null, "ALIAS3": null, "ALIAS4": null, "ALIAS5": "2/26/2016 11:32:56 AM", "PRIMARYADD": "2661 DUCK POND RD", "SITETYPE": "FIRE STATION", "TOWNNAME": "WATERFORD", "MCODE": 721, "ESN": 300, "ZIP": "05819", "PARCELNUM": "454.2", "GPSX": -71.95451351, "GPSY": 44.379403, "MAPYEAR": "1998-01-01", "UPDATEDATE": "2023-01-27", "STATE": "VT", "FIPS8": 5005, "SPAN": "699-222-10822", "SUBTYPE": 0, "GlobalID_1": "d0c5d02d-7004-45e1-ac98-ff19f8ebfaa0", "UNITCOUNT": 1, "PRIMARYA_1": "2661 DUCK POND RD WATERFORD", "PRIMARYA_2": "2661 DUCK POND RD WATERFORD VT 05819", "SITETYPE_M": null, "SITETYPE_1": null, "SITETYPE_2": null, "SITETYPE_3": null, "SITETYPE_4": null, "COUNTY": "CALEDONIA", "COUNTRY": "US", "SOURCEOFDA": "Vermont Enhanced 911 Board", "DRIVEWAYID": 0, "ESZ": "00300", "HOUSE_NUMB": 2661, "HOUSE_NU_1": null, "HOUSE_NU_2": null, "FIPS": "5005" }, "geometry": { "type": "Point", "coordinates": [ -71.954514108018827, 44.379400768783199 ] } },
{ "type": "Feature", "properties": { "SEGMENTID": 13452, "ESITEID": 286470, "GEONAMEID": 23441, "PD": null, "PT": null, "SN": "VT ROUTE 100", "ST": null, "SD": null, "PRIMARYNAM": "VT ROUTE 100", "ALIAS1": "CHURCH ST, HIGH ST,#9 RD,TOBEY", "ALIAS2": "VT ROUTE 100", "ALIAS3": null, "ALIAS4": null, "ALIAS5": "6/16/2017 4:17:48 PM", "PRIMARYADD": "2964 VT ROUTE 100", "SITETYPE": "FIRE STATION", "TOWNNAME": "WHITINGHAM", "MCODE": 737, "ESN": 392, "ZIP": "05342", "PARCELNUM": "06-0425-01", "GPSX": -72.82286202, "GPSY": 42.79817504, "MAPYEAR": "1998-01-01", "UPDATEDATE": "2023-01-27", "STATE": "VT", "FIPS8": 5025, "SPAN": "753-239-11186", "SUBTYPE": 0, "GlobalID_1": "870ae8d9-1a38-40e9-a476-2c6c4069c6ab", "UNITCOUNT": 1, "PRIMARYA_1": "2964 VT ROUTE 100 WHITINGHAM", "PRIMARYA_2": "2964 VT ROUTE 100 WHITINGHAM VT 05342", "SITETYPE_M": "COMMUNICATION TOWER", "SITETYPE_1": null, "SITETYPE_2": null, "SITETYPE_3": null, "SITETYPE_4": null, "COUNTY": "WINDHAM", "COUNTRY": "US", "SOURCEOFDA": "Vermont Enhanced 911 Board", "DRIVEWAYID": 0, "ESZ": "00392", "HOUSE_NUMB": 2964, "HOUSE_NU_1": null, "HOUSE_NU_2": null, "FIPS": "5025" }, "geometry": { "type": "Point", "coordinates": [ -72.822862379483468, 42.798174679982864 ] } },
{ "type": "Feature", "properties": { "SEGMENTID": 30327, "ESITEID": 263994, "GEONAMEID": 21257, "PD": null, "PT": null, "SN": "VT ROUTE 15", "ST": null, "SD": null, "PRIMARYNAM": "VT ROUTE 15", "ALIAS1": null, "ALIAS2": "ROUTE 15", "ALIAS3": null, "ALIAS4": null, "ALIAS5": "5/13/2015 12:31:51 AM", "PRIMARYADD": "420 VT ROUTE 15", "SITETYPE": "FIRE STATION", "TOWNNAME": "UNDERHILL", "MCODE": 708, "ESN": 361, "ZIP": "05489", "PARCELNUM": "VT420-X", "GPSX": -72.94433855, "GPSY": 44.52756812, "MAPYEAR": "1998-01-01", "UPDATEDATE": "2023-01-28", "STATE": "VT", "FIPS8": 5007, "SPAN": "660-208-10201", "SUBTYPE": 0, "GlobalID_1": "4e9bf9ca-0662-496c-a95c-8b0c87881574", "UNITCOUNT": 1, "PRIMARYA_1": "420 VT ROUTE 15 UNDERHILL", "PRIMARYA_2": "420 VT ROUTE 15 UNDERHILL VT 05489", "SITETYPE_M": null, "SITETYPE_1": null, "SITETYPE_2": null, "SITETYPE_3": null, "SITETYPE_4": null, "COUNTY": "CHITTENDEN", "COUNTRY": "US", "SOURCEOFDA": "Vermont Enhanced 911 Board", "DRIVEWAYID": 0, "ESZ": "00361", "HOUSE_NUMB": 420, "HOUSE_NU_1": null, "HOUSE_NU_2": null, "FIPS": "5007" }, "geometry": { "type": "Point", "coordinates": [ -72.944337772196121, 44.527566504445382 ] } },
{ "type": "Feature", "properties": { "SEGMENTID": 410372, "ESITEID": 15420, "GEONAMEID": 415650, "PD": null, "PT": null, "SN": "MAIN", "ST": "ST", "SD": null, "PRIMARYNAM": "MAIN ST", "ALIAS1": null, "ALIAS2": null, "ALIAS3": null, "ALIAS4": null, "ALIAS5": null, "PRIMARYADD": "102 MAIN ST", "SITETYPE": "FIRE STATION", "TOWNNAME": "ORLEANS", "MCODE": 756, "ESN": 205, "ZIP": "05860", "PARCELNUM": "132190102-", "GPSX": -72.20514125, "GPSY": 44.80951732, "MAPYEAR": "1998-01-01", "UPDATEDATE": "2023-03-28", "STATE": "VT", "FIPS8": 5019, "SPAN": "042-144-11181", "SUBTYPE": 0, "GlobalID_1": "ad9c16ab-42b3-4dad-938d-cee88f2e332c", "UNITCOUNT": 1, "PRIMARYA_1": "102 MAIN ST ORLEANS", "PRIMARYA_2": "102 MAIN ST ORLEANS VT 05860", "SITETYPE_M": null, "SITETYPE_1": null, "SITETYPE_2": null, "SITETYPE_3": null, "SITETYPE_4": null, "COUNTY": "ORLEANS", "COUNTRY": "US", "SOURCEOFDA": "Vermont Enhanced 911 Board", "DRIVEWAYID": 0, "ESZ": "00205", "HOUSE_NUMB": 102, "HOUSE_NU_1": null, "HOUSE_NU_2": null, "FIPS": "5019" }, "geometry": { "type": "Point", "coordinates": [ -72.205141405341024, 44.809515721354174 ] } },
{ "type": "Feature", "properties": { "SEGMENTID": 44610, "ESITEID": 31457, "GEONAMEID": 29957, "PD": null, "PT": null, "SN": "ELLIOT", "ST": "ST", "SD": null, "PRIMARYNAM": "ELLIOT ST", "ALIAS1": "ELLIOT STREET", "ALIAS2": null, "ALIAS3": null, "ALIAS4": null, "ALIAS5": "6/13/2022 8:40:01 PM", "PRIMARYADD": "103 ELLIOT ST", "SITETYPE": "FIRE STATION", "TOWNNAME": "BRATTLEBORO", "MCODE": 524, "ESN": 354, "ZIP": "05301", "PARCELNUM": "00275454.000", "GPSX": -72.56072621, "GPSY": 42.85171004, "MAPYEAR": "1998-01-01", "UPDATEDATE": "2023-01-27", "STATE": "VT", "FIPS8": 5025, "SPAN": "081-025-10792", "SUBTYPE": 0, "GlobalID_1": "0996a1c9-5f0c-49dd-8ec9-b7d5e0c7e2d2", "UNITCOUNT": 1, "PRIMARYA_1": "103 ELLIOT ST BRATTLEBORO", "PRIMARYA_2": "103 ELLIOT ST BRATTLEBORO VT 05301", "SITETYPE_M": null, "SITETYPE_1": null, "SITETYPE_2": null, "SITETYPE_3": null, "SITETYPE_4": null, "COUNTY": "WINDHAM", "COUNTRY": "US", "SOURCEOFDA": "Vermont Enhanced 911 Board", "DRIVEWAYID": 0, "ESZ": "00354", "HOUSE_NUMB": 103, "HOUSE_NU_1": null, "HOUSE_NU_2": null, "FIPS": "5025" }, "geometry": { "type": "Point", "coordinates": [ -72.560726182016026, 42.851709701993705 ] } },
{ "type": "Feature", "properties": { "SEGMENTID": 260, "ESITEID": 247579, "GEONAMEID": 20026, "PD": null, "PT": null, "SN": "STEBBINS", "ST": "LN", "SD": null, "PRIMARYNAM": "STEBBINS LN", "ALIAS1": null, "ALIAS2": null, "ALIAS3": null, "ALIAS4": null, "ALIAS5": "6/22/2016 2:20:49 PM", "PRIMARYADD": "142 STEBBINS LN", "SITETYPE": "FIRE STATION", "TOWNNAME": "STAMFORD", "MCODE": 691, "ESN": 253, "ZIP": "05352", "PARCELNUM": "00TR20001R.000", "GPSX": -73.07089612, "GPSY": 42.75572912, "MAPYEAR": "1998-01-01", "UPDATEDATE": "2023-01-27", "STATE": "VT", "FIPS8": 5003, "SPAN": "609-191-10648", "SUBTYPE": 0, "GlobalID_1": "c7e49964-fdff-4e21-a137-d9459b6f9d46", "UNITCOUNT": 1, "PRIMARYA_1": "142 STEBBINS LN STAMFORD", "PRIMARYA_2": "142 STEBBINS LN STAMFORD VT 05352", "SITETYPE_M": null, "SITETYPE_1": null, "SITETYPE_2": null, "SITETYPE_3": null, "SITETYPE_4": null, "COUNTY": "BENNINGTON", "COUNTRY": "US", "SOURCEOFDA": "Vermont Enhanced 911 Board", "DRIVEWAYID": 0, "ESZ": "00253", "HOUSE_NUMB": 142, "HOUSE_NU_1": null, "HOUSE_NU_2": null, "FIPS": "5003" }, "geometry": { "type": "Point", "coordinates": [ -73.070895997408584, 42.755728820742632 ] } },
{ "type": "Feature", "properties": { "SEGMENTID": 20618, "ESITEID": 252347, "GEONAMEID": 20502, "PD": null, "PT": null, "SN": "JUSTIN MORRILL MEMORIAL", "ST": "HWY", "SD": null, "PRIMARYNAM": "JUSTIN MORRILL MEMORIAL HWY", "ALIAS1": null, "ALIAS2": null, "ALIAS3": null, "ALIAS4": null, "ALIAS5": "12/1/2015 12:13:07 PM", "PRIMARYADD": "241 JUSTIN MORRILL MEMORIAL HWY", "SITETYPE": "FIRE STATION", "TOWNNAME": "STRAFFORD", "MCODE": 696, "ESN": 272, "ZIP": "05072", "PARCELNUM": "02.241", "GPSX": -72.37727292, "GPSY": 43.86708252, "MAPYEAR": "1998-01-01", "UPDATEDATE": "2023-01-27", "STATE": "VT", "FIPS8": 5017, "SPAN": "624-196-10565", "SUBTYPE": 0, "GlobalID_1": "950499bb-75c8-46ab-8d04-c96f976c3972", "UNITCOUNT": 1, "PRIMARYA_1": "241 JUSTIN MORRILL MEMORIAL HWY STRAFFORD", "PRIMARYA_2": "241 JUSTIN MORRILL MEMORIAL HWY STRAFFORD VT 05072", "SITETYPE_M": null, "SITETYPE_1": null, "SITETYPE_2": null, "SITETYPE_3": null, "SITETYPE_4": null, "COUNTY": "ORANGE", "COUNTRY": "US", "SOURCEOFDA": "Vermont Enhanced 911 Board", "DRIVEWAYID": 0, "ESZ": "00272", "HOUSE_NUMB": 241, "HOUSE_NU_1": null, "HOUSE_NU_2": null, "FIPS": "5017" }, "geometry": { "type": "Point", "coordinates": [ -72.377271616452575, 43.867080511444918 ] } },
{ "type": "Feature", "properties": { "SEGMENTID": 14544, "ESITEID": 131988, "GEONAMEID": 10232, "PD": null, "PT": null, "SN": "VT ROUTE 100", "ST": null, "SD": null, "PRIMARYNAM": "VT ROUTE 100", "ALIAS1": null, "ALIAS2": null, "ALIAS3": null, "ALIAS4": null, "ALIAS5": "4/2/2018 11:17:04 AM", "PRIMARYADD": "5809 VT ROUTE 100", "SITETYPE": "FIRE STATION", "TOWNNAME": "HYDE PARK", "MCODE": 598, "ESN": 152, "ZIP": "05655", "PARCELNUM": "01100461.", "GPSX": -72.5965435, "GPSY": 44.67437628, "MAPYEAR": "1998-01-01", "UPDATEDATE": "2023-01-27", "STATE": "VT", "FIPS8": 5015, "SPAN": "306-097-10621", "SUBTYPE": 0, "GlobalID_1": "f3757c10-17fe-4b95-aa61-64ad2571e11d", "UNITCOUNT": 1, "PRIMARYA_1": "5809 VT ROUTE 100 HYDE PARK", "PRIMARYA_2": "5809 VT ROUTE 100 HYDE PARK VT 05655", "SITETYPE_M": null, "SITETYPE_1": null, "SITETYPE_2": null, "SITETYPE_3": null, "SITETYPE_4": null, "COUNTY": "LAMOILLE", "COUNTRY": "US", "SOURCEOFDA": "Vermont Enhanced 911 Board", "DRIVEWAYID": 0, "ESZ": "00152", "HOUSE_NUMB": 5809, "HOUSE_NU_1": null, "HOUSE_NU_2": null, "FIPS": "5015" }, "geometry": { "type": "Point", "coordinates": [ -72.596543061740249, 44.674374707574998 ] } },
{ "type": "Feature", "properties": { "SEGMENTID": 12074, "ESITEID": 134226, "GEONAMEID": 10384, "PD": null, "PT": null, "SN": "MAIN", "ST": "ST", "SD": null, "PRIMARYNAM": "MAIN ST", "ALIAS1": null, "ALIAS2": null, "ALIAS3": null, "ALIAS4": null, "ALIAS5": "5/12/2015 10:43:00 PM", "PRIMARYADD": "2241 MAIN ST", "SITETYPE": "FIRE STATION", "TOWNNAME": "ISLE LA MOTTE", "MCODE": 601, "ESN": 237, "ZIP": "05463", "PARCELNUM": "10411.", "GPSX": -73.33792364, "GPSY": 44.87799777, "MAPYEAR": "1998-01-01", "UPDATEDATE": "2023-01-27", "STATE": "VT", "FIPS8": 5013, "SPAN": "318-100-10411", "SUBTYPE": 0, "GlobalID_1": "5dd18a32-a9d8-4685-aad2-d921669eb484", "UNITCOUNT": 1, "PRIMARYA_1": "2241 MAIN ST ISLE LA MOTTE", "PRIMARYA_2": "2241 MAIN ST ISLE LA MOTTE VT 05463", "SITETYPE_M": null, "SITETYPE_1": null, "SITETYPE_2": null, "SITETYPE_3": null, "SITETYPE_4": null, "COUNTY": "GRAND ISLE", "COUNTRY": "US", "SOURCEOFDA": "Vermont Enhanced 911 Board", "DRIVEWAYID": 0, "ESZ": "00237", "HOUSE_NUMB": 2241, "HOUSE_NU_1": null, "HOUSE_NU_2": null, "FIPS": "5013" }, "geometry": { "type": "Point", "coordinates": [ -73.337923910358654, 44.877994785256199 ] } },
{ "type": "Feature", "properties": { "SEGMENTID": 1897, "ESITEID": 125267, "GEONAMEID": 9630, "PD": null, "PT": null, "SN": "CLAY HILL", "ST": "RD", "SD": null, "PRIMARYNAM": "CLAY HILL RD", "ALIAS1": null, "ALIAS2": null, "ALIAS3": null, "ALIAS4": null, "ALIAS5": "5/12/2015 11:00:34 PM", "PRIMARYADD": "3 CLAY HILL RD", "SITETYPE": "FIRE STATION", "TOWNNAME": "HARTLAND", "MCODE": 592, "ESN": 508, "ZIP": "05052", "PARCELNUM": "016161-000", "GPSX": -72.3537358, "GPSY": 43.59519321, "MAPYEAR": "1998-01-01", "UPDATEDATE": "2023-01-27", "STATE": "VT", "FIPS8": 5027, "SPAN": "288-091-11347", "SUBTYPE": 0, "GlobalID_1": "c2c3b1db-1214-4a7f-abda-7922604b3ad1", "UNITCOUNT": 1, "PRIMARYA_1": "3 CLAY HILL RD HARTLAND", "PRIMARYA_2": "3 CLAY HILL RD HARTLAND VT 05052", "SITETYPE_M": null, "SITETYPE_1": null, "SITETYPE_2": null, "SITETYPE_3": null, "SITETYPE_4": null, "COUNTY": "WINDSOR", "COUNTRY": "US", "SOURCEOFDA": "Vermont Enhanced 911 Board", "DRIVEWAYID": 0, "ESZ": "00508", "HOUSE_NUMB": 3, "HOUSE_NU_1": null, "HOUSE_NU_2": null, "FIPS": "5027" }, "geometry": { "type": "Point", "coordinates": [ -72.353735034859952, 43.595191437907431 ] } },
{ "type": "Feature", "properties": { "SEGMENTID": 4424, "ESITEID": 287642, "GEONAMEID": 23557, "PD": null, "PT": null, "SN": "MEADOW", "ST": "ST", "SD": null, "PRIMARYNAM": "MEADOW ST", "ALIAS1": null, "ALIAS2": null, "ALIAS3": null, "ALIAS4": null, "ALIAS5": "5/10/2016 9:32:11 AM", "PRIMARYADD": "249 MEADOW ST", "SITETYPE": "FIRE STATION", "TOWNNAME": "WILLIAMSTOWN", "MCODE": 738, "ESN": 120, "ZIP": "05679", "PARCELNUM": "053-183-00", "GPSX": -72.53616377, "GPSY": 44.1229671, "MAPYEAR": "1998-01-01", "UPDATEDATE": "2023-01-27", "STATE": "VT", "FIPS8": 5017, "SPAN": "756-240-11621", "SUBTYPE": 0, "GlobalID_1": "33270525-50ec-4bfe-970d-bd5e1fcda066", "UNITCOUNT": 1, "PRIMARYA_1": "249 MEADOW ST WILLIAMSTOWN", "PRIMARYA_2": "249 MEADOW ST WILLIAMSTOWN VT 05679", "SITETYPE_M": "AMBULANCE SERVICE", "SITETYPE_1": null, "SITETYPE_2": null, "SITETYPE_3": null, "SITETYPE_4": null, "COUNTY": "ORANGE", "COUNTRY": "US", "SOURCEOFDA": "Vermont Enhanced 911 Board", "DRIVEWAYID": 0, "ESZ": "00120", "HOUSE_NUMB": 249, "HOUSE_NU_1": null, "HOUSE_NU_2": null, "FIPS": "5017" }, "geometry": { "type": "Point", "coordinates": [ -72.536163098596404, 44.12296549749027 ] } },
{ "type": "Feature", "properties": { "SEGMENTID": 55192, "ESITEID": 173591, "GEONAMEID": 13523, "PD": null, "PT": null, "SN": "MAIN", "ST": "ST", "SD": "N", "PRIMARYNAM": "MAIN ST N", "ALIAS1": null, "ALIAS2": null, "ALIAS3": null, "ALIAS4": null, "ALIAS5": "7/14/2016 11:42:11 AM", "PRIMARYADD": "15 MAIN ST N", "SITETYPE": "FIRE STATION", "TOWNNAME": "NEWBURY", "MCODE": 635, "ESN": 479, "ZIP": "05081", "PARCELNUM": "000461.", "GPSX": -72.04740163, "GPSY": 44.15434224, "MAPYEAR": "1998-01-01", "UPDATEDATE": "2023-01-27", "STATE": "VT", "FIPS8": 5017, "SPAN": "426-226-10884", "SUBTYPE": 0, "GlobalID_1": "91db06a6-4e98-450f-9bb1-3044bfa79abb", "UNITCOUNT": 1, "PRIMARYA_1": "15 MAIN ST N NEWBURY", "PRIMARYA_2": "15 MAIN ST N NEWBURY VT 05081", "SITETYPE_M": null, "SITETYPE_1": null, "SITETYPE_2": null, "SITETYPE_3": null, "SITETYPE_4": null, "COUNTY": "ORANGE", "COUNTRY": "US", "SOURCEOFDA": "Vermont Enhanced 911 Board", "DRIVEWAYID": 0, "ESZ": "00479", "HOUSE_NUMB": 15, "HOUSE_NU_1": null, "HOUSE_NU_2": null, "FIPS": "5017" }, "geometry": { "type": "Point", "coordinates": [ -72.04740136949286, 44.154340138948136 ] } },
{ "type": "Feature", "properties": { "SEGMENTID": 11740, "ESITEID": 307597, "GEONAMEID": 23641, "PD": null, "PT": null, "SN": "TALCOTT", "ST": "RD", "SD": null, "PRIMARYNAM": "TALCOTT RD", "ALIAS1": null, "ALIAS2": null, "ALIAS3": null, "ALIAS4": null, "ALIAS5": "5/12/2015 10:51:55 PM", "PRIMARYADD": "645 TALCOTT RD", "SITETYPE": "FIRE STATION", "TOWNNAME": "WILLISTON", "MCODE": 739, "ESN": 449, "ZIP": "05495", "PARCELNUM": "08104.050000", "GPSX": -73.10000299, "GPSY": 44.44488714, "MAPYEAR": "1998-01-01", "UPDATEDATE": "2023-01-27", "STATE": "VT", "FIPS8": 5007, "SPAN": "759-241-13400", "SUBTYPE": 0, "GlobalID_1": "d49b962b-0aa6-44e5-9eb9-33af9417ef2f", "UNITCOUNT": 1, "PRIMARYA_1": "645 TALCOTT RD WILLISTON", "PRIMARYA_2": "645 TALCOTT RD WILLISTON VT 05495", "SITETYPE_M": null, "SITETYPE_1": null, "SITETYPE_2": null, "SITETYPE_3": null, "SITETYPE_4": null, "COUNTY": "CHITTENDEN", "COUNTRY": "US", "SOURCEOFDA": "Vermont Enhanced 911 Board", "DRIVEWAYID": 0, "ESZ": "00449", "HOUSE_NUMB": 645, "HOUSE_NU_1": null, "HOUSE_NU_2": null, "FIPS": "5007" }, "geometry": { "type": "Point", "coordinates": [ -73.100002712022913, 44.444885138011585 ] } },
{ "type": "Feature", "properties": { "SEGMENTID": 62109, "ESITEID": 186270, "GEONAMEID": 14789, "PD": null, "PT": null, "SN": "MACKS MOUNTAIN", "ST": "RD", "SD": null, "PRIMARYNAM": "MACKS MOUNTAIN RD", "ALIAS1": null, "ALIAS2": null, "ALIAS3": null, "ALIAS4": null, "ALIAS5": "1/7/2016 8:47:21 AM", "PRIMARYADD": "64 MACKS MOUNTAIN RD", "SITETYPE": "FIRE STATION", "TOWNNAME": "PEACHAM", "MCODE": 647, "ESN": 387, "ZIP": "05862", "PARCELNUM": "04201-000", "GPSX": -72.17413265, "GPSY": 44.32644849, "MAPYEAR": "1998-01-01", "UPDATEDATE": "2023-01-27", "STATE": "VT", "FIPS8": 5005, "SPAN": "468-148-10641", "SUBTYPE": 0, "GlobalID_1": "379e9372-b4a9-4254-8843-222ebeb224ea", "UNITCOUNT": 1, "PRIMARYA_1": "64 MACKS MOUNTAIN RD PEACHAM", "PRIMARYA_2": "64 MACKS MOUNTAIN RD PEACHAM VT 05862", "SITETYPE_M": null, "SITETYPE_1": null, "SITETYPE_2": null, "SITETYPE_3": null, "SITETYPE_4": null, "COUNTY": "CALEDONIA", "COUNTRY": "US", "SOURCEOFDA": "Vermont Enhanced 911 Board", "DRIVEWAYID": 0, "ESZ": "00387", "HOUSE_NUMB": 64, "HOUSE_NU_1": null, "HOUSE_NU_2": null, "FIPS": "5005" }, "geometry": { "type": "Point", "coordinates": [ -72.174132702874999, 44.326446506377366 ] } },
{ "type": "Feature", "properties": { "SEGMENTID": 253499, "ESITEID": 167550, "GEONAMEID": 12876, "PD": null, "PT": null, "SN": "VT ROUTE 100B", "ST": null, "SD": null, "PRIMARYNAM": "VT ROUTE 100B", "ALIAS1": null, "ALIAS2": "VT ROUTE 100B", "ALIAS3": null, "ALIAS4": null, "ALIAS5": "6/26/2015 9:24:02 AM", "PRIMARYADD": "1049 VT ROUTE 100B", "SITETYPE": "FIRE STATION", "TOWNNAME": "MORETOWN", "MCODE": 628, "ESN": 368, "ZIP": "05660", "PARCELNUM": "10-049.000", "GPSX": -72.76205911, "GPSY": 44.24933832, "MAPYEAR": "1998-01-01", "UPDATEDATE": "2023-01-27", "STATE": "VT", "FIPS8": 5023, "SPAN": "408-127-10533", "SUBTYPE": 0, "GlobalID_1": "e55dcd33-e3f0-4c1c-b9ad-c9d4e5977261", "UNITCOUNT": 1, "PRIMARYA_1": "1049 VT ROUTE 100B MORETOWN", "PRIMARYA_2": "1049 VT ROUTE 100B MORETOWN VT 05660", "SITETYPE_M": null, "SITETYPE_1": null, "SITETYPE_2": null, "SITETYPE_3": null, "SITETYPE_4": null, "COUNTY": "WASHINGTON", "COUNTRY": "US", "SOURCEOFDA": "Vermont Enhanced 911 Board", "DRIVEWAYID": 0, "ESZ": "00368", "HOUSE_NUMB": 1049, "HOUSE_NU_1": null, "HOUSE_NU_2": null, "FIPS": "5023" }, "geometry": { "type": "Point", "coordinates": [ -72.762058352354941, 44.249336679485069 ] } },
{ "type": "Feature", "properties": { "SEGMENTID": 12038, "ESITEID": 22476, "GEONAMEID": 2339, "PD": null, "PT": null, "SN": "BERKSHIRE CENTER", "ST": "RD", "SD": null, "PRIMARYNAM": "BERKSHIRE CENTER RD", "ALIAS1": null, "ALIAS2": null, "ALIAS3": null, "ALIAS4": null, "ALIAS5": "7/2/2020 2:02:36 PM", "PRIMARYADD": "5948 BERKSHIRE CENTER RD", "SITETYPE": "FIRE STATION", "TOWNNAME": "BERKSHIRE", "MCODE": 516, "ESN": 184, "ZIP": "05450", "PARCELNUM": "005-5948.", "GPSX": -72.72761054, "GPSY": 44.9352225, "MAPYEAR": "1998-01-01", "UPDATEDATE": "2025-04-18", "STATE": "VT", "FIPS8": 5011, "SPAN": "057-017-10040", "SUBTYPE": 0, "GlobalID_1": "48203de7-fffb-4e89-8138-386ed03db139", "UNITCOUNT": 1, "PRIMARYA_1": "5948 BERKSHIRE CENTER RD BERKSHIRE", "PRIMARYA_2": "5948 BERKSHIRE CENTER RD BERKSHIRE VT 05450", "SITETYPE_M": null, "SITETYPE_1": null, "SITETYPE_2": null, "SITETYPE_3": null, "SITETYPE_4": null, "COUNTY": "FRANKLIN", "COUNTRY": "US", "SOURCEOFDA": "Vermont Enhanced 911 Board", "DRIVEWAYID": 0, "ESZ": "00184", "HOUSE_NUMB": 5948, "HOUSE_NU_1": null, "HOUSE_NU_2": null, "FIPS": "5011" }, "geometry": { "type": "Point", "coordinates": [ -72.727603631014702, 44.935215448846535 ] } },
{ "type": "Feature", "properties": { "SEGMENTID": 677, "ESITEID": 23454, "GEONAMEID": 2422, "PD": null, "PT": null, "SN": "PAINE", "ST": "TPKE", "SD": "N", "PRIMARYNAM": "PAINE TPKE N", "ALIAS1": null, "ALIAS2": null, "ALIAS3": null, "ALIAS4": null, "ALIAS5": "5/12/2015 11:35:59 PM", "PRIMARYADD": "338 PAINE TPKE N", "SITETYPE": "FIRE STATION", "TOWNNAME": "BERLIN", "MCODE": 517, "ESN": 125, "ZIP": "05602", "PARCELNUM": "00SA1-050.100", "GPSX": -72.57349394000001, "GPSY": 44.21445151, "MAPYEAR": "1998-01-01", "UPDATEDATE": "2023-01-27", "STATE": "VT", "FIPS8": 5023, "SPAN": "060-018-10153", "SUBTYPE": 0, "GlobalID_1": "a9c96c60-c339-4035-9b9f-d9428b377067", "UNITCOUNT": 1, "PRIMARYA_1": "338 PAINE TPKE N BERLIN", "PRIMARYA_2": "338 PAINE TPKE N BERLIN VT 05602", "SITETYPE_M": null, "SITETYPE_1": null, "SITETYPE_2": null, "SITETYPE_3": null, "SITETYPE_4": null, "COUNTY": "WASHINGTON", "COUNTRY": "US", "SOURCEOFDA": "Vermont Enhanced 911 Board", "DRIVEWAYID": 0, "ESZ": "00125", "HOUSE_NUMB": 338, "HOUSE_NU_1": null, "HOUSE_NU_2": null, "FIPS": "5023" }, "geometry": { "type": "Point", "coordinates": [ -72.573493441840668, 44.214449994270851 ] } },
{ "type": "Feature", "properties": { "SEGMENTID": 38520, "ESITEID": 76686, "GEONAMEID": 5586, "PD": null, "PT": null, "SN": "SHADOW LAKE", "ST": "RD", "SD": null, "PRIMARYNAM": "SHADOW LAKE RD", "ALIAS1": null, "ALIAS2": null, "ALIAS3": null, "ALIAS4": null, "ALIAS5": null, "PRIMARYADD": "49 SHADOW LAKE RD", "SITETYPE": "FIRE STATION", "TOWNNAME": "CONCORD", "MCODE": 549, "ESN": 321, "ZIP": "05824", "PARCELNUM": "20.4200049", "GPSX": -71.88885215000001, "GPSY": 44.42860713, "MAPYEAR": "1998-01-01", "UPDATEDATE": "2023-03-28", "STATE": "VT", "FIPS8": 5009, "SPAN": "156-049-11024", "SUBTYPE": 0, "GlobalID_1": "1e0dadac-9ce5-448c-afeb-00eb290cab47", "UNITCOUNT": 1, "PRIMARYA_1": "49 SHADOW LAKE RD CONCORD", "PRIMARYA_2": "49 SHADOW LAKE RD CONCORD VT 05824", "SITETYPE_M": null, "SITETYPE_1": null, "SITETYPE_2": null, "SITETYPE_3": null, "SITETYPE_4": null, "COUNTY": "ESSEX", "COUNTRY": "US", "SOURCEOFDA": "Vermont Enhanced 911 Board", "DRIVEWAYID": 0, "ESZ": "00321", "HOUSE_NUMB": 49, "HOUSE_NU_1": null, "HOUSE_NU_2": null, "FIPS": "5009" }, "geometry": { "type": "Point", "coordinates": [ -71.888852758868822, 44.428605008975403 ] } },
{ "type": "Feature", "properties": { "SEGMENTID": 57116, "ESITEID": 81994, "GEONAMEID": 6214, "PD": null, "PT": null, "SN": "ELM", "ST": "ST", "SD": null, "PRIMARYNAM": "ELM ST", "ALIAS1": null, "ALIAS2": null, "ALIAS3": null, "ALIAS4": null, "ALIAS5": "2/5/2018 3:48:32 PM", "PRIMARYADD": "239 ELM ST", "SITETYPE": "FIRE STATION", "TOWNNAME": "DERBY", "MCODE": 556, "ESN": 246, "ZIP": "05830", "PARCELNUM": "ELMST086A6-LTXM", "GPSX": -72.1060058, "GPSY": 45.00211483, "MAPYEAR": "1998-01-01", "UPDATEDATE": "2023-01-27", "STATE": "VT", "FIPS8": 5019, "SPAN": "177-056-10650", "SUBTYPE": 0, "GlobalID_1": "93130a7a-c497-4a4d-a68f-04ab7d68db6f", "UNITCOUNT": 1, "PRIMARYA_1": "239 ELM ST DERBY", "PRIMARYA_2": "239 ELM ST DERBY VT 05830", "SITETYPE_M": null, "SITETYPE_1": null, "SITETYPE_2": null, "SITETYPE_3": null, "SITETYPE_4": null, "COUNTY": "ORLEANS", "COUNTRY": "US", "SOURCEOFDA": "Vermont Enhanced 911 Board", "DRIVEWAYID": 0, "ESZ": "00246", "HOUSE_NUMB": 239, "HOUSE_NU_1": null, "HOUSE_NU_2": null, "FIPS": "5019" }, "geometry": { "type": "Point", "coordinates": [ -72.10600592982189, 45.00211288771542 ] } },
{ "type": "Feature", "properties": { "SEGMENTID": 5851, "ESITEID": 174243, "GEONAMEID": 13567, "PD": null, "PT": null, "SN": "CHAPEL", "ST": "ST", "SD": null, "PRIMARYNAM": "CHAPEL ST", "ALIAS1": null, "ALIAS2": null, "ALIAS3": null, "ALIAS4": null, "ALIAS5": "5/12/2015 11:25:25 PM", "PRIMARYADD": "60 CHAPEL ST", "SITETYPE": "FIRE STATION", "TOWNNAME": "NEWBURY", "MCODE": 635, "ESN": 413, "ZIP": "05051", "PARCELNUM": "00E062.", "GPSX": -72.05884969, "GPSY": 44.07964229, "MAPYEAR": "1998-01-01", "UPDATEDATE": "2023-01-27", "STATE": "VT", "FIPS8": 5017, "SPAN": "426-133-11476", "SUBTYPE": 0, "GlobalID_1": "f75dcfdf-ecd1-486e-8bf2-5a8a7acb2d4f", "UNITCOUNT": 1, "PRIMARYA_1": "60 CHAPEL ST NEWBURY", "PRIMARYA_2": "60 CHAPEL ST NEWBURY VT 05051", "SITETYPE_M": null, "SITETYPE_1": null, "SITETYPE_2": null, "SITETYPE_3": null, "SITETYPE_4": null, "COUNTY": "ORANGE", "COUNTRY": "US", "SOURCEOFDA": "Vermont Enhanced 911 Board", "DRIVEWAYID": 0, "ESZ": "00413", "HOUSE_NUMB": 60, "HOUSE_NU_1": null, "HOUSE_NU_2": null, "FIPS": "5017" }, "geometry": { "type": "Point", "coordinates": [ -72.058849125961686, 44.079640112877911 ] } },
{ "type": "Feature", "properties": { "SEGMENTID": 56999, "ESITEID": 142240, "GEONAMEID": 411220, "PD": null, "PT": null, "SN": "VT ROUTE 100", "ST": null, "SD": null, "PRIMARYNAM": "VT ROUTE 100", "ALIAS1": null, "ALIAS2": null, "ALIAS3": null, "ALIAS4": null, "ALIAS5": "8/27/2015 11:32:55 AM", "PRIMARYADD": "2534 VT ROUTE 100", "SITETYPE": "FIRE STATION", "TOWNNAME": "LOWELL", "MCODE": 612, "ESN": 428, "ZIP": "05847", "PARCELNUM": "120115.", "GPSX": -72.44835286, "GPSY": 44.80074503, "MAPYEAR": "1998-01-01", "UPDATEDATE": "2023-01-27", "STATE": "VT", "FIPS8": 5019, "SPAN": "360-111-10346", "SUBTYPE": 0, "GlobalID_1": "d886ccb5-dc65-41ef-9241-dc5ba3674a63", "UNITCOUNT": 1, "PRIMARYA_1": "2534 VT ROUTE 100 LOWELL", "PRIMARYA_2": "2534 VT ROUTE 100 LOWELL VT 05847", "SITETYPE_M": null, "SITETYPE_1": null, "SITETYPE_2": null, "SITETYPE_3": null, "SITETYPE_4": null, "COUNTY": "ORLEANS", "COUNTRY": "US", "SOURCEOFDA": "Vermont Enhanced 911 Board", "DRIVEWAYID": 0, "ESZ": "00428", "HOUSE_NUMB": 2534, "HOUSE_NU_1": null, "HOUSE_NU_2": null, "FIPS": "5019" }, "geometry": { "type": "Point", "coordinates": [ -72.448352748274587, 44.80074340240899 ] } },
{ "type": "Feature", "properties": { "SEGMENTID": 254270, "ESITEID": 75538, "GEONAMEID": 409650, "PD": null, "PT": null, "SN": "COLLEGE", "ST": "PKWY", "SD": null, "PRIMARYNAM": "COLLEGE PKWY", "ALIAS1": null, "ALIAS2": null, "ALIAS3": null, "ALIAS4": null, "ALIAS5": null, "PRIMARYADD": "220 COLLEGE PKWY", "SITETYPE": "FIRE STATION", "TOWNNAME": "COLCHESTER", "MCODE": 548, "ESN": 470, "ZIP": "05446", "PARCELNUM": "18-003001-0000000", "GPSX": -73.16629473, "GPSY": 44.49261644, "MAPYEAR": "1998-01-01", "UPDATEDATE": "2023-03-28", "STATE": "VT", "FIPS8": 5007, "SPAN": "153-048-22504", "SUBTYPE": 0, "GlobalID_1": "1bee095e-7ec6-4f11-b044-0d855f547b8b", "UNITCOUNT": 1, "PRIMARYA_1": "220 COLLEGE PKWY COLCHESTER", "PRIMARYA_2": "220 COLLEGE PKWY COLCHESTER VT 05446", "SITETYPE_M": null, "SITETYPE_1": null, "SITETYPE_2": null, "SITETYPE_3": null, "SITETYPE_4": null, "COUNTY": "CHITTENDEN", "COUNTRY": "US", "SOURCEOFDA": "Vermont Enhanced 911 Board", "DRIVEWAYID": 0, "ESZ": "00470", "HOUSE_NUMB": 220, "HOUSE_NU_1": null, "HOUSE_NU_2": null, "FIPS": "5007" }, "geometry": { "type": "Point", "coordinates": [ -73.166294840747398, 44.492614239964482 ] } },
{ "type": "Feature", "properties": { "SEGMENTID": 411071, "ESITEID": 12537, "GEONAMEID": 1506, "PD": "S", "PT": null, "SN": "BARRE", "ST": "RD", "SD": null, "PRIMARYNAM": "S BARRE RD", "ALIAS1": null, "ALIAS2": null, "ALIAS3": null, "ALIAS4": null, "ALIAS5": "11/20/2018 8:30:17 AM", "PRIMARYADD": "528 S BARRE RD", "SITETYPE": "FIRE STATION", "TOWNNAME": "BARRE TOWN", "MCODE": 511, "ESN": 399, "ZIP": "05641", "PARCELNUM": "026/052.00", "GPSX": -72.50755802, "GPSY": 44.17212901, "MAPYEAR": "1998-01-01", "UPDATEDATE": "2023-01-27", "STATE": "VT", "FIPS8": 5023, "SPAN": "039-012-10263", "SUBTYPE": 0, "GlobalID_1": "5cc1a1dc-faf6-4249-a3ae-3472c84cf93a", "UNITCOUNT": 1, "PRIMARYA_1": "528 S BARRE RD BARRE TOWN", "PRIMARYA_2": "528 S BARRE RD BARRE TOWN VT 05641", "SITETYPE_M": null, "SITETYPE_1": null, "SITETYPE_2": null, "SITETYPE_3": null, "SITETYPE_4": null, "COUNTY": "WASHINGTON", "COUNTRY": "US", "SOURCEOFDA": "Vermont Enhanced 911 Board", "DRIVEWAYID": 0, "ESZ": "00399", "HOUSE_NUMB": 528, "HOUSE_NU_1": null, "HOUSE_NU_2": null, "FIPS": "5023" }, "geometry": { "type": "Point", "coordinates": [ -72.507557529228251, 44.172127469798099 ] } },
{ "type": "Feature", "properties": { "SEGMENTID": 62253, "ESITEID": 196437, "GEONAMEID": 16004, "PD": null, "PT": null, "SN": "FURNACE", "ST": "ST", "SD": null, "PRIMARYNAM": "FURNACE ST", "ALIAS1": null, "ALIAS2": null, "ALIAS3": null, "ALIAS4": null, "ALIAS5": "12/30/2019 7:15:44 PM", "PRIMARYADD": "107 FURNACE ST", "SITETYPE": "FIRE STATION", "TOWNNAME": "RANDOLPH", "MCODE": 658, "ESN": 409, "ZIP": "05061", "PARCELNUM": "108012.000", "GPSX": -72.60515179, "GPSY": 43.94270126, "MAPYEAR": "1998-01-01", "UPDATEDATE": "2023-01-27", "STATE": "VT", "FIPS8": 5017, "SPAN": "507-159-12380", "SUBTYPE": 0, "GlobalID_1": "e64bc08d-6e91-4970-becf-c2326eab2d7a", "UNITCOUNT": 1, "PRIMARYA_1": "107 FURNACE ST RANDOLPH", "PRIMARYA_2": "107 FURNACE ST RANDOLPH VT 05061", "SITETYPE_M": null, "SITETYPE_1": null, "SITETYPE_2": null, "SITETYPE_3": null, "SITETYPE_4": null, "COUNTY": "ORANGE", "COUNTRY": "US", "SOURCEOFDA": "Vermont Enhanced 911 Board", "DRIVEWAYID": 0, "ESZ": "00409", "HOUSE_NUMB": 107, "HOUSE_NU_1": null, "HOUSE_NU_2": null, "FIPS": "5017" }, "geometry": { "type": "Point", "coordinates": [ -72.605150815360005, 43.942699582845883 ] } },
{ "type": "Feature", "properties": { "SEGMENTID": 254437, "ESITEID": 221961, "GEONAMEID": 18220, "PD": null, "PT": null, "SN": "SHELBURNE", "ST": "RD", "SD": null, "PRIMARYNAM": "SHELBURNE RD", "ALIAS1": null, "ALIAS2": null, "ALIAS3": null, "ALIAS4": null, "ALIAS5": "6/30/2015 11:08:57 AM", "PRIMARYADD": "5380 SHELBURNE RD", "SITETYPE": "FIRE STATION", "TOWNNAME": "SHELBURNE", "MCODE": 678, "ESN": 251, "ZIP": "05482", "PARCELNUM": "700-5376", "GPSX": -73.22922672, "GPSY": 44.37954973, "MAPYEAR": "1998-01-01", "UPDATEDATE": "2023-01-27", "STATE": "VT", "FIPS8": 5007, "SPAN": "582-183-12591", "SUBTYPE": 0, "GlobalID_1": "1976e0a3-f4e4-4100-a99e-c74eb3ded788", "UNITCOUNT": 1, "PRIMARYA_1": "5380 SHELBURNE RD SHELBURNE", "PRIMARYA_2": "5380 SHELBURNE RD SHELBURNE VT 05482", "SITETYPE_M": null, "SITETYPE_1": null, "SITETYPE_2": null, "SITETYPE_3": null, "SITETYPE_4": null, "COUNTY": "CHITTENDEN", "COUNTRY": "US", "SOURCEOFDA": "Vermont Enhanced 911 Board", "DRIVEWAYID": 0, "ESZ": "00251", "HOUSE_NUMB": 5380, "HOUSE_NU_1": null, "HOUSE_NU_2": null, "FIPS": "5007" }, "geometry": { "type": "Point", "coordinates": [ -73.229226770925905, 44.379547338286514 ] } },
{ "type": "Feature", "properties": { "SEGMENTID": 32360, "ESITEID": 186579, "GEONAMEID": 14906, "PD": null, "PT": null, "SN": "HAPGOOD POND", "ST": "RD", "SD": null, "PRIMARYNAM": "HAPGOOD POND RD", "ALIAS1": null, "ALIAS2": null, "ALIAS3": null, "ALIAS4": null, "ALIAS5": "12/20/2016 1:12:13 PM", "PRIMARYADD": "1005 HAPGOOD POND RD", "SITETYPE": "FIRE STATION", "TOWNNAME": "PERU", "MCODE": 648, "ESN": 332, "ZIP": "05152", "PARCELNUM": "090136-37", "GPSX": -72.89340645, "GPSY": 43.24437897, "MAPYEAR": "1998-01-01", "UPDATEDATE": "2023-01-27", "STATE": "VT", "FIPS8": 5003, "SPAN": "474-149-10553", "SUBTYPE": 0, "GlobalID_1": "5c4f5597-fc03-4b78-9d53-f40c3fb4aff0", "UNITCOUNT": 1, "PRIMARYA_1": "1005 HAPGOOD POND RD PERU", "PRIMARYA_2": "1005 HAPGOOD POND RD PERU VT 05152", "SITETYPE_M": null, "SITETYPE_1": null, "SITETYPE_2": null, "SITETYPE_3": null, "SITETYPE_4": null, "COUNTY": "BENNINGTON", "COUNTRY": "US", "SOURCEOFDA": "Vermont Enhanced 911 Board", "DRIVEWAYID": 0, "ESZ": "00332", "HOUSE_NUMB": 1005, "HOUSE_NU_1": null, "HOUSE_NU_2": null, "FIPS": "5003" }, "geometry": { "type": "Point", "coordinates": [ -72.893406577222038, 43.244377992565809 ] } },
{ "type": "Feature", "properties": { "SEGMENTID": 57410, "ESITEID": 130698, "GEONAMEID": 10102, "PD": null, "PT": null, "SN": "MONUMENT HILL", "ST": "RD", "SD": null, "PRIMARYNAM": "MONUMENT HILL RD", "ALIAS1": null, "ALIAS2": null, "ALIAS3": null, "ALIAS4": null, "ALIAS5": "5/12/2015 9:15:55 PM", "PRIMARYADD": "4645 MONUMENT HILL RD", "SITETYPE": "FIRE STATION", "TOWNNAME": "HUBBARDTON", "MCODE": 596, "ESN": 328, "ZIP": "05735", "PARCELNUM": "06/026.01", "GPSX": -73.13037393, "GPSY": 43.70918257, "MAPYEAR": "1998-01-01", "UPDATEDATE": "2023-01-27", "STATE": "VT", "FIPS8": 5021, "SPAN": "300-095-10343", "SUBTYPE": 0, "GlobalID_1": "d18d9c8c-e598-447e-8a4c-daca29d32208", "UNITCOUNT": 1, "PRIMARYA_1": "4645 MONUMENT HILL RD HUBBARDTON", "PRIMARYA_2": "4645 MONUMENT HILL RD HUBBARDTON VT 05735", "SITETYPE_M": null, "SITETYPE_1": null, "SITETYPE_2": null, "SITETYPE_3": null, "SITETYPE_4": null, "COUNTY": "RUTLAND", "COUNTRY": "US", "SOURCEOFDA": "Vermont Enhanced 911 Board", "DRIVEWAYID": 0, "ESZ": "00328", "HOUSE_NUMB": 4645, "HOUSE_NU_1": null, "HOUSE_NU_2": null, "FIPS": "5021" }, "geometry": { "type": "Point", "coordinates": [ -73.130372967078401, 43.709180876086201 ] } },
{ "type": "Feature", "properties": { "SEGMENTID": 3505, "ESITEID": 85927, "GEONAMEID": 31554, "PD": null, "PT": null, "SN": "VT ROUTE 100", "ST": null, "SD": null, "PRIMARYNAM": "VT ROUTE 100", "ALIAS1": null, "ALIAS2": null, "ALIAS3": null, "ALIAS4": null, "ALIAS5": "2/26/2016 11:45:13 AM", "PRIMARYADD": "253 VT ROUTE 100", "SITETYPE": "FIRE STATION", "TOWNNAME": "DOVER", "MCODE": 558, "ESN": 445, "ZIP": "05356", "PARCELNUM": "RT087-X", "GPSX": -72.87276634, "GPSY": 42.9485631, "MAPYEAR": "2003-01-24", "UPDATEDATE": "2023-01-27", "STATE": "VT", "FIPS8": 5025, "SPAN": "183-058-13554", "SUBTYPE": 0, "GlobalID_1": "833862e8-7ac6-4862-93e5-dccd72a2ae6b", "UNITCOUNT": 1, "PRIMARYA_1": "253 VT ROUTE 100 DOVER", "PRIMARYA_2": "253 VT ROUTE 100 DOVER VT 05356", "SITETYPE_M": null, "SITETYPE_1": null, "SITETYPE_2": null, "SITETYPE_3": null, "SITETYPE_4": null, "COUNTY": "WINDHAM", "COUNTRY": "US", "SOURCEOFDA": "Vermont Enhanced 911 Board", "DRIVEWAYID": 0, "ESZ": "00445", "HOUSE_NUMB": 253, "HOUSE_NU_1": null, "HOUSE_NU_2": null, "FIPS": "5025" }, "geometry": { "type": "Point", "coordinates": [ -72.872766744958639, 42.948562486202889 ] } },
{ "type": "Feature", "properties": { "SEGMENTID": 42065, "ESITEID": 773054, "GEONAMEID": 19025, "PD": null, "PT": null, "SN": "US ROUTE 2", "ST": null, "SD": null, "PRIMARYNAM": "US ROUTE 2", "ALIAS1": null, "ALIAS2": null, "ALIAS3": null, "ALIAS4": null, "ALIAS5": null, "PRIMARYADD": "318 US ROUTE 2", "SITETYPE": "FIRE STATION", "TOWNNAME": "SOUTH HERO", "MCODE": 685, "ESN": 422, "ZIP": "05486", "PARCELNUM": null, "GPSX": -73.30468868, "GPSY": 44.64620522, "MAPYEAR": "2026-02-03", "UPDATEDATE": "2026-02-04", "STATE": "VT", "FIPS8": 5013, "SPAN": null, "SUBTYPE": 0, "GlobalID_1": "ca2c057e-1bb6-4786-9364-3aa18088afa4", "UNITCOUNT": 1, "PRIMARYA_1": "318 US ROUTE 2 SOUTH HERO", "PRIMARYA_2": "318 US ROUTE 2 SOUTH HERO 05486", "SITETYPE_M": null, "SITETYPE_1": null, "SITETYPE_2": null, "SITETYPE_3": null, "SITETYPE_4": null, "COUNTY": "Grand Isle County", "COUNTRY": "US", "SOURCEOFDA": "Vermont Enhanced 911 Board", "DRIVEWAYID": 0, "ESZ": "00422", "HOUSE_NUMB": 318, "HOUSE_NU_1": null, "HOUSE_NU_2": null, "FIPS": "5013" }, "geometry": { "type": "Point", "coordinates": [ -73.304687769914352, 44.646192612671335 ] } },
{ "type": "Feature", "properties": { "SEGMENTID": 32076, "ESITEID": 174964, "GEONAMEID": 13734, "PD": null, "PT": null, "SN": "VT ROUTE 30", "ST": null, "SD": null, "PRIMARYNAM": "VT ROUTE 30", "ALIAS1": "ROUTE 30", "ALIAS2": null, "ALIAS3": null, "ALIAS4": null, "ALIAS5": "5/13/2015 12:26:59 AM", "PRIMARYADD": "698 VT ROUTE 30", "SITETYPE": "FIRE STATION", "TOWNNAME": "NEWFANE", "MCODE": 636, "ESN": 275, "ZIP": "05345", "PARCELNUM": "00B252.", "GPSX": -72.65023195000001, "GPSY": 42.99293153, "MAPYEAR": "1998-01-01", "UPDATEDATE": "2023-01-27", "STATE": "VT", "FIPS8": 5025, "SPAN": "429-134-10939", "SUBTYPE": 0, "GlobalID_1": "fa02fbec-c5f0-44be-976d-3f27b405a71c", "UNITCOUNT": 1, "PRIMARYA_1": "698 VT ROUTE 30 NEWFANE", "PRIMARYA_2": "698 VT ROUTE 30 NEWFANE VT 05345", "SITETYPE_M": null, "SITETYPE_1": null, "SITETYPE_2": null, "SITETYPE_3": null, "SITETYPE_4": null, "COUNTY": "WINDHAM", "COUNTRY": "US", "SOURCEOFDA": "Vermont Enhanced 911 Board", "DRIVEWAYID": 0, "ESZ": "00275", "HOUSE_NUMB": 698, "HOUSE_NU_1": null, "HOUSE_NU_2": null, "FIPS": "5025" }, "geometry": { "type": "Point", "coordinates": [ -72.650232504831365, 42.992930602554267 ] } },
{ "type": "Feature", "properties": { "SEGMENTID": 31695, "ESITEID": 40559, "GEONAMEID": 3517, "PD": null, "PT": null, "SN": "FIRE DEPT", "ST": "LN", "SD": null, "PRIMARYNAM": "FIRE DEPT LN", "ALIAS1": null, "ALIAS2": null, "ALIAS3": null, "ALIAS4": null, "ALIAS5": "1/4/2018 1:02:23 PM", "PRIMARYADD": "56 FIRE DEPT LN", "SITETYPE": "FIRE STATION", "TOWNNAME": "BROOKFIELD", "MCODE": 529, "ESN": 591, "ZIP": "05036", "PARCELNUM": "03-030.010", "GPSX": -72.57165686, "GPSY": 44.02902577, "MAPYEAR": "1998-01-01", "UPDATEDATE": "2023-01-27", "STATE": "VT", "FIPS8": 5017, "SPAN": "096-030-10088", "SUBTYPE": 0, "GlobalID_1": "25d8bb51-e551-471f-a66b-c0c30bc20d60", "UNITCOUNT": 1, "PRIMARYA_1": "56 FIRE DEPT LN BROOKFIELD", "PRIMARYA_2": "56 FIRE DEPT LN BROOKFIELD VT 05036", "SITETYPE_M": null, "SITETYPE_1": null, "SITETYPE_2": null, "SITETYPE_3": null, "SITETYPE_4": null, "COUNTY": "ORANGE", "COUNTRY": "US", "SOURCEOFDA": "Vermont Enhanced 911 Board", "DRIVEWAYID": 0, "ESZ": "00591", "HOUSE_NUMB": 56, "HOUSE_NU_1": null, "HOUSE_NU_2": null, "FIPS": "5017" }, "geometry": { "type": "Point", "coordinates": [ -72.57165593881912, 44.029024097238839 ] } },
{ "type": "Feature", "properties": { "SEGMENTID": 18361, "ESITEID": 297684, "GEONAMEID": 24379, "PD": null, "PT": null, "SN": "VT ROUTE 30", "ST": null, "SD": null, "PRIMARYNAM": "VT ROUTE 30", "ALIAS1": null, "ALIAS2": "ROUTE 30", "ALIAS3": null, "ALIAS4": null, "ALIAS5": "5/13/2015 12:26:35 AM", "PRIMARYADD": "107 VT ROUTE 30", "SITETYPE": "FIRE STATION", "TOWNNAME": "WINHALL", "MCODE": 743, "ESN": 265, "ZIP": "05340", "PARCELNUM": "01714.", "GPSX": -72.88717371, "GPSY": 43.14362917, "MAPYEAR": "1998-01-01", "UPDATEDATE": "2023-01-27", "STATE": "VT", "FIPS8": 5003, "SPAN": "771-245-12102", "SUBTYPE": 0, "GlobalID_1": "8dd79ee4-4e58-45fa-8ee0-01ccdc7f7c58", "UNITCOUNT": 1, "PRIMARYA_1": "107 VT ROUTE 30 WINHALL", "PRIMARYA_2": "107 VT ROUTE 30 WINHALL VT 05340", "SITETYPE_M": null, "SITETYPE_1": null, "SITETYPE_2": null, "SITETYPE_3": null, "SITETYPE_4": null, "COUNTY": "BENNINGTON", "COUNTRY": "US", "SOURCEOFDA": "Vermont Enhanced 911 Board", "DRIVEWAYID": 0, "ESZ": "00265", "HOUSE_NUMB": 107, "HOUSE_NU_1": null, "HOUSE_NU_2": null, "FIPS": "5003" }, "geometry": { "type": "Point", "coordinates": [ -72.887173971773976, 43.143628312675041 ] } },
{ "type": "Feature", "properties": { "SEGMENTID": 59903, "ESITEID": 3862, "GEONAMEID": 341, "PD": null, "PT": null, "SN": "BERWAL", "ST": "RD", "SD": null, "PRIMARYNAM": "BERWAL RD", "ALIAS1": null, "ALIAS2": null, "ALIAS3": null, "ALIAS4": null, "ALIAS5": "5/12/2015 11:29:33 PM", "PRIMARYADD": "41 BERWAL RD", "SITETYPE": "FIRE STATION", "TOWNNAME": "ARLINGTON", "MCODE": 504, "ESN": 127, "ZIP": "05250", "PARCELNUM": "0002-2-01-", "GPSX": -73.20793991, "GPSY": 43.10217116, "MAPYEAR": "1998-01-01", "UPDATEDATE": "2023-01-27", "STATE": "VT", "FIPS8": 5003, "SPAN": "015-005-10022", "SUBTYPE": 0, "GlobalID_1": "311977b5-2ea7-4644-a071-3cb55951b7a5", "UNITCOUNT": 1, "PRIMARYA_1": "41 BERWAL RD ARLINGTON", "PRIMARYA_2": "41 BERWAL RD ARLINGTON VT 05250", "SITETYPE_M": null, "SITETYPE_1": null, "SITETYPE_2": null, "SITETYPE_3": null, "SITETYPE_4": null, "COUNTY": "BENNINGTON", "COUNTRY": "US", "SOURCEOFDA": "Vermont Enhanced 911 Board", "DRIVEWAYID": 0, "ESZ": "00127", "HOUSE_NUMB": 41, "HOUSE_NU_1": null, "HOUSE_NU_2": null, "FIPS": "5003" }, "geometry": { "type": "Point", "coordinates": [ -73.207939966008638, 43.102170594894652 ] } },
{ "type": "Feature", "properties": { "SEGMENTID": 254300, "ESITEID": 315390, "GEONAMEID": 18847, "PD": null, "PT": null, "SN": "NCO", "ST": "DR", "SD": null, "PRIMARYNAM": "NCO DR", "ALIAS1": null, "ALIAS2": null, "ALIAS3": null, "ALIAS4": null, "ALIAS5": "5/12/2015 7:30:46 PM", "PRIMARYADD": "40 NCO DR", "SITETYPE": "FIRE STATION", "TOWNNAME": "SOUTH BURLINGTON", "MCODE": 684, "ESN": 578, "ZIP": "05403", "PARCELNUM": "2000-00000.001", "GPSX": -73.15126444000001, "GPSY": 44.47604197, "MAPYEAR": "2007-01-08", "UPDATEDATE": "2023-01-27", "STATE": "VT", "FIPS8": 5007, "SPAN": "600-188-10911", "SUBTYPE": 0, "GlobalID_1": "8936670f-d937-409c-8f88-f720f8e99958", "UNITCOUNT": 1, "PRIMARYA_1": "40 NCO DR SOUTH BURLINGTON", "PRIMARYA_2": "40 NCO DR SOUTH BURLINGTON VT 05403", "SITETYPE_M": null, "SITETYPE_1": null, "SITETYPE_2": null, "SITETYPE_3": null, "SITETYPE_4": null, "COUNTY": "CHITTENDEN", "COUNTRY": "US", "SOURCEOFDA": "Vermont Enhanced 911 Board", "DRIVEWAYID": 0, "ESZ": "00578", "HOUSE_NUMB": 40, "HOUSE_NU_1": null, "HOUSE_NU_2": null, "FIPS": "5007" }, "geometry": { "type": "Point", "coordinates": [ -73.15126443881617, 44.476039815806878 ] } },
{ "type": "Feature", "properties": { "SEGMENTID": 42306, "ESITEID": 7680, "GEONAMEID": 719, "PD": null, "PT": null, "SN": "BIMSON", "ST": "DR", "SD": null, "PRIMARYNAM": "BIMSON DR", "ALIAS1": null, "ALIAS2": null, "ALIAS3": null, "ALIAS4": null, "ALIAS5": "6/29/2016 12:25:41 PM", "PRIMARYADD": "151 BIMSON DR", "SITETYPE": "FIRE STATION", "TOWNNAME": "BARNET", "MCODE": 509, "ESN": 421, "ZIP": "05821", "PARCELNUM": "0022-01-30.", "GPSX": -72.05885939, "GPSY": 44.29283226, "MAPYEAR": "2003-06-17", "UPDATEDATE": "2023-01-27", "STATE": "VT", "FIPS8": 5005, "SPAN": "033-010-10065", "SUBTYPE": 0, "GlobalID_1": "265e021d-a978-4350-8bb3-034da219bde9", "UNITCOUNT": 1, "PRIMARYA_1": "151 BIMSON DR BARNET", "PRIMARYA_2": "151 BIMSON DR BARNET VT 05821", "SITETYPE_M": null, "SITETYPE_1": null, "SITETYPE_2": null, "SITETYPE_3": null, "SITETYPE_4": null, "COUNTY": "CALEDONIA", "COUNTRY": "US", "SOURCEOFDA": "Vermont Enhanced 911 Board", "DRIVEWAYID": 0, "ESZ": "00421", "HOUSE_NUMB": 151, "HOUSE_NU_1": null, "HOUSE_NU_2": null, "FIPS": "5005" }, "geometry": { "type": "Point", "coordinates": [ -72.058859609907387, 44.292830187566416 ] } },
{ "type": "Feature", "properties": { "SEGMENTID": 5426, "ESITEID": 202390, "GEONAMEID": 16649, "PD": null, "PT": null, "SN": "PEAVINE", "ST": "DR", "SD": null, "PRIMARYNAM": "PEAVINE DR", "ALIAS1": null, "ALIAS2": null, "ALIAS3": null, "ALIAS4": null, "ALIAS5": "6/14/2018 11:36:45 AM", "PRIMARYADD": "24 PEAVINE DR", "SITETYPE": "FIRE STATION", "TOWNNAME": "ROCHESTER", "MCODE": 664, "ESN": 169, "ZIP": "05767", "PARCELNUM": "0000VI203.", "GPSX": -72.80783437, "GPSY": 43.87712643, "MAPYEAR": "1998-01-01", "UPDATEDATE": "2023-01-27", "STATE": "VT", "FIPS8": 5027, "SPAN": "525-165-11006", "SUBTYPE": 0, "GlobalID_1": "5773c5be-55d4-4ecd-ae14-31cabbe51fce", "UNITCOUNT": 1, "PRIMARYA_1": "24 PEAVINE DR ROCHESTER", "PRIMARYA_2": "24 PEAVINE DR ROCHESTER VT 05767", "SITETYPE_M": null, "SITETYPE_1": null, "SITETYPE_2": null, "SITETYPE_3": null, "SITETYPE_4": null, "COUNTY": "WINDSOR", "COUNTRY": "US", "SOURCEOFDA": "Vermont Enhanced 911 Board", "DRIVEWAYID": 0, "ESZ": "00169", "HOUSE_NUMB": 24, "HOUSE_NU_1": null, "HOUSE_NU_2": null, "FIPS": "5027" }, "geometry": { "type": "Point", "coordinates": [ -72.807833341652938, 43.877124834085386 ] } },
{ "type": "Feature", "properties": { "SEGMENTID": 29808, "ESITEID": 337646, "GEONAMEID": 30898, "PD": null, "PT": null, "SN": "NORTH", "ST": "AVE", "SD": null, "PRIMARYNAM": "NORTH AVE", "ALIAS1": null, "ALIAS2": null, "ALIAS3": null, "ALIAS4": null, "ALIAS5": "5/20/2015 1:39:55 PM", "PRIMARYADD": "132 NORTH AVE", "SITETYPE": "FIRE STATION", "TOWNNAME": "BURLINGTON", "MCODE": 535, "ESN": 355, "ZIP": "05401", "PARCELNUM": "043-3-110.000", "GPSX": -73.22281876, "GPSY": 44.48555107, "MAPYEAR": "2009-10-20", "UPDATEDATE": "2023-01-27", "STATE": "VT", "FIPS8": 5007, "SPAN": "114-035-14321", "SUBTYPE": 0, "GlobalID_1": "47e2f899-0d52-480a-a018-dcba58c9117b", "UNITCOUNT": 1, "PRIMARYA_1": "132 NORTH AVE BURLINGTON", "PRIMARYA_2": "132 NORTH AVE BURLINGTON VT 05401", "SITETYPE_M": null, "SITETYPE_1": null, "SITETYPE_2": null, "SITETYPE_3": null, "SITETYPE_4": null, "COUNTY": "CHITTENDEN", "COUNTRY": "US", "SOURCEOFDA": "Vermont Enhanced 911 Board", "DRIVEWAYID": 0, "ESZ": "00355", "HOUSE_NUMB": 132, "HOUSE_NU_1": null, "HOUSE_NU_2": null, "FIPS": "5007" }, "geometry": { "type": "Point", "coordinates": [ -73.222819134068274, 44.485548674015675 ] } },
{ "type": "Feature", "properties": { "SEGMENTID": 49906, "ESITEID": 215702, "GEONAMEID": 17623, "PD": null, "PT": null, "SN": "WITHERSPOON", "ST": "RD", "SD": null, "PRIMARYNAM": "WITHERSPOON RD", "ALIAS1": null, "ALIAS2": null, "ALIAS3": null, "ALIAS4": null, "ALIAS5": "7/2/2020 1:33:37 PM", "PRIMARYADD": "57 WITHERSPOON RD", "SITETYPE": "FIRE STATION", "TOWNNAME": "RYEGATE", "MCODE": 671, "ESN": 139, "ZIP": "05042", "PARCELNUM": "15001115.02", "GPSX": -72.10477738, "GPSY": 44.20809323, "MAPYEAR": "1998-01-01", "UPDATEDATE": "2023-01-27", "STATE": "VT", "FIPS8": 5005, "SPAN": "546-172-10619", "SUBTYPE": 0, "GlobalID_1": "70871178-5b02-4cc9-8f8e-8b1974a489d0", "UNITCOUNT": 1, "PRIMARYA_1": "57 WITHERSPOON RD RYEGATE", "PRIMARYA_2": "57 WITHERSPOON RD RYEGATE VT 05042", "SITETYPE_M": null, "SITETYPE_1": null, "SITETYPE_2": null, "SITETYPE_3": null, "SITETYPE_4": null, "COUNTY": "CALEDONIA", "COUNTRY": "US", "SOURCEOFDA": "Vermont Enhanced 911 Board", "DRIVEWAYID": 0, "ESZ": "00139", "HOUSE_NUMB": 57, "HOUSE_NU_1": null, "HOUSE_NU_2": null, "FIPS": "5005" }, "geometry": { "type": "Point", "coordinates": [ -72.104777115998942, 44.208091181821686 ] } },
{ "type": "Feature", "properties": { "SEGMENTID": 18458, "ESITEID": 157932, "GEONAMEID": 29341, "PD": null, "PT": null, "SN": "FIREHOUSE", "ST": "LN", "SD": null, "PRIMARYNAM": "FIREHOUSE LN", "ALIAS1": null, "ALIAS2": null, "ALIAS3": null, "ALIAS4": null, "ALIAS5": "2/26/2016 11:24:46 AM", "PRIMARYADD": "8 FIREHOUSE LN", "SITETYPE": "FIRE STATION", "TOWNNAME": "MIDDLETOWN SPRINGS", "MCODE": 623, "ESN": 417, "ZIP": "05757", "PARCELNUM": "TH06-012-000", "GPSX": -73.11736506, "GPSY": 43.48647196, "MAPYEAR": "2003-01-30", "UPDATEDATE": "2023-01-27", "STATE": "VT", "FIPS8": 5021, "SPAN": "393-122-10280", "SUBTYPE": 0, "GlobalID_1": "6a67a82c-e9ee-4e78-9915-d6a3b3bc8679", "UNITCOUNT": 1, "PRIMARYA_1": "8 FIREHOUSE LN MIDDLETOWN SPRINGS", "PRIMARYA_2": "8 FIREHOUSE LN MIDDLETOWN SPRINGS VT 05757", "SITETYPE_M": null, "SITETYPE_1": null, "SITETYPE_2": null, "SITETYPE_3": null, "SITETYPE_4": null, "COUNTY": "RUTLAND", "COUNTRY": "US", "SOURCEOFDA": "Vermont Enhanced 911 Board", "DRIVEWAYID": 0, "ESZ": "00417", "HOUSE_NUMB": 8, "HOUSE_NU_1": null, "HOUSE_NU_2": null, "FIPS": "5021" }, "geometry": { "type": "Point", "coordinates": [ -73.117364561802816, 43.486470770367326 ] } },
{ "type": "Feature", "properties": { "SEGMENTID": 12472, "ESITEID": 58694, "GEONAMEID": 4086, "PD": null, "PT": null, "SN": "VT ROUTE 253", "ST": null, "SD": null, "PRIMARYNAM": "VT ROUTE 253", "ALIAS1": "ROUTE 253", "ALIAS2": null, "ALIAS3": null, "ALIAS4": null, "ALIAS5": "10/19/2022 3:10:52 PM", "PRIMARYADD": "1252 VT ROUTE 253", "SITETYPE": "FIRE STATION", "TOWNNAME": "CANAAN", "MCODE": 539, "ESN": 455, "ZIP": "05902", "PARCELNUM": "U050EA.", "GPSX": -71.50490792, "GPSY": 45.01023374, "MAPYEAR": "1998-01-01", "UPDATEDATE": "2023-01-27", "STATE": "VT", "FIPS8": 5009, "SPAN": "126-039-10033", "SUBTYPE": 0, "GlobalID_1": "6c473950-ca3e-472e-8c6d-47685c4285f4", "UNITCOUNT": 1, "PRIMARYA_1": "1252 VT ROUTE 253 CANAAN", "PRIMARYA_2": "1252 VT ROUTE 253 CANAAN VT 05902", "SITETYPE_M": null, "SITETYPE_1": null, "SITETYPE_2": null, "SITETYPE_3": null, "SITETYPE_4": null, "COUNTY": "ESSEX", "COUNTRY": "US", "SOURCEOFDA": "Vermont Enhanced 911 Board", "DRIVEWAYID": 0, "ESZ": "00455", "HOUSE_NUMB": 1252, "HOUSE_NU_1": null, "HOUSE_NU_2": null, "FIPS": "5009" }, "geometry": { "type": "Point", "coordinates": [ -71.504909059308616, 45.010232325895942 ] } },
{ "type": "Feature", "properties": { "SEGMENTID": 311511, "ESITEID": 226599, "GEONAMEID": 18654, "PD": null, "PT": null, "SN": "SHUNPIKE", "ST": "RD", "SD": null, "PRIMARYNAM": "SHUNPIKE RD", "ALIAS1": null, "ALIAS2": null, "ALIAS3": null, "ALIAS4": null, "ALIAS5": "7/8/2022 2:29:30 PM", "PRIMARYADD": "23 SHUNPIKE RD", "SITETYPE": "FIRE STATION", "TOWNNAME": "SHREWSBURY", "MCODE": 682, "ESN": 380, "ZIP": "05738", "PARCELNUM": "035-0-0023", "GPSX": -72.88084873, "GPSY": 43.49249112, "MAPYEAR": "1998-01-01", "UPDATEDATE": "2023-01-27", "STATE": "VT", "FIPS8": 5021, "SPAN": "594-187-10601", "SUBTYPE": 0, "GlobalID_1": "8e1098ad-caf2-4bd8-a2a1-19ba90c86fb1", "UNITCOUNT": 1, "PRIMARYA_1": "23 SHUNPIKE RD SHREWSBURY", "PRIMARYA_2": "23 SHUNPIKE RD SHREWSBURY VT 05738", "SITETYPE_M": null, "SITETYPE_1": null, "SITETYPE_2": null, "SITETYPE_3": null, "SITETYPE_4": null, "COUNTY": "RUTLAND", "COUNTRY": "US", "SOURCEOFDA": "Vermont Enhanced 911 Board", "DRIVEWAYID": 0, "ESZ": "00380", "HOUSE_NUMB": 23, "HOUSE_NU_1": null, "HOUSE_NU_2": null, "FIPS": "5021" }, "geometry": { "type": "Point", "coordinates": [ -72.880848351734556, 43.492489781233147 ] } },
{ "type": "Feature", "properties": { "SEGMENTID": 61398, "ESITEID": 62024, "GEONAMEID": 4391, "PD": null, "PT": null, "SN": "MAIN", "ST": "ST", "SD": null, "PRIMARYNAM": "MAIN ST", "ALIAS1": null, "ALIAS2": null, "ALIAS3": null, "ALIAS4": null, "ALIAS5": "5/12/2015 11:52:38 PM", "PRIMARYADD": "2154 MAIN ST", "SITETYPE": "FIRE STATION", "TOWNNAME": "CAVENDISH", "MCODE": 541, "ESN": 108, "ZIP": "05142", "PARCELNUM": "2V21-091-", "GPSX": -72.6069393, "GPSY": 43.38236774, "MAPYEAR": "1998-01-01", "UPDATEDATE": "2023-01-27", "STATE": "VT", "FIPS8": 5027, "SPAN": "132-041-10166", "SUBTYPE": 0, "GlobalID_1": "b7a4f6bb-699a-4fa6-ae7d-9cfda85d16cc", "UNITCOUNT": 1, "PRIMARYA_1": "2154 MAIN ST CAVENDISH", "PRIMARYA_2": "2154 MAIN ST CAVENDISH VT 05142", "SITETYPE_M": null, "SITETYPE_1": null, "SITETYPE_2": null, "SITETYPE_3": null, "SITETYPE_4": null, "COUNTY": "WINDSOR", "COUNTRY": "US", "SOURCEOFDA": "Vermont Enhanced 911 Board", "DRIVEWAYID": 0, "ESZ": "00108", "HOUSE_NUMB": 2154, "HOUSE_NU_1": null, "HOUSE_NU_2": null, "FIPS": "5027" }, "geometry": { "type": "Point", "coordinates": [ -72.606939107236514, 43.382366304749468 ] } },
{ "type": "Feature", "properties": { "SEGMENTID": 47714, "ESITEID": 203815, "GEONAMEID": 420800, "PD": null, "PT": null, "SN": "MAIN", "ST": "ST", "SD": null, "PRIMARYNAM": "MAIN ST", "ALIAS1": null, "ALIAS2": null, "ALIAS3": null, "ALIAS4": null, "ALIAS5": null, "PRIMARYADD": "44 MAIN ST", "SITETYPE": "FIRE STATION", "TOWNNAME": "SAXTONS RIVER", "MCODE": 758, "ESN": 444, "ZIP": "05154", "PARCELNUM": "160010044-", "GPSX": -72.5102005, "GPSY": 43.13827133, "MAPYEAR": "1998-01-01", "UPDATEDATE": "2023-03-28", "STATE": "VT", "FIPS8": 5025, "SPAN": "528-166-12141", "SUBTYPE": 0, "GlobalID_1": "b909a8db-95f6-4523-8339-5587b57fc1ce", "UNITCOUNT": 1, "PRIMARYA_1": "44 MAIN ST SAXTONS RIVER", "PRIMARYA_2": "44 MAIN ST SAXTONS RIVER VT 05154", "SITETYPE_M": null, "SITETYPE_1": null, "SITETYPE_2": null, "SITETYPE_3": null, "SITETYPE_4": null, "COUNTY": "WINDHAM", "COUNTRY": "US", "SOURCEOFDA": "Vermont Enhanced 911 Board", "DRIVEWAYID": 0, "ESZ": "00444", "HOUSE_NUMB": 44, "HOUSE_NU_1": null, "HOUSE_NU_2": null, "FIPS": "5025" }, "geometry": { "type": "Point", "coordinates": [ -72.510200916802944, 43.138270016418318 ] } },
{ "type": "Feature", "properties": { "SEGMENTID": 958, "ESITEID": 138184, "GEONAMEID": 10818, "PD": null, "PT": null, "SN": "LOWER MAIN", "ST": "ST", "SD": "W", "PRIMARYNAM": "LOWER MAIN ST W", "ALIAS1": null, "ALIAS2": null, "ALIAS3": null, "ALIAS4": null, "ALIAS5": "4/2/2018 11:13:48 AM", "PRIMARYADD": "251 LOWER MAIN ST W", "SITETYPE": "FIRE STATION", "TOWNNAME": "JOHNSON", "MCODE": 605, "ESN": 104, "ZIP": "05656", "PARCELNUM": "600-125-", "GPSX": -72.68400403, "GPSY": 44.63608622, "MAPYEAR": "1998-01-01", "UPDATEDATE": "2023-01-27", "STATE": "VT", "FIPS8": 5015, "SPAN": "336-104-11557", "SUBTYPE": 0, "GlobalID_1": "b229520f-9dce-4a70-8b3e-f97abf4c90b3", "UNITCOUNT": 1, "PRIMARYA_1": "251 LOWER MAIN ST W JOHNSON", "PRIMARYA_2": "251 LOWER MAIN ST W JOHNSON VT 05656", "SITETYPE_M": null, "SITETYPE_1": null, "SITETYPE_2": null, "SITETYPE_3": null, "SITETYPE_4": null, "COUNTY": "LAMOILLE", "COUNTRY": "US", "SOURCEOFDA": "Vermont Enhanced 911 Board", "DRIVEWAYID": 0, "ESZ": "00104", "HOUSE_NUMB": 251, "HOUSE_NU_1": null, "HOUSE_NU_2": null, "FIPS": "5015" }, "geometry": { "type": "Point", "coordinates": [ -72.684003389070782, 44.636084658146473 ] } },
{ "type": "Feature", "properties": { "SEGMENTID": 13525, "ESITEID": 203971, "GEONAMEID": 16833, "PD": null, "PT": null, "SN": "TRANSPORT", "ST": "PARK", "SD": null, "PRIMARYNAM": "TRANSPORT PARK", "ALIAS1": null, "ALIAS2": null, "ALIAS3": null, "ALIAS4": null, "ALIAS5": "5/13/2015 2:02:10 PM", "PRIMARYADD": "5 TRANSPORT PARK", "SITETYPE": "FIRE STATION", "TOWNNAME": "ROCKINGHAM", "MCODE": 665, "ESN": 439, "ZIP": "05101", "PARCELNUM": "069930005-", "GPSX": -72.5068992, "GPSY": 43.20150287, "MAPYEAR": "1998-01-01", "UPDATEDATE": "2023-04-21", "STATE": "VT", "FIPS8": 5025, "SPAN": "528-166-12404", "SUBTYPE": 0, "GlobalID_1": "143dfdd6-6b91-4f55-a8e9-3d5c39e11be4", "UNITCOUNT": 1, "PRIMARYA_1": "5 TRANSPORT PARK ROCKINGHAM", "PRIMARYA_2": "5 TRANSPORT PARK ROCKINGHAM VT 05101", "SITETYPE_M": null, "SITETYPE_1": null, "SITETYPE_2": null, "SITETYPE_3": null, "SITETYPE_4": null, "COUNTY": "WINDHAM", "COUNTRY": "US", "SOURCEOFDA": "Vermont Enhanced 911 Board", "DRIVEWAYID": 0, "ESZ": "00439", "HOUSE_NUMB": 5, "HOUSE_NU_1": null, "HOUSE_NU_2": null, "FIPS": "5025" }, "geometry": { "type": "Point", "coordinates": [ -72.506899566982455, 43.201501464668354 ] } },
{ "type": "Feature", "properties": { "SEGMENTID": 311071, "ESITEID": 73511, "GEONAMEID": 5281, "PD": null, "PT": null, "SN": "CHURCH", "ST": "RD", "SD": null, "PRIMARYNAM": "CHURCH RD", "ALIAS1": null, "ALIAS2": null, "ALIAS3": null, "ALIAS4": null, "ALIAS5": "7/2/2020 12:18:39 PM", "PRIMARYADD": "844 CHURCH RD", "SITETYPE": "FIRE STATION", "TOWNNAME": "COLCHESTER", "MCODE": 548, "ESN": 320, "ZIP": "05446", "PARCELNUM": "41-034002-0000000", "GPSX": -73.25073509000001, "GPSY": 44.53870619, "MAPYEAR": "1998-01-01", "UPDATEDATE": "2023-01-27", "STATE": "VT", "FIPS8": 5007, "SPAN": "153-048-17829", "SUBTYPE": 0, "GlobalID_1": "e9a4d22e-248f-49ec-83f8-3d80861949a2", "UNITCOUNT": 1, "PRIMARYA_1": "844 CHURCH RD COLCHESTER", "PRIMARYA_2": "844 CHURCH RD COLCHESTER VT 05446", "SITETYPE_M": "COMMUNICATION TOWER", "SITETYPE_1": null, "SITETYPE_2": null, "SITETYPE_3": null, "SITETYPE_4": null, "COUNTY": "CHITTENDEN", "COUNTRY": "US", "SOURCEOFDA": "Vermont Enhanced 911 Board", "DRIVEWAYID": 0, "ESZ": "00320", "HOUSE_NUMB": 844, "HOUSE_NU_1": null, "HOUSE_NU_2": null, "FIPS": "5007" }, "geometry": { "type": "Point", "coordinates": [ -73.25073572921626, 44.538703268861155 ] } },
{ "type": "Feature", "properties": { "SEGMENTID": 57334, "ESITEID": 194455, "GEONAMEID": 15806, "PD": null, "PT": null, "SN": "MAIN", "ST": "ST", "SD": null, "PRIMARYNAM": "MAIN ST", "ALIAS1": null, "ALIAS2": null, "ALIAS3": null, "ALIAS4": null, "ALIAS5": "7/19/2019 4:04:44 PM", "PRIMARYADD": "37 MAIN ST", "SITETYPE": "FIRE STATION", "TOWNNAME": "PROCTOR", "MCODE": 656, "ESN": 381, "ZIP": "05765", "PARCELNUM": "290033.", "GPSX": -73.0359529, "GPSY": 43.66134932, "MAPYEAR": "1998-01-01", "UPDATEDATE": "2023-01-27", "STATE": "VT", "FIPS8": 5021, "SPAN": "498-157-10590", "SUBTYPE": 0, "GlobalID_1": "506e9293-4b70-44f8-b447-177439663a98", "UNITCOUNT": 1, "PRIMARYA_1": "37 MAIN ST PROCTOR", "PRIMARYA_2": "37 MAIN ST PROCTOR VT 05765", "SITETYPE_M": null, "SITETYPE_1": null, "SITETYPE_2": null, "SITETYPE_3": null, "SITETYPE_4": null, "COUNTY": "RUTLAND", "COUNTRY": "US", "SOURCEOFDA": "Vermont Enhanced 911 Board", "DRIVEWAYID": 0, "ESZ": "00381", "HOUSE_NUMB": 37, "HOUSE_NU_1": null, "HOUSE_NU_2": null, "FIPS": "5021" }, "geometry": { "type": "Point", "coordinates": [ -73.035952137711064, 43.661347745339796 ] } },
{ "type": "Feature", "properties": { "SEGMENTID": 18231, "ESITEID": 136634, "GEONAMEID": 10728, "PD": null, "PT": null, "SN": "BROWNS", "ST": "TRCE", "SD": null, "PRIMARYNAM": "BROWNS TRCE", "ALIAS1": null, "ALIAS2": null, "ALIAS3": null, "ALIAS4": null, "ALIAS5": "5/12/2015 10:50:03 PM", "PRIMARYADD": "288 BROWNS TRCE", "SITETYPE": "FIRE STATION", "TOWNNAME": "JERICHO", "MCODE": 604, "ESN": 450, "ZIP": "05465", "PARCELNUM": "BT288-X", "GPSX": -72.96886945, "GPSY": 44.47586659, "MAPYEAR": "1998-01-01", "UPDATEDATE": "2023-01-27", "STATE": "VT", "FIPS8": 5007, "SPAN": "333-103-11788", "SUBTYPE": 0, "GlobalID_1": "833b8643-3eef-4b80-b90e-773972675aff", "UNITCOUNT": 1, "PRIMARYA_1": "288 BROWNS TRCE JERICHO", "PRIMARYA_2": "288 BROWNS TRCE JERICHO VT 05465", "SITETYPE_M": null, "SITETYPE_1": null, "SITETYPE_2": null, "SITETYPE_3": null, "SITETYPE_4": null, "COUNTY": "CHITTENDEN", "COUNTRY": "US", "SOURCEOFDA": "Vermont Enhanced 911 Board", "DRIVEWAYID": 0, "ESZ": "00450", "HOUSE_NUMB": 288, "HOUSE_NU_1": null, "HOUSE_NU_2": null, "FIPS": "5007" }, "geometry": { "type": "Point", "coordinates": [ -72.968868689430764, 44.475864975097501 ] } },
{ "type": "Feature", "properties": { "SEGMENTID": 15227, "ESITEID": 184296, "GEONAMEID": 14681, "PD": null, "PT": null, "SN": "MAIN", "ST": "ST", "SD": null, "PRIMARYNAM": "MAIN ST", "ALIAS1": null, "ALIAS2": null, "ALIAS3": null, "ALIAS4": null, "ALIAS5": "1/18/2017 9:38:42 AM", "PRIMARYADD": "604 MAIN ST", "SITETYPE": "FIRE STATION", "TOWNNAME": "ORWELL", "MCODE": 644, "ESN": 248, "ZIP": "05760", "PARCELNUM": "003027.000", "GPSX": -73.29175319, "GPSY": 43.80383968, "MAPYEAR": "1998-01-01", "UPDATEDATE": "2023-01-27", "STATE": "VT", "FIPS8": 5001, "SPAN": "459-145-10533", "SUBTYPE": 0, "GlobalID_1": "24296ba4-b880-4e18-b985-c1fda920e318", "UNITCOUNT": 1, "PRIMARYA_1": "604 MAIN ST ORWELL", "PRIMARYA_2": "604 MAIN ST ORWELL VT 05760", "SITETYPE_M": null, "SITETYPE_1": null, "SITETYPE_2": null, "SITETYPE_3": null, "SITETYPE_4": null, "COUNTY": "ADDISON", "COUNTRY": "US", "SOURCEOFDA": "Vermont Enhanced 911 Board", "DRIVEWAYID": 0, "ESZ": "00248", "HOUSE_NUMB": 604, "HOUSE_NU_1": null, "HOUSE_NU_2": null, "FIPS": "5001" }, "geometry": { "type": "Point", "coordinates": [ -73.291751929474998, 43.803837727142202 ] } },
{ "type": "Feature", "properties": { "SEGMENTID": 36685, "ESITEID": 196533, "GEONAMEID": 15981, "PD": null, "PT": null, "SN": "VT ROUTE 14", "ST": null, "SD": "S", "PRIMARYNAM": "VT ROUTE 14 S", "ALIAS1": null, "ALIAS2": "ROUTE 14 S", "ALIAS3": null, "ALIAS4": null, "ALIAS5": "1/8/2020 9:29:31 AM", "PRIMARYADD": "152 VT ROUTE 14 S", "SITETYPE": "FIRE STATION", "TOWNNAME": "RANDOLPH", "MCODE": 658, "ESN": 408, "ZIP": "05041", "PARCELNUM": "113018.000", "GPSX": -72.55352838, "GPSY": 43.93813433, "MAPYEAR": "1998-01-01", "UPDATEDATE": "2023-01-28", "STATE": "VT", "FIPS8": 5017, "SPAN": "507-159-12684", "SUBTYPE": 0, "GlobalID_1": "55b7c832-c7b7-4468-9505-0845deff3ff1", "UNITCOUNT": 1, "PRIMARYA_1": "152 VT ROUTE 14 S RANDOLPH", "PRIMARYA_2": "152 VT ROUTE 14 S RANDOLPH VT 05041", "SITETYPE_M": null, "SITETYPE_1": null, "SITETYPE_2": null, "SITETYPE_3": null, "SITETYPE_4": null, "COUNTY": "ORANGE", "COUNTRY": "US", "SOURCEOFDA": "Vermont Enhanced 911 Board", "DRIVEWAYID": 0, "ESZ": "00408", "HOUSE_NUMB": 152, "HOUSE_NU_1": null, "HOUSE_NU_2": null, "FIPS": "5017" }, "geometry": { "type": "Point", "coordinates": [ -72.553527416229841, 43.938132603766796 ] } },
{ "type": "Feature", "properties": { "SEGMENTID": 14776, "ESITEID": 31208, "GEONAMEID": 30303, "PD": null, "PT": null, "SN": "SOUTH", "ST": "ST", "SD": null, "PRIMARYNAM": "SOUTH ST", "ALIAS1": "SOUTH STREET", "ALIAS2": null, "ALIAS3": null, "ALIAS4": null, "ALIAS5": "5/5/2022 1:27:50 PM", "PRIMARYADD": "16 SOUTH ST", "SITETYPE": "FIRE STATION", "TOWNNAME": "BRATTLEBORO", "MCODE": 524, "ESN": 354, "ZIP": "05301", "PARCELNUM": "00245117.000", "GPSX": -72.59973256000001, "GPSY": 42.85271193, "MAPYEAR": "1998-01-01", "UPDATEDATE": "2023-01-27", "STATE": "VT", "FIPS8": 5025, "SPAN": "081-025-10777", "SUBTYPE": 0, "GlobalID_1": "edd9d7c9-721c-44ba-99ac-487b4743472d", "UNITCOUNT": 1, "PRIMARYA_1": "16 SOUTH ST BRATTLEBORO", "PRIMARYA_2": "16 SOUTH ST BRATTLEBORO VT 05301", "SITETYPE_M": null, "SITETYPE_1": null, "SITETYPE_2": null, "SITETYPE_3": null, "SITETYPE_4": null, "COUNTY": "WINDHAM", "COUNTRY": "US", "SOURCEOFDA": "Vermont Enhanced 911 Board", "DRIVEWAYID": 0, "ESZ": "00354", "HOUSE_NUMB": 16, "HOUSE_NU_1": null, "HOUSE_NU_2": null, "FIPS": "5025" }, "geometry": { "type": "Point", "coordinates": [ -72.599732648553413, 42.852711560836454 ] } },
{ "type": "Feature", "properties": { "SEGMENTID": 18558, "ESITEID": 161741, "GEONAMEID": 30542, "PD": null, "PT": null, "SN": "BOMBARDIER", "ST": "RD", "SD": null, "PRIMARYNAM": "BOMBARDIER RD", "ALIAS1": null, "ALIAS2": null, "ALIAS3": null, "ALIAS4": null, "ALIAS5": "3/28/2019 2:45:53 PM", "PRIMARYADD": "47 BOMBARDIER RD", "SITETYPE": "FIRE STATION", "TOWNNAME": "MILTON", "MCODE": 624, "ESN": 358, "ZIP": "05468", "PARCELNUM": "207058.001000", "GPSX": -73.12313871000001, "GPSY": 44.6186389, "MAPYEAR": "1998-01-01", "UPDATEDATE": "2023-02-21", "STATE": "VT", "FIPS8": 5007, "SPAN": "396-123-12420", "SUBTYPE": 0, "GlobalID_1": "7d92d8ff-c449-48f4-95fc-2661aa8896c2", "UNITCOUNT": 1, "PRIMARYA_1": "47 BOMBARDIER RD MILTON", "PRIMARYA_2": "47 BOMBARDIER RD MILTON VT 05468", "SITETYPE_M": null, "SITETYPE_1": null, "SITETYPE_2": null, "SITETYPE_3": null, "SITETYPE_4": null, "COUNTY": "CHITTENDEN", "COUNTRY": "US", "SOURCEOFDA": "Vermont Enhanced 911 Board", "DRIVEWAYID": 0, "ESZ": "00358", "HOUSE_NUMB": 47, "HOUSE_NU_1": null, "HOUSE_NU_2": null, "FIPS": "5007" }, "geometry": { "type": "Point", "coordinates": [ -73.123138810961564, 44.618636069113869 ] } },
{ "type": "Feature", "properties": { "SEGMENTID": 310580, "ESITEID": 103885, "GEONAMEID": 29712, "PD": null, "PT": null, "SN": "GOODALL", "ST": "ST", "SD": null, "PRIMARYNAM": "GOODALL ST", "ALIAS1": null, "ALIAS2": null, "ALIAS3": null, "ALIAS4": null, "ALIAS5": "4/11/2018 12:48:20 PM", "PRIMARYADD": "15 GOODALL ST", "SITETYPE": "FIRE STATION", "TOWNNAME": "FAIRFAX", "MCODE": 568, "ESN": 398, "ZIP": "05454", "PARCELNUM": "GO0015X", "GPSX": -73.01653306, "GPSY": 44.66982135, "MAPYEAR": "2003-01-29", "UPDATEDATE": "2023-01-27", "STATE": "VT", "FIPS8": 5011, "SPAN": "210-068-10454", "SUBTYPE": 0, "GlobalID_1": "7d46478e-99ab-4a4c-be57-1a1180573325", "UNITCOUNT": 1, "PRIMARYA_1": "15 GOODALL ST FAIRFAX", "PRIMARYA_2": "15 GOODALL ST FAIRFAX VT 05454", "SITETYPE_M": null, "SITETYPE_1": null, "SITETYPE_2": null, "SITETYPE_3": null, "SITETYPE_4": null, "COUNTY": "FRANKLIN", "COUNTRY": "US", "SOURCEOFDA": "Vermont Enhanced 911 Board", "DRIVEWAYID": 0, "ESZ": "00398", "HOUSE_NUMB": 15, "HOUSE_NU_1": null, "HOUSE_NU_2": null, "FIPS": "5011" }, "geometry": { "type": "Point", "coordinates": [ -73.016532630119201, 44.669819220843593 ] } },
{ "type": "Feature", "properties": { "SEGMENTID": 15165, "ESITEID": 194052, "GEONAMEID": 15649, "PD": null, "PT": null, "SN": "VT ROUTE 346", "ST": null, "SD": null, "PRIMARYNAM": "VT ROUTE 346", "ALIAS1": null, "ALIAS2": "ROUTE 346", "ALIAS3": null, "ALIAS4": null, "ALIAS5": "2/26/2016 11:45:16 AM", "PRIMARYADD": "753 VT ROUTE 346", "SITETYPE": "FIRE STATION", "TOWNNAME": "POWNAL", "MCODE": 655, "ESN": 390, "ZIP": "05261", "PARCELNUM": "346-35.1", "GPSX": -73.2405305, "GPSY": 42.77116628, "MAPYEAR": "1998-01-01", "UPDATEDATE": "2023-01-27", "STATE": "VT", "FIPS8": 5003, "SPAN": "495-156-11377", "SUBTYPE": 0, "GlobalID_1": "b40e5bb7-ce75-4583-b203-2b269e62e048", "UNITCOUNT": 1, "PRIMARYA_1": "753 VT ROUTE 346 POWNAL", "PRIMARYA_2": "753 VT ROUTE 346 POWNAL VT 05261", "SITETYPE_M": null, "SITETYPE_1": null, "SITETYPE_2": null, "SITETYPE_3": null, "SITETYPE_4": null, "COUNTY": "BENNINGTON", "COUNTRY": "US", "SOURCEOFDA": "Vermont Enhanced 911 Board", "DRIVEWAYID": 0, "ESZ": "00390", "HOUSE_NUMB": 753, "HOUSE_NU_1": null, "HOUSE_NU_2": null, "FIPS": "5003" }, "geometry": { "type": "Point", "coordinates": [ -73.240530265248509, 42.771165998628575 ] } },
{ "type": "Feature", "properties": { "SEGMENTID": 9539, "ESITEID": 152325, "GEONAMEID": 11903, "PD": null, "PT": null, "SN": "SOUTH", "ST": "RD", "SD": null, "PRIMARYNAM": "SOUTH RD", "ALIAS1": null, "ALIAS2": null, "ALIAS3": null, "ALIAS4": null, "ALIAS5": "5/6/2020 10:25:59 AM", "PRIMARYADD": "779 SOUTH RD", "SITETYPE": "FIRE STATION", "TOWNNAME": "MARLBORO", "MCODE": 618, "ESN": 394, "ZIP": "05301", "PARCELNUM": "364-000", "GPSX": -72.72463372, "GPSY": 42.85611644, "MAPYEAR": "1998-01-01", "UPDATEDATE": "2023-01-27", "STATE": "VT", "FIPS8": 5025, "SPAN": "378-117-10354", "SUBTYPE": 0, "GlobalID_1": "1c5c7413-1281-454b-a41a-a8efe54e0c30", "UNITCOUNT": 1, "PRIMARYA_1": "779 SOUTH RD MARLBORO", "PRIMARYA_2": "779 SOUTH RD MARLBORO VT 05301", "SITETYPE_M": null, "SITETYPE_1": null, "SITETYPE_2": null, "SITETYPE_3": null, "SITETYPE_4": null, "COUNTY": "WINDHAM", "COUNTRY": "US", "SOURCEOFDA": "Vermont Enhanced 911 Board", "DRIVEWAYID": 0, "ESZ": "00394", "HOUSE_NUMB": 779, "HOUSE_NU_1": null, "HOUSE_NU_2": null, "FIPS": "5025" }, "geometry": { "type": "Point", "coordinates": [ -72.724634175435355, 42.856115957989644 ] } },
{ "type": "Feature", "properties": { "SEGMENTID": 62857, "ESITEID": 62852, "GEONAMEID": 4438, "PD": null, "PT": null, "SN": "VT ROUTE 105", "ST": null, "SD": null, "PRIMARYNAM": "VT ROUTE 105", "ALIAS1": "ROUTE 105", "ALIAS2": null, "ALIAS3": null, "ALIAS4": null, "ALIAS5": "5/12/2015 11:59:53 PM", "PRIMARYADD": "7113 VT ROUTE 105", "SITETYPE": "FIRE STATION", "TOWNNAME": "CHARLESTON", "MCODE": 542, "ESN": 462, "ZIP": "05833", "PARCELNUM": "8007113.", "GPSX": -71.98918577000001, "GPSY": 44.83829679, "MAPYEAR": "1998-01-01", "UPDATEDATE": "2023-01-27", "STATE": "VT", "FIPS8": 5019, "SPAN": "135-042-10128", "SUBTYPE": 0, "GlobalID_1": "b6a2d36b-006e-4415-b5f8-f263fce889da", "UNITCOUNT": 1, "PRIMARYA_1": "7113 VT ROUTE 105 CHARLESTON", "PRIMARYA_2": "7113 VT ROUTE 105 CHARLESTON VT 05833", "SITETYPE_M": null, "SITETYPE_1": null, "SITETYPE_2": null, "SITETYPE_3": null, "SITETYPE_4": null, "COUNTY": "ORLEANS", "COUNTRY": "US", "SOURCEOFDA": "Vermont Enhanced 911 Board", "DRIVEWAYID": 0, "ESZ": "00462", "HOUSE_NUMB": 7113, "HOUSE_NU_1": null, "HOUSE_NU_2": null, "FIPS": "5019" }, "geometry": { "type": "Point", "coordinates": [ -71.98918634022948, 44.838295007133858 ] } },
{ "type": "Feature", "properties": { "SEGMENTID": 61647, "ESITEID": 183228, "GEONAMEID": 14545, "PD": null, "PT": null, "SN": "FIREHOUSE", "ST": "LN", "SD": null, "PRIMARYNAM": "FIREHOUSE LN", "ALIAS1": null, "ALIAS2": null, "ALIAS3": null, "ALIAS4": null, "ALIAS5": "2/23/2019 12:01:02 PM", "PRIMARYADD": "11 FIREHOUSE LN", "SITETYPE": "FIRE STATION", "TOWNNAME": "NORWICH", "MCODE": 642, "ESN": 331, "ZIP": "05055", "PARCELNUM": "20-209.000", "GPSX": -72.30787678, "GPSY": 43.71595334, "MAPYEAR": "1998-01-01", "UPDATEDATE": "2023-01-27", "STATE": "VT", "FIPS8": 5027, "SPAN": "450-142-12415", "SUBTYPE": 0, "GlobalID_1": "b1bcedeb-9b00-4825-8137-6516c040443a", "UNITCOUNT": 1, "PRIMARYA_1": "11 FIREHOUSE LN NORWICH", "PRIMARYA_2": "11 FIREHOUSE LN NORWICH VT 05055", "SITETYPE_M": null, "SITETYPE_1": null, "SITETYPE_2": null, "SITETYPE_3": null, "SITETYPE_4": null, "COUNTY": "WINDSOR", "COUNTRY": "US", "SOURCEOFDA": "Vermont Enhanced 911 Board", "DRIVEWAYID": 0, "ESZ": "00331", "HOUSE_NUMB": 11, "HOUSE_NU_1": null, "HOUSE_NU_2": null, "FIPS": "5027" }, "geometry": { "type": "Point", "coordinates": [ -72.307875669578834, 43.715951391387932 ] } },
{ "type": "Feature", "properties": { "SEGMENTID": 411226, "ESITEID": 755731, "GEONAMEID": 750299, "PD": null, "PT": null, "SN": "COMMUNITY", "ST": "LN", "SD": null, "PRIMARYNAM": "COMMUNITY LN", "ALIAS1": null, "ALIAS2": null, "ALIAS3": null, "ALIAS4": null, "ALIAS5": "7/11/2019 11:44:07 AM", "PRIMARYADD": "131 COMMUNITY LN", "SITETYPE": "FIRE STATION", "TOWNNAME": "SOUTH HERO", "MCODE": 685, "ESN": 422, "ZIP": "05486", "PARCELNUM": "RT260-", "GPSX": -73.29645003, "GPSY": 44.64730844, "MAPYEAR": "2018-12-14", "UPDATEDATE": "2023-01-28", "STATE": "VT", "FIPS8": 5013, "SPAN": "603-189-11364", "SUBTYPE": 0, "GlobalID_1": "9d8ed804-a07e-48e0-84b5-dd23ff8449cc", "UNITCOUNT": 1, "PRIMARYA_1": "131 COMMUNITY LN SOUTH HERO", "PRIMARYA_2": "131 COMMUNITY LN SOUTH HERO VT 05486", "SITETYPE_M": null, "SITETYPE_1": null, "SITETYPE_2": null, "SITETYPE_3": null, "SITETYPE_4": null, "COUNTY": "GRAND ISLE", "COUNTRY": "US", "SOURCEOFDA": "Vermont Enhanced 911 Board", "DRIVEWAYID": 0, "ESZ": "00422", "HOUSE_NUMB": 131, "HOUSE_NU_1": null, "HOUSE_NU_2": null, "FIPS": "5013" }, "geometry": { "type": "Point", "coordinates": [ -73.296450645986411, 44.647304760420482 ] } },
{ "type": "Feature", "properties": { "SEGMENTID": 42566, "ESITEID": 261780, "GEONAMEID": 21039, "PD": null, "PT": null, "SN": "RAILROAD", "ST": "ST", "SD": null, "PRIMARYNAM": "RAILROAD ST", "ALIAS1": null, "ALIAS2": null, "ALIAS3": null, "ALIAS4": null, "ALIAS5": "7/2/2020 2:35:15 PM", "PRIMARYADD": "160 RAILROAD ST", "SITETYPE": "FIRE STATION", "TOWNNAME": "TROY", "MCODE": 706, "ESN": 433, "ZIP": "05859", "PARCELNUM": "202020.", "GPSX": -72.40532181, "GPSY": 44.99764237, "MAPYEAR": "1998-01-01", "UPDATEDATE": "2023-01-27", "STATE": "VT", "FIPS8": 5019, "SPAN": "654-206-11017", "SUBTYPE": 0, "GlobalID_1": "33ea3406-caf7-4868-944d-712fdb124102", "UNITCOUNT": 1, "PRIMARYA_1": "160 RAILROAD ST TROY", "PRIMARYA_2": "160 RAILROAD ST TROY VT 05859", "SITETYPE_M": null, "SITETYPE_1": null, "SITETYPE_2": null, "SITETYPE_3": null, "SITETYPE_4": null, "COUNTY": "ORLEANS", "COUNTRY": "US", "SOURCEOFDA": "Vermont Enhanced 911 Board", "DRIVEWAYID": 0, "ESZ": "00433", "HOUSE_NUMB": 160, "HOUSE_NU_1": null, "HOUSE_NU_2": null, "FIPS": "5019" }, "geometry": { "type": "Point", "coordinates": [ -72.405322426600279, 44.997640428050055 ] } },
{ "type": "Feature", "properties": { "SEGMENTID": 63128, "ESITEID": 281742, "GEONAMEID": 29388, "PD": null, "PT": null, "SN": "CAMBRIDGE", "ST": "RD", "SD": null, "PRIMARYNAM": "CAMBRIDGE RD", "ALIAS1": null, "ALIAS2": null, "ALIAS3": null, "ALIAS4": null, "ALIAS5": "1/17/2018 8:32:14 AM", "PRIMARYADD": "35 CAMBRIDGE RD", "SITETYPE": "FIRE STATION", "TOWNNAME": "WESTFORD", "MCODE": 730, "ESN": 556, "ZIP": "05494", "PARCELNUM": "06CM004.", "GPSX": -73.00577606, "GPSY": 44.61207192, "MAPYEAR": "2003-01-29", "UPDATEDATE": "2023-01-27", "STATE": "VT", "FIPS8": 5007, "SPAN": "720-229-10854", "SUBTYPE": 0, "GlobalID_1": "d13b9835-5a8e-49bc-b9a3-41c86d0aa13b", "UNITCOUNT": 1, "PRIMARYA_1": "35 CAMBRIDGE RD WESTFORD", "PRIMARYA_2": "35 CAMBRIDGE RD WESTFORD VT 05494", "SITETYPE_M": "TOWN GARAGE", "SITETYPE_1": null, "SITETYPE_2": null, "SITETYPE_3": null, "SITETYPE_4": null, "COUNTY": "CHITTENDEN", "COUNTRY": "US", "SOURCEOFDA": "Vermont Enhanced 911 Board", "DRIVEWAYID": 0, "ESZ": "00556", "HOUSE_NUMB": 35, "HOUSE_NU_1": null, "HOUSE_NU_2": null, "FIPS": "5007" }, "geometry": { "type": "Point", "coordinates": [ -73.005775485891576, 44.612070018742898 ] } },
{ "type": "Feature", "properties": { "SEGMENTID": 30226, "ESITEID": 107428, "GEONAMEID": 7737, "PD": null, "PT": null, "SN": "US ROUTE 7", "ST": null, "SD": null, "PRIMARYNAM": "US ROUTE 7", "ALIAS1": null, "ALIAS2": null, "ALIAS3": null, "ALIAS4": null, "ALIAS5": "5/12/2015 7:33:05 PM", "PRIMARYADD": "3909 US ROUTE 7", "SITETYPE": "FIRE STATION", "TOWNNAME": "FERRISBURGH", "MCODE": 572, "ESN": 285, "ZIP": "05456", "PARCELNUM": "20/20/20.", "GPSX": -73.24270247, "GPSY": 44.2166758, "MAPYEAR": "1998-01-01", "UPDATEDATE": "2023-01-27", "STATE": "VT", "FIPS8": 5001, "SPAN": "228-073-11555", "SUBTYPE": 0, "GlobalID_1": "f9ca00b0-09b3-447e-aaaf-a959ea7622ff", "UNITCOUNT": 1, "PRIMARYA_1": "3909 US ROUTE 7 FERRISBURGH", "PRIMARYA_2": "3909 US ROUTE 7 FERRISBURGH VT 05456", "SITETYPE_M": null, "SITETYPE_1": null, "SITETYPE_2": null, "SITETYPE_3": null, "SITETYPE_4": null, "COUNTY": "ADDISON", "COUNTRY": "US", "SOURCEOFDA": "Vermont Enhanced 911 Board", "DRIVEWAYID": 0, "ESZ": "00285", "HOUSE_NUMB": 3909, "HOUSE_NU_1": null, "HOUSE_NU_2": null, "FIPS": "5001" }, "geometry": { "type": "Point", "coordinates": [ -73.242701957495527, 44.216673399087348 ] } },
{ "type": "Feature", "properties": { "SEGMENTID": 90238, "ESITEID": 342859, "GEONAMEID": 18346, "PD": null, "PT": null, "SN": "MILL", "ST": "ST", "SD": null, "PRIMARYNAM": "MILL ST", "ALIAS1": null, "ALIAS2": null, "ALIAS3": null, "ALIAS4": null, "ALIAS5": "9/11/2018 3:44:34 PM", "PRIMARYADD": "479 MILL ST", "SITETYPE": "FIRE STATION", "TOWNNAME": "SHELDON", "MCODE": 679, "ESN": 128, "ZIP": "05483", "PARCELNUM": "XMT-0479A.", "GPSX": -72.97583431, "GPSY": 44.90569195, "MAPYEAR": "2011-10-13", "UPDATEDATE": "2023-01-27", "STATE": "VT", "FIPS8": 5011, "SPAN": "585-184-11063", "SUBTYPE": 0, "GlobalID_1": "c21f738f-b9ab-4b7e-aa99-9cfd23244aa3", "UNITCOUNT": 1, "PRIMARYA_1": "479 MILL ST SHELDON", "PRIMARYA_2": "479 MILL ST SHELDON VT 05483", "SITETYPE_M": null, "SITETYPE_1": null, "SITETYPE_2": null, "SITETYPE_3": null, "SITETYPE_4": null, "COUNTY": "FRANKLIN", "COUNTRY": "US", "SOURCEOFDA": "Vermont Enhanced 911 Board", "DRIVEWAYID": 0, "ESZ": "00128", "HOUSE_NUMB": 479, "HOUSE_NU_1": null, "HOUSE_NU_2": null, "FIPS": "5011" }, "geometry": { "type": "Point", "coordinates": [ -72.97583461973025, 44.905689773292444 ] } },
{ "type": "Feature", "properties": { "SEGMENTID": 58277, "ESITEID": 148659, "GEONAMEID": 11290, "PD": null, "PT": null, "SN": "MAIN", "ST": "ST", "SD": null, "PRIMARYNAM": "MAIN ST", "ALIAS1": null, "ALIAS2": null, "ALIAS3": null, "ALIAS4": null, "ALIAS5": "5/12/2015 7:31:46 PM", "PRIMARYADD": "316 MAIN ST", "SITETYPE": "FIRE STATION", "TOWNNAME": "LYNDON", "MCODE": 615, "ESN": 302, "ZIP": "05851", "PARCELNUM": "21-0220-", "GPSX": -72.00263002, "GPSY": 44.53809009, "MAPYEAR": "2004-02-09", "UPDATEDATE": "2023-01-27", "STATE": "VT", "FIPS8": 5005, "SPAN": "369-114-11479", "SUBTYPE": 0, "GlobalID_1": "f6783555-e90e-4720-bedc-0ad5683b312b", "UNITCOUNT": 1, "PRIMARYA_1": "316 MAIN ST LYNDON", "PRIMARYA_2": "316 MAIN ST LYNDON VT 05851", "SITETYPE_M": null, "SITETYPE_1": null, "SITETYPE_2": null, "SITETYPE_3": null, "SITETYPE_4": null, "COUNTY": "CALEDONIA", "COUNTRY": "US", "SOURCEOFDA": "Vermont Enhanced 911 Board", "DRIVEWAYID": 0, "ESZ": "00302", "HOUSE_NUMB": 316, "HOUSE_NU_1": null, "HOUSE_NU_2": null, "FIPS": "5005" }, "geometry": { "type": "Point", "coordinates": [ -72.00263141491105, 44.538087661171815 ] } },
{ "type": "Feature", "properties": { "SEGMENTID": 33115, "ESITEID": 242027, "GEONAMEID": 19576, "PD": null, "PT": null, "SN": "LAKE", "ST": "RD", "SD": null, "PRIMARYNAM": "LAKE RD", "ALIAS1": null, "ALIAS2": null, "ALIAS3": null, "ALIAS4": null, "ALIAS5": "10/9/2017 11:01:18 AM", "PRIMARYADD": "428 LAKE RD", "SITETYPE": "FIRE STATION", "TOWNNAME": "SAINT ALBANS TOWN", "MCODE": 688, "ESN": 218, "ZIP": "05478", "PARCELNUM": "000000TR00-93", "GPSX": -73.11323468000001, "GPSY": 44.81193964, "MAPYEAR": "1998-01-01", "UPDATEDATE": "2023-01-27", "STATE": "VT", "FIPS8": 5011, "SPAN": "552-174-13832", "SUBTYPE": 0, "GlobalID_1": "d21c325e-3753-41a7-bbbb-a010daccde4f", "UNITCOUNT": 1, "PRIMARYA_1": "428 LAKE RD SAINT ALBANS TOWN", "PRIMARYA_2": "428 LAKE RD SAINT ALBANS TOWN VT 05478", "SITETYPE_M": null, "SITETYPE_1": null, "SITETYPE_2": null, "SITETYPE_3": null, "SITETYPE_4": null, "COUNTY": "FRANKLIN", "COUNTRY": "US", "SOURCEOFDA": "Vermont Enhanced 911 Board", "DRIVEWAYID": 0, "ESZ": "00218", "HOUSE_NUMB": 428, "HOUSE_NU_1": null, "HOUSE_NU_2": null, "FIPS": "5011" }, "geometry": { "type": "Point", "coordinates": [ -73.113234976568478, 44.811936450171252 ] } },
{ "type": "Feature", "properties": { "SEGMENTID": 30625, "ESITEID": 304582, "GEONAMEID": 24848, "PD": null, "PT": null, "SN": "WORCESTER VILLAGE", "ST": "RD", "SD": null, "PRIMARYNAM": "WORCESTER VILLAGE RD", "ALIAS1": null, "ALIAS2": null, "ALIAS3": null, "ALIAS4": null, "ALIAS5": "5/12/2015 11:03:31 PM", "PRIMARYADD": "20 WORCESTER VILLAGE RD", "SITETYPE": "FIRE STATION", "TOWNNAME": "WORCESTER", "MCODE": 749, "ESN": 294, "ZIP": "05682", "PARCELNUM": "00RT012.04", "GPSX": -72.55009284, "GPSY": 44.37231539, "MAPYEAR": "1998-01-01", "UPDATEDATE": "2023-01-27", "STATE": "VT", "FIPS8": 5023, "SPAN": "788-251-10504", "SUBTYPE": 0, "GlobalID_1": "cf5d0645-91ae-4f3b-a17c-b6b8ebfaa93f", "UNITCOUNT": 1, "PRIMARYA_1": "20 WORCESTER VILLAGE RD WORCESTER", "PRIMARYA_2": "20 WORCESTER VILLAGE RD WORCESTER VT 05682", "SITETYPE_M": null, "SITETYPE_1": null, "SITETYPE_2": null, "SITETYPE_3": null, "SITETYPE_4": null, "COUNTY": "WASHINGTON", "COUNTRY": "US", "SOURCEOFDA": "Vermont Enhanced 911 Board", "DRIVEWAYID": 0, "ESZ": "00294", "HOUSE_NUMB": 20, "HOUSE_NU_1": null, "HOUSE_NU_2": null, "FIPS": "5023" }, "geometry": { "type": "Point", "coordinates": [ -72.550092517524789, 44.372313958137205 ] } },
{ "type": "Feature", "properties": { "SEGMENTID": 29879, "ESITEID": 336542, "GEONAMEID": 31747, "PD": null, "PT": null, "SN": "TAYLOR", "ST": "MDW", "SD": null, "PRIMARYNAM": "TAYLOR MDW", "ALIAS1": null, "ALIAS2": null, "ALIAS3": null, "ALIAS4": null, "ALIAS5": "12/21/2015 8:16:39 AM", "PRIMARYADD": "50 TAYLOR MDW", "SITETYPE": "FIRE STATION", "TOWNNAME": "HANCOCK", "MCODE": 589, "ESN": 129, "ZIP": "05748", "PARCELNUM": "01-2155.100", "GPSX": -72.83932729, "GPSY": 43.92270912, "MAPYEAR": "2009-06-16", "UPDATEDATE": "2023-01-27", "STATE": "VT", "FIPS8": 5001, "SPAN": "279-088-10260", "SUBTYPE": 0, "GlobalID_1": "e68d40d6-9da0-492c-91af-5fd74b3333ef", "UNITCOUNT": 1, "PRIMARYA_1": "50 TAYLOR MDW HANCOCK", "PRIMARYA_2": "50 TAYLOR MDW HANCOCK VT 05748", "SITETYPE_M": null, "SITETYPE_1": null, "SITETYPE_2": null, "SITETYPE_3": null, "SITETYPE_4": null, "COUNTY": "ADDISON", "COUNTRY": "US", "SOURCEOFDA": "Vermont Enhanced 911 Board", "DRIVEWAYID": 0, "ESZ": "00129", "HOUSE_NUMB": 50, "HOUSE_NU_1": null, "HOUSE_NU_2": null, "FIPS": "5001" }, "geometry": { "type": "Point", "coordinates": [ -72.839326077164955, 43.922707513136373 ] } },
{ "type": "Feature", "properties": { "SEGMENTID": 20114, "ESITEID": 178795, "GEONAMEID": 14056, "PD": null, "PT": null, "SN": "CROSS", "ST": "RD", "SD": null, "PRIMARYNAM": "CROSS RD", "ALIAS1": null, "ALIAS2": null, "ALIAS3": null, "ALIAS4": null, "ALIAS5": "5/12/2015 10:28:27 PM", "PRIMARYADD": "144 CROSS RD", "SITETYPE": "FIRE STATION", "TOWNNAME": "NEWPORT TOWN", "MCODE": 638, "ESN": 414, "ZIP": "05857", "PARCELNUM": "00SA01010-", "GPSX": -72.30892026, "GPSY": 44.94954206, "MAPYEAR": "2003-07-14", "UPDATEDATE": "2023-01-27", "STATE": "VT", "FIPS8": 5019, "SPAN": "438-137-10687", "SUBTYPE": 0, "GlobalID_1": "1a522cbb-9260-4a59-a3d1-ca24d057198c", "UNITCOUNT": 1, "PRIMARYA_1": "144 CROSS RD NEWPORT TOWN", "PRIMARYA_2": "144 CROSS RD NEWPORT TOWN VT 05857", "SITETYPE_M": null, "SITETYPE_1": null, "SITETYPE_2": null, "SITETYPE_3": null, "SITETYPE_4": null, "COUNTY": "ORLEANS", "COUNTRY": "US", "SOURCEOFDA": "Vermont Enhanced 911 Board", "DRIVEWAYID": 0, "ESZ": "00414", "HOUSE_NUMB": 144, "HOUSE_NU_1": null, "HOUSE_NU_2": null, "FIPS": "5019" }, "geometry": { "type": "Point", "coordinates": [ -72.308920563791219, 44.949540214051233 ] } },
{ "type": "Feature", "properties": { "SEGMENTID": 35711, "ESITEID": 175492, "GEONAMEID": 13723, "PD": null, "PT": null, "SN": "DOVER", "ST": "RD", "SD": null, "PRIMARYNAM": "DOVER RD", "ALIAS1": null, "ALIAS2": null, "ALIAS3": null, "ALIAS4": null, "ALIAS5": "5/27/2021 4:42:40 PM", "PRIMARYADD": "24 DOVER RD", "SITETYPE": "FIRE STATION", "TOWNNAME": "NEWFANE", "MCODE": 636, "ESN": 275, "ZIP": "05362", "PARCELNUM": "00D098.", "GPSX": -72.67778015, "GPSY": 42.94715881, "MAPYEAR": "1998-01-01", "UPDATEDATE": "2023-01-27", "STATE": "VT", "FIPS8": 5025, "SPAN": "429-134-11664", "SUBTYPE": 0, "GlobalID_1": "7dd5d972-b44d-4060-b0d1-602bd6d1cf5e", "UNITCOUNT": 1, "PRIMARYA_1": "24 DOVER RD NEWFANE", "PRIMARYA_2": "24 DOVER RD NEWFANE VT 05362", "SITETYPE_M": null, "SITETYPE_1": null, "SITETYPE_2": null, "SITETYPE_3": null, "SITETYPE_4": null, "COUNTY": "WINDHAM", "COUNTRY": "US", "SOURCEOFDA": "Vermont Enhanced 911 Board", "DRIVEWAYID": 0, "ESZ": "00275", "HOUSE_NUMB": 24, "HOUSE_NU_1": null, "HOUSE_NU_2": null, "FIPS": "5025" }, "geometry": { "type": "Point", "coordinates": [ -72.677780633115304, 42.94715806110667 ] } },
{ "type": "Feature", "properties": { "SEGMENTID": 27854, "ESITEID": 198580, "GEONAMEID": 16240, "PD": null, "PT": null, "SN": "VT ROUTE 106", "ST": null, "SD": null, "PRIMARYNAM": "VT ROUTE 106", "ALIAS1": null, "ALIAS2": "VT ROUTE 106", "ALIAS3": null, "ALIAS4": null, "ALIAS5": "5/11/2016 3:05:48 PM", "PRIMARYADD": "1688 VT ROUTE 106", "SITETYPE": "FIRE STATION", "TOWNNAME": "READING", "MCODE": 659, "ESN": 197, "ZIP": "05062", "PARCELNUM": "1236.", "GPSX": -72.5322156, "GPSY": 43.46793133, "MAPYEAR": "2004-06-08", "UPDATEDATE": "2023-01-27", "STATE": "VT", "FIPS8": 5027, "SPAN": "510-160-10659", "SUBTYPE": 0, "GlobalID_1": "74fb85d0-64e7-49a1-ba27-b85c46084e82", "UNITCOUNT": 1, "PRIMARYA_1": "1688 VT ROUTE 106 READING", "PRIMARYA_2": "1688 VT ROUTE 106 READING VT 05062", "SITETYPE_M": "AMBULANCE SERVICE", "SITETYPE_1": null, "SITETYPE_2": null, "SITETYPE_3": null, "SITETYPE_4": null, "COUNTY": "WINDSOR", "COUNTRY": "US", "SOURCEOFDA": "Vermont Enhanced 911 Board", "DRIVEWAYID": 0, "ESZ": "00197", "HOUSE_NUMB": 1688, "HOUSE_NU_1": null, "HOUSE_NU_2": null, "FIPS": "5027" }, "geometry": { "type": "Point", "coordinates": [ -72.532215051236165, 43.467929756882107 ] } },
{ "type": "Feature", "properties": { "SEGMENTID": 26842, "ESITEID": 90862, "GEONAMEID": 6667, "PD": null, "PT": null, "SN": "TEMPLETON", "ST": "RD", "SD": null, "PRIMARYNAM": "TEMPLETON RD", "ALIAS1": null, "ALIAS2": null, "ALIAS3": null, "ALIAS4": null, "ALIAS5": null, "PRIMARYADD": "365 TEMPLETON RD", "SITETYPE": "FIRE STATION", "TOWNNAME": "EAST MONTPELIER", "MCODE": 562, "ESN": 373, "ZIP": "05602", "PARCELNUM": "06-089.000", "GPSX": -72.52114831, "GPSY": 44.31570764, "MAPYEAR": "1998-01-01", "UPDATEDATE": "2023-03-28", "STATE": "VT", "FIPS8": 5023, "SPAN": "195-062-10298", "SUBTYPE": 0, "GlobalID_1": "8f5ba6af-e4dd-4257-a3c6-24c47d221305", "UNITCOUNT": 1, "PRIMARYA_1": "365 TEMPLETON RD EAST MONTPELIER", "PRIMARYA_2": "365 TEMPLETON RD EAST MONTPELIER VT 05602", "SITETYPE_M": null, "SITETYPE_1": null, "SITETYPE_2": null, "SITETYPE_3": null, "SITETYPE_4": null, "COUNTY": "WASHINGTON", "COUNTRY": "US", "SOURCEOFDA": "Vermont Enhanced 911 Board", "DRIVEWAYID": 0, "ESZ": "00373", "HOUSE_NUMB": 365, "HOUSE_NU_1": null, "HOUSE_NU_2": null, "FIPS": "5023" }, "geometry": { "type": "Point", "coordinates": [ -72.521148044560292, 44.315706205672889 ] } },
{ "type": "Feature", "properties": { "SEGMENTID": 47034, "ESITEID": 286619, "GEONAMEID": 23377, "PD": null, "PT": null, "SN": "BROOK", "ST": "ST", "SD": null, "PRIMARYNAM": "BROOK ST", "ALIAS1": null, "ALIAS2": null, "ALIAS3": null, "ALIAS4": null, "ALIAS5": "8/3/2016 3:04:30 PM", "PRIMARYADD": "32 BROOK ST", "SITETYPE": "FIRE STATION", "TOWNNAME": "WHITINGHAM", "MCODE": 737, "ESN": 392, "ZIP": "05361", "PARCELNUM": "05-0291-", "GPSX": -72.88505861, "GPSY": 42.78977499, "MAPYEAR": "1998-01-01", "UPDATEDATE": "2023-01-27", "STATE": "VT", "FIPS8": 5025, "SPAN": "753-239-11183", "SUBTYPE": 0, "GlobalID_1": "0750396f-4dfa-4583-b81c-bf39e81d194a", "UNITCOUNT": 1, "PRIMARYA_1": "32 BROOK ST WHITINGHAM", "PRIMARYA_2": "32 BROOK ST WHITINGHAM VT 05361", "SITETYPE_M": null, "SITETYPE_1": null, "SITETYPE_2": null, "SITETYPE_3": null, "SITETYPE_4": null, "COUNTY": "WINDHAM", "COUNTRY": "US", "SOURCEOFDA": "Vermont Enhanced 911 Board", "DRIVEWAYID": 0, "ESZ": "00392", "HOUSE_NUMB": 32, "HOUSE_NU_1": null, "HOUSE_NU_2": null, "FIPS": "5025" }, "geometry": { "type": "Point", "coordinates": [ -72.885058833842777, 42.789774648262139 ] } },
{ "type": "Feature", "properties": { "SEGMENTID": 46420, "ESITEID": 188709, "GEONAMEID": 15059, "PD": null, "PT": null, "SN": "PLEASANT", "ST": "ST", "SD": null, "PRIMARYNAM": "PLEASANT ST", "ALIAS1": null, "ALIAS2": null, "ALIAS3": null, "ALIAS4": null, "ALIAS5": "9/2/2021 9:40:32 AM", "PRIMARYADD": "152 PLEASANT ST", "SITETYPE": "FIRE STATION", "TOWNNAME": "PITTSFORD", "MCODE": 650, "ESN": 163, "ZIP": "05763", "PARCELNUM": "1717.", "GPSX": -73.02040312, "GPSY": 43.7046044, "MAPYEAR": "1998-01-01", "UPDATEDATE": "2023-01-27", "STATE": "VT", "FIPS8": 5021, "SPAN": "480-151-11421", "SUBTYPE": 0, "GlobalID_1": "c5b9b012-e271-4251-9bc4-06801b965a03", "UNITCOUNT": 1, "PRIMARYA_1": "152 PLEASANT ST PITTSFORD", "PRIMARYA_2": "152 PLEASANT ST PITTSFORD VT 05763", "SITETYPE_M": null, "SITETYPE_1": null, "SITETYPE_2": null, "SITETYPE_3": null, "SITETYPE_4": null, "COUNTY": "RUTLAND", "COUNTRY": "US", "SOURCEOFDA": "Vermont Enhanced 911 Board", "DRIVEWAYID": 0, "ESZ": "00163", "HOUSE_NUMB": 152, "HOUSE_NU_1": null, "HOUSE_NU_2": null, "FIPS": "5021" }, "geometry": { "type": "Point", "coordinates": [ -73.020402257692069, 43.704602753051375 ] } },
{ "type": "Feature", "properties": { "SEGMENTID": 19763, "ESITEID": 92651, "GEONAMEID": 6814, "PD": null, "PT": null, "SN": "BEACH", "ST": "RD", "SD": null, "PRIMARYNAM": "BEACH RD", "ALIAS1": null, "ALIAS2": null, "ALIAS3": null, "ALIAS4": null, "ALIAS5": null, "PRIMARYADD": "343 BEACH RD", "SITETYPE": "FIRE STATION", "TOWNNAME": "ELMORE", "MCODE": 564, "ESN": 103, "ZIP": "05661", "PARCELNUM": "20/20/21.000", "GPSX": -72.5311712, "GPSY": 44.54024917, "MAPYEAR": "1998-01-01", "UPDATEDATE": "2023-08-02", "STATE": "VT", "FIPS8": 5015, "SPAN": "201-064-10160", "SUBTYPE": 0, "GlobalID_1": "6caa0a67-71eb-4eb2-869d-297fa58dd764", "UNITCOUNT": 1, "PRIMARYA_1": "343 BEACH RD ELMORE", "PRIMARYA_2": "343 BEACH RD ELMORE VT 05661", "SITETYPE_M": null, "SITETYPE_1": null, "SITETYPE_2": null, "SITETYPE_3": null, "SITETYPE_4": null, "COUNTY": "LAMOILLE", "COUNTRY": "US", "SOURCEOFDA": "Vermont Enhanced 911 Board", "DRIVEWAYID": 0, "ESZ": "00103", "HOUSE_NUMB": 343, "HOUSE_NU_1": null, "HOUSE_NU_2": null, "FIPS": "5015" }, "geometry": { "type": "Point", "coordinates": [ -72.531170978498608, 44.540247748588207 ] } },
{ "type": "Feature", "properties": { "SEGMENTID": 15742, "ESITEID": 152625, "GEONAMEID": 12020, "PD": null, "PT": null, "SN": "US ROUTE 2", "ST": null, "SD": null, "PRIMARYNAM": "US ROUTE 2", "ALIAS1": null, "ALIAS2": null, "ALIAS3": null, "ALIAS4": null, "ALIAS5": "5/13/2015 12:17:31 AM", "PRIMARYADD": "1333 US ROUTE 2", "SITETYPE": "FIRE STATION", "TOWNNAME": "MARSHFIELD", "MCODE": 619, "ESN": 249, "ZIP": "05658", "PARCELNUM": "RT178.", "GPSX": -72.346431, "GPSY": 44.35154045, "MAPYEAR": "1998-01-01", "UPDATEDATE": "2023-01-27", "STATE": "VT", "FIPS8": 5023, "SPAN": "381-118-10508", "SUBTYPE": 0, "GlobalID_1": "ea4d9480-f0db-4157-89ee-5fa214400dee", "UNITCOUNT": 1, "PRIMARYA_1": "1333 US ROUTE 2 MARSHFIELD", "PRIMARYA_2": "1333 US ROUTE 2 MARSHFIELD VT 05658", "SITETYPE_M": null, "SITETYPE_1": null, "SITETYPE_2": null, "SITETYPE_3": null, "SITETYPE_4": null, "COUNTY": "WASHINGTON", "COUNTRY": "US", "SOURCEOFDA": "Vermont Enhanced 911 Board", "DRIVEWAYID": 0, "ESZ": "00249", "HOUSE_NUMB": 1333, "HOUSE_NU_1": null, "HOUSE_NU_2": null, "FIPS": "5023" }, "geometry": { "type": "Point", "coordinates": [ -72.346430862786988, 44.351538753422879 ] } },
{ "type": "Feature", "properties": { "SEGMENTID": 1381, "ESITEID": 185648, "GEONAMEID": 14764, "PD": null, "PT": null, "SN": "VT ROUTE 133", "ST": null, "SD": null, "PRIMARYNAM": "VT ROUTE 133", "ALIAS1": "ROUTE 133", "ALIAS2": null, "ALIAS3": null, "ALIAS4": null, "ALIAS5": "5/13/2015 12:19:22 AM", "PRIMARYADD": "155 VT ROUTE 133", "SITETYPE": "FIRE STATION", "TOWNNAME": "PAWLET", "MCODE": 646, "ESN": 379, "ZIP": "05761", "PARCELNUM": "0133-0155.", "GPSX": -73.17453029000001, "GPSY": 43.34777733, "MAPYEAR": "1998-01-01", "UPDATEDATE": "2023-02-23", "STATE": "VT", "FIPS8": 5021, "SPAN": "465-147-10573", "SUBTYPE": 0, "GlobalID_1": "0fd3aa59-67ae-4fe1-9535-ec30af67f5dc", "UNITCOUNT": 1, "PRIMARYA_1": "155 VT ROUTE 133 PAWLET", "PRIMARYA_2": "155 VT ROUTE 133 PAWLET VT 05761", "SITETYPE_M": null, "SITETYPE_1": null, "SITETYPE_2": null, "SITETYPE_3": null, "SITETYPE_4": null, "COUNTY": "RUTLAND", "COUNTRY": "US", "SOURCEOFDA": "Vermont Enhanced 911 Board", "DRIVEWAYID": 0, "ESZ": "00379", "HOUSE_NUMB": 155, "HOUSE_NU_1": null, "HOUSE_NU_2": null, "FIPS": "5021" }, "geometry": { "type": "Point", "coordinates": [ -73.174530042138812, 43.347776367295928 ] } },
{ "type": "Feature", "properties": { "SEGMENTID": 13729, "ESITEID": 156181, "GEONAMEID": 12261, "PD": "E", "PT": null, "SN": "MAIN", "ST": "ST", "SD": null, "PRIMARYNAM": "E MAIN ST", "ALIAS1": "MAIN ST (RT 125)", "ALIAS2": null, "ALIAS3": null, "ALIAS4": null, "ALIAS5": "6/3/2021 10:44:24 AM", "PRIMARYADD": "373 E MAIN ST", "SITETYPE": "FIRE STATION", "TOWNNAME": "MIDDLEBURY", "MCODE": 621, "ESN": 283, "ZIP": "05740", "PARCELNUM": "030070.000", "GPSX": -73.10512432, "GPSY": 43.97356993, "MAPYEAR": "1998-01-01", "UPDATEDATE": "2023-01-27", "STATE": "VT", "FIPS8": 5001, "SPAN": "387-120-11964", "SUBTYPE": 0, "GlobalID_1": "61de6211-a382-4a25-a9cc-367934b76f08", "UNITCOUNT": 1, "PRIMARYA_1": "373 E MAIN ST MIDDLEBURY", "PRIMARYA_2": "373 E MAIN ST MIDDLEBURY VT 05740", "SITETYPE_M": null, "SITETYPE_1": null, "SITETYPE_2": null, "SITETYPE_3": null, "SITETYPE_4": null, "COUNTY": "ADDISON", "COUNTRY": "US", "SOURCEOFDA": "Vermont Enhanced 911 Board", "DRIVEWAYID": 0, "ESZ": "00283", "HOUSE_NUMB": 373, "HOUSE_NU_1": null, "HOUSE_NU_2": null, "FIPS": "5001" }, "geometry": { "type": "Point", "coordinates": [ -73.105122679759816, 43.973567904245613 ] } },
{ "type": "Feature", "properties": { "SEGMENTID": 32193, "ESITEID": 171325, "GEONAMEID": 13284, "PD": null, "PT": null, "SN": "SCHOOL", "ST": "ST", "SD": null, "PRIMARYNAM": "SCHOOL ST", "ALIAS1": null, "ALIAS2": null, "ALIAS3": null, "ALIAS4": null, "ALIAS5": "5/13/2015 2:02:24 PM", "PRIMARYADD": "14 SCHOOL ST", "SITETYPE": "FIRE STATION", "TOWNNAME": "MOUNT HOLLY", "MCODE": 631, "ESN": 377, "ZIP": "05730", "PARCELNUM": "06F5139.00", "GPSX": -72.82525148000001, "GPSY": 43.44605483, "MAPYEAR": "1998-01-01", "UPDATEDATE": "2023-01-27", "STATE": "VT", "FIPS8": 5021, "SPAN": "417-130-10786", "SUBTYPE": 0, "GlobalID_1": "172b9050-ffac-4f8f-b552-f8910363dbc2", "UNITCOUNT": 1, "PRIMARYA_1": "14 SCHOOL ST MOUNT HOLLY", "PRIMARYA_2": "14 SCHOOL ST MOUNT HOLLY VT 05730", "SITETYPE_M": null, "SITETYPE_1": null, "SITETYPE_2": null, "SITETYPE_3": null, "SITETYPE_4": null, "COUNTY": "RUTLAND", "COUNTRY": "US", "SOURCEOFDA": "Vermont Enhanced 911 Board", "DRIVEWAYID": 0, "ESZ": "00377", "HOUSE_NUMB": 14, "HOUSE_NU_1": null, "HOUSE_NU_2": null, "FIPS": "5021" }, "geometry": { "type": "Point", "coordinates": [ -72.825251163241163, 43.446053528288921 ] } },
{ "type": "Feature", "properties": { "SEGMENTID": 753456, "ESITEID": 276846, "GEONAMEID": 22486, "PD": null, "PT": null, "SN": "VT ROUTE 131", "ST": null, "SD": null, "PRIMARYNAM": "VT ROUTE 131", "ALIAS1": null, "ALIAS2": "ROUTE 131", "ALIAS3": null, "ALIAS4": null, "ALIAS5": "7/10/2017 12:28:36 PM", "PRIMARYADD": "7259 VT ROUTE 131", "SITETYPE": "FIRE STATION", "TOWNNAME": "WEATHERSFIELD", "MCODE": 723, "ESN": 167, "ZIP": "05151", "PARCELNUM": "030226-", "GPSX": -72.51351282, "GPSY": 43.40092368, "MAPYEAR": "1998-01-01", "UPDATEDATE": "2023-10-04", "STATE": "VT", "FIPS8": 5027, "SPAN": "705-224-11588", "SUBTYPE": 0, "GlobalID_1": "bf44095c-42ed-4557-bf27-ab54a45676f6", "UNITCOUNT": 1, "PRIMARYA_1": "7259 VT ROUTE 131 WEATHERSFIELD", "PRIMARYA_2": "7259 VT ROUTE 131 WEATHERSFIELD VT 05151", "SITETYPE_M": null, "SITETYPE_1": null, "SITETYPE_2": null, "SITETYPE_3": null, "SITETYPE_4": null, "COUNTY": "WINDSOR", "COUNTRY": "US", "SOURCEOFDA": "Vermont Enhanced 911 Board", "DRIVEWAYID": 0, "ESZ": "00167", "HOUSE_NUMB": 7259, "HOUSE_NU_1": null, "HOUSE_NU_2": null, "FIPS": "5027" }, "geometry": { "type": "Point", "coordinates": [ -72.513512526841836, 43.400922124692812 ] } },
{ "type": "Feature", "properties": { "SEGMENTID": 52688, "ESITEID": 229130, "GEONAMEID": 18792, "PD": null, "PT": null, "SN": "DORSET", "ST": "ST", "SD": null, "PRIMARYNAM": "DORSET ST", "ALIAS1": null, "ALIAS2": null, "ALIAS3": null, "ALIAS4": null, "ALIAS5": "8/29/2018 8:48:13 AM", "PRIMARYADD": "575 DORSET ST", "SITETYPE": "FIRE STATION", "TOWNNAME": "SOUTH BURLINGTON", "MCODE": 684, "ESN": 339, "ZIP": "05403", "PARCELNUM": "0570-00575.", "GPSX": -73.17946788, "GPSY": 44.45435315, "MAPYEAR": "1998-01-01", "UPDATEDATE": "2023-01-27", "STATE": "VT", "FIPS8": 5007, "SPAN": "600-188-11290", "SUBTYPE": 0, "GlobalID_1": "15a5eff7-edff-477a-8f5d-52a706b698f4", "UNITCOUNT": 1, "PRIMARYA_1": "575 DORSET ST SOUTH BURLINGTON", "PRIMARYA_2": "575 DORSET ST SOUTH BURLINGTON VT 05403", "SITETYPE_M": null, "SITETYPE_1": null, "SITETYPE_2": null, "SITETYPE_3": null, "SITETYPE_4": null, "COUNTY": "CHITTENDEN", "COUNTRY": "US", "SOURCEOFDA": "Vermont Enhanced 911 Board", "DRIVEWAYID": 0, "ESZ": "00339", "HOUSE_NUMB": 575, "HOUSE_NU_1": null, "HOUSE_NU_2": null, "FIPS": "5007" }, "geometry": { "type": "Point", "coordinates": [ -73.179467964799258, 44.454350899948643 ] } },
{ "type": "Feature", "properties": { "SEGMENTID": 40711, "ESITEID": 116119, "GEONAMEID": 28775, "PD": null, "PT": null, "SN": "SCOTT", "ST": "HWY", "SD": null, "PRIMARYNAM": "SCOTT HWY", "ALIAS1": null, "ALIAS2": null, "ALIAS3": null, "ALIAS4": null, "ALIAS5": "5/12/2015 7:29:37 PM", "PRIMARYADD": "1456 SCOTT HWY", "SITETYPE": "FIRE STATION", "TOWNNAME": "GROTON", "MCODE": 585, "ESN": 389, "ZIP": "05046", "PARCELNUM": "VC302-002.LB00", "GPSX": -72.19694914, "GPSY": 44.21161622, "MAPYEAR": "2003-01-08", "UPDATEDATE": "2023-01-27", "STATE": "VT", "FIPS8": 5005, "SPAN": "267-084-10684", "SUBTYPE": 0, "GlobalID_1": "011b3f70-2db5-489d-98f3-d3c954bf6fb2", "UNITCOUNT": 1, "PRIMARYA_1": "1456 SCOTT HWY GROTON", "PRIMARYA_2": "1456 SCOTT HWY GROTON VT 05046", "SITETYPE_M": null, "SITETYPE_1": null, "SITETYPE_2": null, "SITETYPE_3": null, "SITETYPE_4": null, "COUNTY": "CALEDONIA", "COUNTRY": "US", "SOURCEOFDA": "Vermont Enhanced 911 Board", "DRIVEWAYID": 0, "ESZ": "00389", "HOUSE_NUMB": 1456, "HOUSE_NU_1": null, "HOUSE_NU_2": null, "FIPS": "5005" }, "geometry": { "type": "Point", "coordinates": [ -72.196948641176107, 44.211614191489701 ] } },
{ "type": "Feature", "properties": { "SEGMENTID": 57815, "ESITEID": 258561, "GEONAMEID": 20710, "PD": null, "PT": null, "SN": "VT ROUTE 244", "ST": null, "SD": null, "PRIMARYNAM": "VT ROUTE 244", "ALIAS1": null, "ALIAS2": "ROUTE 244", "ALIAS3": null, "ALIAS4": null, "ALIAS5": "7/2/2020 1:35:17 PM", "PRIMARYADD": "382 VT ROUTE 244", "SITETYPE": "FIRE STATION", "TOWNNAME": "THETFORD", "MCODE": 702, "ESN": 342, "ZIP": "05045", "PARCELNUM": "0V0244.TE.5", "GPSX": -72.25352821, "GPSY": 43.88691531, "MAPYEAR": "1998-01-01", "UPDATEDATE": "2025-04-18", "STATE": "VT", "FIPS8": 5017, "SPAN": "642-202-11300", "SUBTYPE": 0, "GlobalID_1": "7fee3588-a074-43ee-b5c9-33feb3e1c5f3", "UNITCOUNT": 1, "PRIMARYA_1": "382 VT ROUTE 244 THETFORD", "PRIMARYA_2": "382 VT ROUTE 244 THETFORD VT 05045", "SITETYPE_M": null, "SITETYPE_1": null, "SITETYPE_2": null, "SITETYPE_3": null, "SITETYPE_4": null, "COUNTY": "ORANGE", "COUNTRY": "US", "SOURCEOFDA": "Vermont Enhanced 911 Board", "DRIVEWAYID": 0, "ESZ": "00342", "HOUSE_NUMB": 382, "HOUSE_NU_1": null, "HOUSE_NU_2": null, "FIPS": "5017" }, "geometry": { "type": "Point", "coordinates": [ -72.253524577257195, 43.886904047495833 ] } },
{ "type": "Feature", "properties": { "SEGMENTID": 28103, "ESITEID": 304145, "GEONAMEID": 24691, "PD": null, "PT": null, "SN": "MORGAN HILL", "ST": "RD", "SD": null, "PRIMARYNAM": "MORGAN HILL RD", "ALIAS1": null, "ALIAS2": null, "ALIAS3": null, "ALIAS4": null, "ALIAS5": "2/26/2016 11:35:16 AM", "PRIMARYADD": "25 MORGAN HILL RD", "SITETYPE": "FIRE STATION", "TOWNNAME": "WOODSTOCK", "MCODE": 748, "ESN": 250, "ZIP": "05071", "PARCELNUM": "33.03.25.", "GPSX": -72.53243577000001, "GPSY": 43.55831332, "MAPYEAR": "1998-01-01", "UPDATEDATE": "2023-01-27", "STATE": "VT", "FIPS8": 5027, "SPAN": "786-250-11532", "SUBTYPE": 0, "GlobalID_1": "8fc2a950-fa3a-4b69-85ec-f940d9560d9e", "UNITCOUNT": 1, "PRIMARYA_1": "25 MORGAN HILL RD WOODSTOCK", "PRIMARYA_2": "25 MORGAN HILL RD WOODSTOCK VT 05071", "SITETYPE_M": null, "SITETYPE_1": null, "SITETYPE_2": null, "SITETYPE_3": null, "SITETYPE_4": null, "COUNTY": "WINDSOR", "COUNTRY": "US", "SOURCEOFDA": "Vermont Enhanced 911 Board", "DRIVEWAYID": 0, "ESZ": "00250", "HOUSE_NUMB": 25, "HOUSE_NU_1": null, "HOUSE_NU_2": null, "FIPS": "5027" }, "geometry": { "type": "Point", "coordinates": [ -72.532435043511228, 43.558311683290356 ] } },
{ "type": "Feature", "properties": { "SEGMENTID": 33242, "ESITEID": 146085, "GEONAMEID": 28275, "PD": null, "PT": null, "SN": "TREATMENT PLANT", "ST": "RD", "SD": null, "PRIMARYNAM": "TREATMENT PLANT RD", "ALIAS1": null, "ALIAS2": null, "ALIAS3": null, "ALIAS4": null, "ALIAS5": "5/12/2015 9:12:41 PM", "PRIMARYADD": "41 TREATMENT PLANT RD", "SITETYPE": "FIRE STATION", "TOWNNAME": "LUNENBURG", "MCODE": 614, "ESN": 425, "ZIP": "05904", "PARCELNUM": "001099.002", "GPSX": -71.71852391, "GPSY": 44.41249758, "MAPYEAR": "2003-01-17", "UPDATEDATE": "2025-04-18", "STATE": "VT", "FIPS8": 5009, "SPAN": "366-113-11150", "SUBTYPE": 0, "GlobalID_1": "dea1cbb9-acef-4848-9edf-8ffe513cb7cd", "UNITCOUNT": 1, "PRIMARYA_1": "41 TREATMENT PLANT RD LUNENBURG", "PRIMARYA_2": "41 TREATMENT PLANT RD LUNENBURG VT 05904", "SITETYPE_M": null, "SITETYPE_1": null, "SITETYPE_2": null, "SITETYPE_3": null, "SITETYPE_4": null, "COUNTY": "ESSEX", "COUNTRY": "US", "SOURCEOFDA": "Vermont Enhanced 911 Board", "DRIVEWAYID": 0, "ESZ": "00425", "HOUSE_NUMB": 41, "HOUSE_NU_1": null, "HOUSE_NU_2": null, "FIPS": "5009" }, "geometry": { "type": "Point", "coordinates": [ -71.718521495110295, 44.412494023464554 ] } },
{ "type": "Feature", "properties": { "SEGMENTID": 1229, "ESITEID": 448171, "GEONAMEID": 8595, "PD": null, "PT": null, "SN": "BREEZY", "ST": "AVE", "SD": null, "PRIMARYNAM": "BREEZY AVE", "ALIAS1": null, "ALIAS2": null, "ALIAS3": null, "ALIAS4": null, "ALIAS5": "12/17/2015 10:03:22 AM", "PRIMARYADD": "765 BREEZY AVE", "SITETYPE": "FIRE STATION", "TOWNNAME": "GREENSBORO", "MCODE": 584, "ESN": 420, "ZIP": "05841", "PARCELNUM": "416-0767.", "GPSX": -72.30498275, "GPSY": 44.56667315, "MAPYEAR": "2013-08-05", "UPDATEDATE": "2023-01-28", "STATE": "VT", "FIPS8": 5019, "SPAN": "264-083-11010", "SUBTYPE": 0, "GlobalID_1": "7510768b-0aed-453e-9c5d-b47f4701e709", "UNITCOUNT": 1, "PRIMARYA_1": "765 BREEZY AVE GREENSBORO", "PRIMARYA_2": "765 BREEZY AVE GREENSBORO VT 05841", "SITETYPE_M": null, "SITETYPE_1": null, "SITETYPE_2": null, "SITETYPE_3": null, "SITETYPE_4": null, "COUNTY": "ORLEANS", "COUNTRY": "US", "SOURCEOFDA": "Vermont Enhanced 911 Board", "DRIVEWAYID": 0, "ESZ": "00420", "HOUSE_NUMB": 765, "HOUSE_NU_1": null, "HOUSE_NU_2": null, "FIPS": "5019" }, "geometry": { "type": "Point", "coordinates": [ -72.304982877687493, 44.566671508507255 ] } },
{ "type": "Feature", "properties": { "SEGMENTID": 11629, "ESITEID": 74984, "GEONAMEID": 5206, "PD": null, "PT": null, "SN": "ETHAN ALLEN", "ST": "AVE", "SD": null, "PRIMARYNAM": "ETHAN ALLEN AVE", "ALIAS1": null, "ALIAS2": null, "ALIAS3": null, "ALIAS4": null, "ALIAS5": "5/13/2015 12:04:52 AM", "PRIMARYADD": "282 ETHAN ALLEN AVE", "SITETYPE": "FIRE STATION", "TOWNNAME": "COLCHESTER", "MCODE": 548, "ESN": 470, "ZIP": "05446", "PARCELNUM": "20-004000-0000000", "GPSX": -73.14859971, "GPSY": 44.50576028, "MAPYEAR": "1998-01-01", "UPDATEDATE": "2025-04-18", "STATE": "VT", "FIPS8": 5007, "SPAN": "153-048-22335", "SUBTYPE": 0, "GlobalID_1": "54d800f4-637c-4c8d-a6af-032cea34dcdd", "UNITCOUNT": 1, "PRIMARYA_1": "282 ETHAN ALLEN AVE COLCHESTER", "PRIMARYA_2": "282 ETHAN ALLEN AVE COLCHESTER VT 05446", "SITETYPE_M": null, "SITETYPE_1": null, "SITETYPE_2": null, "SITETYPE_3": null, "SITETYPE_4": null, "COUNTY": "CHITTENDEN", "COUNTRY": "US", "SOURCEOFDA": "Vermont Enhanced 911 Board", "DRIVEWAYID": 0, "ESZ": "00470", "HOUSE_NUMB": 282, "HOUSE_NU_1": null, "HOUSE_NU_2": null, "FIPS": "5007" }, "geometry": { "type": "Point", "coordinates": [ -73.14859759135426, 44.505756384530805 ] } },
{ "type": "Feature", "properties": { "SEGMENTID": 15818, "ESITEID": 105039, "GEONAMEID": 7538, "PD": null, "PT": null, "SN": "VT ROUTE 36", "ST": null, "SD": null, "PRIMARYNAM": "VT ROUTE 36", "ALIAS1": null, "ALIAS2": null, "ALIAS3": null, "ALIAS4": null, "ALIAS5": "5/13/2015 12:29:55 AM", "PRIMARYADD": "9461 VT ROUTE 36", "SITETYPE": "FIRE STATION", "TOWNNAME": "FAIRFIELD", "MCODE": 569, "ESN": 187, "ZIP": "05448", "PARCELNUM": "S36-9461.000", "GPSX": -72.8585205, "GPSY": 44.78523254, "MAPYEAR": "1998-01-01", "UPDATEDATE": "2023-01-28", "STATE": "VT", "FIPS8": 5011, "SPAN": "213-069-10267", "SUBTYPE": 0, "GlobalID_1": "2aee2fd4-619b-4895-84a6-ca3fbb7ba7ce", "UNITCOUNT": 1, "PRIMARYA_1": "9461 VT ROUTE 36 FAIRFIELD", "PRIMARYA_2": "9461 VT ROUTE 36 FAIRFIELD VT 05448", "SITETYPE_M": null, "SITETYPE_1": null, "SITETYPE_2": null, "SITETYPE_3": null, "SITETYPE_4": null, "COUNTY": "FRANKLIN", "COUNTRY": "US", "SOURCEOFDA": "Vermont Enhanced 911 Board", "DRIVEWAYID": 0, "ESZ": "00187", "HOUSE_NUMB": 9461, "HOUSE_NU_1": null, "HOUSE_NU_2": null, "FIPS": "5011" }, "geometry": { "type": "Point", "coordinates": [ -72.858520237592529, 44.785230554495975 ] } },
{ "type": "Feature", "properties": { "SEGMENTID": 24632, "ESITEID": 294986, "GEONAMEID": 24083, "PD": null, "PT": null, "SN": "WHITE", "ST": "RD", "SD": null, "PRIMARYNAM": "WHITE RD", "ALIAS1": null, "ALIAS2": null, "ALIAS3": null, "ALIAS4": null, "ALIAS5": "6/4/2021 8:14:55 PM", "PRIMARYADD": "290 WHITE RD", "SITETYPE": "FIRE STATION", "TOWNNAME": "WINDHAM", "MCODE": 741, "ESN": 351, "ZIP": "05143", "PARCELNUM": "040117.", "GPSX": -72.72198165, "GPSY": 43.21618959, "MAPYEAR": "1998-01-01", "UPDATEDATE": "2023-01-27", "STATE": "VT", "FIPS8": 5025, "SPAN": "765-243-10696", "SUBTYPE": 0, "GlobalID_1": "8edf2978-439a-463c-bdfc-d2a0c305f14b", "UNITCOUNT": 1, "PRIMARYA_1": "290 WHITE RD WINDHAM", "PRIMARYA_2": "290 WHITE RD WINDHAM VT 05143", "SITETYPE_M": null, "SITETYPE_1": null, "SITETYPE_2": null, "SITETYPE_3": null, "SITETYPE_4": null, "COUNTY": "WINDHAM", "COUNTRY": "US", "SOURCEOFDA": "Vermont Enhanced 911 Board", "DRIVEWAYID": 0, "ESZ": "00351", "HOUSE_NUMB": 290, "HOUSE_NU_1": null, "HOUSE_NU_2": null, "FIPS": "5025" }, "geometry": { "type": "Point", "coordinates": [ -72.721981931881629, 43.216188421791173 ] } },
{ "type": "Feature", "properties": { "SEGMENTID": 53622, "ESITEID": 279584, "GEONAMEID": 22745, "PD": null, "PT": null, "SN": "MARBLE", "ST": "ST", "SD": null, "PRIMARYNAM": "MARBLE ST", "ALIAS1": null, "ALIAS2": null, "ALIAS3": null, "ALIAS4": null, "ALIAS5": "5/12/2015 10:22:29 PM", "PRIMARYADD": "217 MARBLE ST", "SITETYPE": "FIRE STATION", "TOWNNAME": "WEST RUTLAND", "MCODE": 727, "ESN": 348, "ZIP": "05777", "PARCELNUM": "230030217.", "GPSX": -73.04958975, "GPSY": 43.59715293, "MAPYEAR": "1998-01-01", "UPDATEDATE": "2023-01-27", "STATE": "VT", "FIPS8": 5021, "SPAN": "735-234-10974", "SUBTYPE": 0, "GlobalID_1": "2e705db7-82d1-47e9-9a88-946bec2071db", "UNITCOUNT": 1, "PRIMARYA_1": "217 MARBLE ST WEST RUTLAND", "PRIMARYA_2": "217 MARBLE ST WEST RUTLAND VT 05777", "SITETYPE_M": null, "SITETYPE_1": null, "SITETYPE_2": null, "SITETYPE_3": null, "SITETYPE_4": null, "COUNTY": "RUTLAND", "COUNTRY": "US", "SOURCEOFDA": "Vermont Enhanced 911 Board", "DRIVEWAYID": 0, "ESZ": "00348", "HOUSE_NUMB": 217, "HOUSE_NU_1": null, "HOUSE_NU_2": null, "FIPS": "5021" }, "geometry": { "type": "Point", "coordinates": [ -73.049589129738635, 43.597151480281255 ] } },
{ "type": "Feature", "properties": { "SEGMENTID": 53476, "ESITEID": 135646, "GEONAMEID": 10575, "PD": null, "PT": null, "SN": "REVOIR FLAT", "ST": "RD", "SD": null, "PRIMARYNAM": "REVOIR FLAT RD", "ALIAS1": null, "ALIAS2": null, "ALIAS3": null, "ALIAS4": null, "ALIAS5": "5/12/2015 10:49:17 PM", "PRIMARYADD": "157 REVOIR FLAT RD", "SITETYPE": "FIRE STATION", "TOWNNAME": "JAY", "MCODE": 603, "ESN": 150, "ZIP": "05859", "PARCELNUM": "20-0040002", "GPSX": -72.43616485, "GPSY": 44.95161819, "MAPYEAR": "1998-01-01", "UPDATEDATE": "2023-01-27", "STATE": "VT", "FIPS8": 5019, "SPAN": "327-102-10326", "SUBTYPE": 0, "GlobalID_1": "97db7789-bfb0-4b09-8c0d-c0ddccf78d36", "UNITCOUNT": 1, "PRIMARYA_1": "157 REVOIR FLAT RD JAY", "PRIMARYA_2": "157 REVOIR FLAT RD JAY VT 05859", "SITETYPE_M": null, "SITETYPE_1": null, "SITETYPE_2": null, "SITETYPE_3": null, "SITETYPE_4": null, "COUNTY": "ORLEANS", "COUNTRY": "US", "SOURCEOFDA": "Vermont Enhanced 911 Board", "DRIVEWAYID": 0, "ESZ": "00150", "HOUSE_NUMB": 157, "HOUSE_NU_1": null, "HOUSE_NU_2": null, "FIPS": "5019" }, "geometry": { "type": "Point", "coordinates": [ -72.436165353710308, 44.951616327166363 ] } },
{ "type": "Feature", "properties": { "SEGMENTID": 59494, "ESITEID": 49157, "GEONAMEID": 31252, "PD": "S", "PT": null, "SN": "WINOOSKI", "ST": "AVE", "SD": null, "PRIMARYNAM": "S WINOOSKI AVE", "ALIAS1": null, "ALIAS2": null, "ALIAS3": null, "ALIAS4": null, "ALIAS5": "11/15/2016 12:10:02 PM", "PRIMARYADD": "136 S WINOOSKI AVE", "SITETYPE": "FIRE STATION", "TOWNNAME": "BURLINGTON", "MCODE": 535, "ESN": 355, "ZIP": "05401", "PARCELNUM": "049-3-187.000", "GPSX": -73.21055527, "GPSY": 44.47657813, "MAPYEAR": "2003-01-28", "UPDATEDATE": "2023-01-27", "STATE": "VT", "FIPS8": 5007, "SPAN": "114-035-17502", "SUBTYPE": 0, "GlobalID_1": "881eb7da-0308-4e69-8b86-a6a90081a3f5", "UNITCOUNT": 1, "PRIMARYA_1": "136 S WINOOSKI AVE BURLINGTON", "PRIMARYA_2": "136 S WINOOSKI AVE BURLINGTON VT 05401", "SITETYPE_M": null, "SITETYPE_1": null, "SITETYPE_2": null, "SITETYPE_3": null, "SITETYPE_4": null, "COUNTY": "CHITTENDEN", "COUNTRY": "US", "SOURCEOFDA": "Vermont Enhanced 911 Board", "DRIVEWAYID": 0, "ESZ": "00355", "HOUSE_NUMB": 136, "HOUSE_NU_1": null, "HOUSE_NU_2": null, "FIPS": "5007" }, "geometry": { "type": "Point", "coordinates": [ -73.210555546812287, 44.476575776005504 ] } },
{ "type": "Feature", "properties": { "SEGMENTID": 59858, "ESITEID": 202138, "GEONAMEID": 16568, "PD": null, "PT": null, "SN": "DUGWAY", "ST": "RD", "SD": null, "PRIMARYNAM": "DUGWAY RD", "ALIAS1": null, "ALIAS2": null, "ALIAS3": null, "ALIAS4": null, "ALIAS5": "5/12/2015 7:31:30 PM", "PRIMARYADD": "25 DUGWAY RD", "SITETYPE": "FIRE STATION", "TOWNNAME": "RIPTON", "MCODE": 663, "ESN": 306, "ZIP": "05766", "PARCELNUM": "06-03-0006.1", "GPSX": -73.03732699, "GPSY": 43.98619937, "MAPYEAR": "1998-01-01", "UPDATEDATE": "2023-01-27", "STATE": "VT", "FIPS8": 5001, "SPAN": "522-164-10546", "SUBTYPE": 0, "GlobalID_1": "77f6b13a-71f9-4b8f-8b9e-6e3ce62facd5", "UNITCOUNT": 1, "PRIMARYA_1": "25 DUGWAY RD RIPTON", "PRIMARYA_2": "25 DUGWAY RD RIPTON VT 05766", "SITETYPE_M": null, "SITETYPE_1": null, "SITETYPE_2": null, "SITETYPE_3": null, "SITETYPE_4": null, "COUNTY": "ADDISON", "COUNTRY": "US", "SOURCEOFDA": "Vermont Enhanced 911 Board", "DRIVEWAYID": 0, "ESZ": "00306", "HOUSE_NUMB": 25, "HOUSE_NU_1": null, "HOUSE_NU_2": null, "FIPS": "5001" }, "geometry": { "type": "Point", "coordinates": [ -73.037325181554465, 43.986197538865845 ] } },
{ "type": "Feature", "properties": { "SEGMENTID": 24082, "ESITEID": 133400, "GEONAMEID": 10291, "PD": null, "PT": null, "SN": "VT ROUTE 133", "ST": null, "SD": null, "PRIMARYNAM": "VT ROUTE 133", "ALIAS1": null, "ALIAS2": null, "ALIAS3": null, "ALIAS4": null, "ALIAS5": "7/2/2020 2:24:21 PM", "PRIMARYADD": "2659 VT ROUTE 133", "SITETYPE": "FIRE STATION", "TOWNNAME": "IRA", "MCODE": 599, "ESN": 221, "ZIP": "05777", "PARCELNUM": "000014.003", "GPSX": -73.07054095, "GPSY": 43.52417863, "MAPYEAR": "1998-01-01", "UPDATEDATE": "2023-03-02", "STATE": "VT", "FIPS8": 5021, "SPAN": "309-098-10116", "SUBTYPE": 0, "GlobalID_1": "1bfcddb9-d6aa-4fd3-9bf3-25b0ccc3f279", "UNITCOUNT": 1, "PRIMARYA_1": "2659 VT ROUTE 133 IRA", "PRIMARYA_2": "2659 VT ROUTE 133 IRA VT 05777", "SITETYPE_M": null, "SITETYPE_1": null, "SITETYPE_2": null, "SITETYPE_3": null, "SITETYPE_4": null, "COUNTY": "RUTLAND", "COUNTRY": "US", "SOURCEOFDA": "Vermont Enhanced 911 Board", "DRIVEWAYID": 0, "ESZ": "00221", "HOUSE_NUMB": 2659, "HOUSE_NU_1": null, "HOUSE_NU_2": null, "FIPS": "5021" }, "geometry": { "type": "Point", "coordinates": [ -73.070540459837034, 43.524177330889714 ] } },
{ "type": "Feature", "properties": { "SEGMENTID": 5260, "ESITEID": 279070, "GEONAMEID": 22664, "PD": null, "PT": null, "SN": "NORTH", "ST": "RD", "SD": null, "PRIMARYNAM": "NORTH RD", "ALIAS1": null, "ALIAS2": null, "ALIAS3": null, "ALIAS4": null, "ALIAS5": "6/28/2018 11:17:21 AM", "PRIMARYADD": "59 NORTH RD", "SITETYPE": "FIRE STATION", "TOWNNAME": "WEST HAVEN", "MCODE": 726, "ESN": 161, "ZIP": "05743", "PARCELNUM": "999-1", "GPSX": -73.34693944, "GPSY": 43.65221856, "MAPYEAR": "1998-01-01", "UPDATEDATE": "2023-01-27", "STATE": "VT", "FIPS8": 5021, "SPAN": "723-230-10194", "SUBTYPE": 0, "GlobalID_1": "488a882f-85d7-4472-84ae-6b0a508165b6", "UNITCOUNT": 1, "PRIMARYA_1": "59 NORTH RD WEST HAVEN", "PRIMARYA_2": "59 NORTH RD WEST HAVEN VT 05743", "SITETYPE_M": null, "SITETYPE_1": null, "SITETYPE_2": null, "SITETYPE_3": null, "SITETYPE_4": null, "COUNTY": "RUTLAND", "COUNTRY": "US", "SOURCEOFDA": "Vermont Enhanced 911 Board", "DRIVEWAYID": 0, "ESZ": "00161", "HOUSE_NUMB": 59, "HOUSE_NU_1": null, "HOUSE_NU_2": null, "FIPS": "5021" }, "geometry": { "type": "Point", "coordinates": [ -73.346938317916837, 43.652217137876583 ] } },
{ "type": "Feature", "properties": { "SEGMENTID": 11857, "ESITEID": 272820, "GEONAMEID": 372470, "PD": null, "PT": null, "SN": "FIREHOUSE", "ST": "RD", "SD": null, "PRIMARYNAM": "FIREHOUSE RD", "ALIAS1": null, "ALIAS2": null, "ALIAS3": null, "ALIAS4": null, "ALIAS5": null, "PRIMARYADD": "51 FIREHOUSE RD", "SITETYPE": "FIRE STATION", "TOWNNAME": "WASHINGTON", "MCODE": 719, "ESN": 124, "ZIP": "05675", "PARCELNUM": "007107.000", "GPSX": -72.43427361000001, "GPSY": 44.10741269, "MAPYEAR": "1998-01-01", "UPDATEDATE": "2023-03-28", "STATE": "VT", "FIPS8": 5017, "SPAN": "693-220-10680", "SUBTYPE": 0, "GlobalID_1": "9decf060-157d-4ee2-9695-d33317a2b178", "UNITCOUNT": 1, "PRIMARYA_1": "51 FIREHOUSE RD WASHINGTON", "PRIMARYA_2": "51 FIREHOUSE RD WASHINGTON VT 05675", "SITETYPE_M": null, "SITETYPE_1": null, "SITETYPE_2": null, "SITETYPE_3": null, "SITETYPE_4": null, "COUNTY": "ORANGE", "COUNTRY": "US", "SOURCEOFDA": "Vermont Enhanced 911 Board", "DRIVEWAYID": 0, "ESZ": "00124", "HOUSE_NUMB": 51, "HOUSE_NU_1": null, "HOUSE_NU_2": null, "FIPS": "5017" }, "geometry": { "type": "Point", "coordinates": [ -72.434272761205563, 44.107410903825482 ] } },
{ "type": "Feature", "properties": { "SEGMENTID": 2452, "ESITEID": 62327, "GEONAMEID": 4399, "PD": null, "PT": null, "SN": "MILL", "ST": "ST", "SD": null, "PRIMARYNAM": "MILL ST", "ALIAS1": null, "ALIAS2": null, "ALIAS3": null, "ALIAS4": null, "ALIAS5": "5/12/2015 11:52:42 PM", "PRIMARYADD": "148 MILL ST", "SITETYPE": "FIRE STATION", "TOWNNAME": "CAVENDISH", "MCODE": 541, "ESN": 108, "ZIP": "05142", "PARCELNUM": "2V21-098-", "GPSX": -72.60549926, "GPSY": 43.38146591, "MAPYEAR": "1998-01-01", "UPDATEDATE": "2025-07-02", "STATE": "VT", "FIPS8": 5027, "SPAN": "132-041-11524", "SUBTYPE": 0, "GlobalID_1": "c58b7552-3664-4dde-85cb-d39b830f73df", "UNITCOUNT": 1, "PRIMARYA_1": "148 MILL ST CAVENDISH", "PRIMARYA_2": "148 MILL ST CAVENDISH VT 05142", "SITETYPE_M": null, "SITETYPE_1": null, "SITETYPE_2": null, "SITETYPE_3": null, "SITETYPE_4": null, "COUNTY": "WINDSOR", "COUNTRY": "US", "SOURCEOFDA": "Vermont Enhanced 911 Board", "DRIVEWAYID": 0, "ESZ": "00108", "HOUSE_NUMB": 148, "HOUSE_NU_1": null, "HOUSE_NU_2": null, "FIPS": "5027" }, "geometry": { "type": "Point", "coordinates": [ -72.605499070816165, 43.381464466654101 ] } },
{ "type": "Feature", "properties": { "SEGMENTID": 19475, "ESITEID": 301703, "GEONAMEID": 24519, "PD": null, "PT": null, "SN": "VT ROUTE 14", "ST": null, "SD": null, "PRIMARYNAM": "VT ROUTE 14", "ALIAS1": null, "ALIAS2": "ROUTE 14", "ALIAS3": null, "ALIAS4": null, "ALIAS5": "7/2/2020 2:14:24 PM", "PRIMARYADD": "3665 VT ROUTE 14", "SITETYPE": "FIRE STATION", "TOWNNAME": "WOODBURY", "MCODE": 746, "ESN": 352, "ZIP": "05650", "PARCELNUM": "14-71-", "GPSX": -72.41547632, "GPSY": 44.44065146, "MAPYEAR": "1998-01-01", "UPDATEDATE": "2023-01-27", "STATE": "VT", "FIPS8": 5023, "SPAN": "780-248-10761", "SUBTYPE": 0, "GlobalID_1": "6e7ca2b0-0f51-4413-a44f-a2a24422fb0d", "UNITCOUNT": 1, "PRIMARYA_1": "3665 VT ROUTE 14 WOODBURY", "PRIMARYA_2": "3665 VT ROUTE 14 WOODBURY VT 05650", "SITETYPE_M": null, "SITETYPE_1": null, "SITETYPE_2": null, "SITETYPE_3": null, "SITETYPE_4": null, "COUNTY": "WASHINGTON", "COUNTRY": "US", "SOURCEOFDA": "Vermont Enhanced 911 Board", "DRIVEWAYID": 0, "ESZ": "00352", "HOUSE_NUMB": 3665, "HOUSE_NU_1": null, "HOUSE_NU_2": null, "FIPS": "5023" }, "geometry": { "type": "Point", "coordinates": [ -72.415476293313631, 44.440649912382014 ] } },
{ "type": "Feature", "properties": { "SEGMENTID": 8537, "ESITEID": 81682, "GEONAMEID": 6031, "PD": null, "PT": null, "SN": "MCREYNOLDS", "ST": "RD", "SD": null, "PRIMARYNAM": "MCREYNOLDS RD", "ALIAS1": null, "ALIAS2": null, "ALIAS3": null, "ALIAS4": null, "ALIAS5": "5/12/2015 7:32:20 PM", "PRIMARYADD": "24 MCREYNOLDS RD", "SITETYPE": "FIRE STATION", "TOWNNAME": "DANVILLE", "MCODE": 555, "ESN": 148, "ZIP": "05828", "PARCELNUM": "SA002-083.000", "GPSX": -72.0993536, "GPSY": 44.4602435, "MAPYEAR": "2005-04-29", "UPDATEDATE": "2023-01-27", "STATE": "VT", "FIPS8": 5005, "SPAN": "174-055-10780", "SUBTYPE": 0, "GlobalID_1": "f2caf80c-7e6b-46c5-856f-ca76b4c3f5ee", "UNITCOUNT": 1, "PRIMARYA_1": "24 MCREYNOLDS RD DANVILLE", "PRIMARYA_2": "24 MCREYNOLDS RD DANVILLE VT 05828", "SITETYPE_M": null, "SITETYPE_1": null, "SITETYPE_2": null, "SITETYPE_3": null, "SITETYPE_4": null, "COUNTY": "CALEDONIA", "COUNTRY": "US", "SOURCEOFDA": "Vermont Enhanced 911 Board", "DRIVEWAYID": 0, "ESZ": "00148", "HOUSE_NUMB": 24, "HOUSE_NU_1": null, "HOUSE_NU_2": null, "FIPS": "5005" }, "geometry": { "type": "Point", "coordinates": [ -72.09935445333339, 44.460241290632013 ] } },
{ "type": "Feature", "properties": { "SEGMENTID": 43602, "ESITEID": 284839, "GEONAMEID": 23228, "PD": null, "PT": null, "SN": "MAIN", "ST": "ST", "SD": null, "PRIMARYNAM": "MAIN ST", "ALIAS1": null, "ALIAS2": null, "ALIAS3": null, "ALIAS4": null, "ALIAS5": "11/8/2016 3:24:09 PM", "PRIMARYADD": "734 MAIN ST", "SITETYPE": "FIRE STATION", "TOWNNAME": "WESTON", "MCODE": 733, "ESN": 349, "ZIP": "05161", "PARCELNUM": "205036.00", "GPSX": -72.78923027, "GPSY": 43.29492046, "MAPYEAR": "1998-01-01", "UPDATEDATE": "2023-01-27", "STATE": "VT", "FIPS8": 5027, "SPAN": "732-233-10654", "SUBTYPE": 0, "GlobalID_1": "83c686a0-0e67-4d51-bba1-4b16b9c43796", "UNITCOUNT": 1, "PRIMARYA_1": "734 MAIN ST WESTON", "PRIMARYA_2": "734 MAIN ST WESTON VT 05161", "SITETYPE_M": null, "SITETYPE_1": null, "SITETYPE_2": null, "SITETYPE_3": null, "SITETYPE_4": null, "COUNTY": "WINDSOR", "COUNTRY": "US", "SOURCEOFDA": "Vermont Enhanced 911 Board", "DRIVEWAYID": 0, "ESZ": "00349", "HOUSE_NUMB": 734, "HOUSE_NU_1": null, "HOUSE_NU_2": null, "FIPS": "5027" }, "geometry": { "type": "Point", "coordinates": [ -72.789230335035398, 43.29491928862052 ] } },
{ "type": "Feature", "properties": { "SEGMENTID": 27417, "ESITEID": 38070, "GEONAMEID": 3265, "PD": null, "PT": null, "SN": "RAILROAD", "ST": "ST", "SD": null, "PRIMARYNAM": "RAILROAD ST", "ALIAS1": null, "ALIAS2": null, "ALIAS3": null, "ALIAS4": null, "ALIAS5": "6/14/2017 10:15:05 AM", "PRIMARYADD": "102 RAILROAD ST", "SITETYPE": "FIRE STATION", "TOWNNAME": "BRIGHTON", "MCODE": 527, "ESN": 319, "ZIP": "05846", "PARCELNUM": null, "GPSX": -71.88336688, "GPSY": 44.81571097, "MAPYEAR": "1998-01-01", "UPDATEDATE": "2025-04-18", "STATE": "VT", "FIPS8": 5009, "SPAN": null, "SUBTYPE": 0, "GlobalID_1": "40dbe3f7-0b5f-4af2-bcb6-faa81536033b", "UNITCOUNT": 1, "PRIMARYA_1": "102 RAILROAD ST BRIGHTON", "PRIMARYA_2": "102 RAILROAD ST BRIGHTON VT 05846", "SITETYPE_M": null, "SITETYPE_1": null, "SITETYPE_2": null, "SITETYPE_3": null, "SITETYPE_4": null, "COUNTY": "ESSEX", "COUNTRY": "US", "SOURCEOFDA": "Vermont Enhanced 911 Board", "DRIVEWAYID": 0, "ESZ": "00319", "HOUSE_NUMB": 102, "HOUSE_NU_1": null, "HOUSE_NU_2": null, "FIPS": "5009" }, "geometry": { "type": "Point", "coordinates": [ -71.883365560723576, 44.815707540613282 ] } },
{ "type": "Feature", "properties": { "SEGMENTID": 53286, "ESITEID": 81160, "GEONAMEID": 6075, "PD": null, "PT": null, "SN": "PEACHAM", "ST": "RD", "SD": null, "PRIMARYNAM": "PEACHAM RD", "ALIAS1": null, "ALIAS2": null, "ALIAS3": null, "ALIAS4": null, "ALIAS5": "7/2/2020 2:44:22 PM", "PRIMARYADD": "296 PEACHAM RD", "SITETYPE": "FIRE STATION", "TOWNNAME": "DANVILLE", "MCODE": 555, "ESN": 148, "ZIP": "05828", "PARCELNUM": "SA003-014.000", "GPSX": -72.14128797, "GPSY": 44.4076108, "MAPYEAR": "1998-01-01", "UPDATEDATE": "2023-01-27", "STATE": "VT", "FIPS8": 5005, "SPAN": "174-055-11508", "SUBTYPE": 0, "GlobalID_1": "1af729de-a525-4b1e-9b3f-018f253c44a1", "UNITCOUNT": 1, "PRIMARYA_1": "296 PEACHAM RD DANVILLE", "PRIMARYA_2": "296 PEACHAM RD DANVILLE VT 05828", "SITETYPE_M": null, "SITETYPE_1": null, "SITETYPE_2": null, "SITETYPE_3": null, "SITETYPE_4": null, "COUNTY": "CALEDONIA", "COUNTRY": "US", "SOURCEOFDA": "Vermont Enhanced 911 Board", "DRIVEWAYID": 0, "ESZ": "00148", "HOUSE_NUMB": 296, "HOUSE_NU_1": null, "HOUSE_NU_2": null, "FIPS": "5005" }, "geometry": { "type": "Point", "coordinates": [ -72.141288432968992, 44.407608722607257 ] } },
{ "type": "Feature", "properties": { "SEGMENTID": 5396, "ESITEID": 114699, "GEONAMEID": 8519, "PD": null, "PT": null, "SN": "VT ROUTE 100", "ST": null, "SD": null, "PRIMARYNAM": "VT ROUTE 100", "ALIAS1": null, "ALIAS2": null, "ALIAS3": null, "ALIAS4": null, "ALIAS5": "5/12/2015 7:33:19 PM", "PRIMARYADD": "5051 VT ROUTE 100", "SITETYPE": "FIRE STATION", "TOWNNAME": "GRANVILLE", "MCODE": 583, "ESN": 324, "ZIP": "05747", "PARCELNUM": "11L0000095.000", "GPSX": -72.84328483, "GPSY": 43.98084881, "MAPYEAR": "1998-01-01", "UPDATEDATE": "2023-01-27", "STATE": "VT", "FIPS8": 5001, "SPAN": "261-082-10138", "SUBTYPE": 0, "GlobalID_1": "d5c55067-1d96-4cf3-bbc3-4a97e595533b", "UNITCOUNT": 1, "PRIMARYA_1": "5051 VT ROUTE 100 GRANVILLE", "PRIMARYA_2": "5051 VT ROUTE 100 GRANVILLE VT 05747", "SITETYPE_M": null, "SITETYPE_1": null, "SITETYPE_2": null, "SITETYPE_3": null, "SITETYPE_4": null, "COUNTY": "ADDISON", "COUNTRY": "US", "SOURCEOFDA": "Vermont Enhanced 911 Board", "DRIVEWAYID": 0, "ESZ": "00324", "HOUSE_NUMB": 5051, "HOUSE_NU_1": null, "HOUSE_NU_2": null, "FIPS": "5001" }, "geometry": { "type": "Point", "coordinates": [ -72.843283474059788, 43.980847222637664 ] } },
{ "type": "Feature", "properties": { "SEGMENTID": 35342, "ESITEID": 190742, "GEONAMEID": 15380, "PD": null, "PT": null, "SN": "POMFRET", "ST": "RD", "SD": null, "PRIMARYNAM": "POMFRET RD", "ALIAS1": null, "ALIAS2": null, "ALIAS3": null, "ALIAS4": null, "ALIAS5": "5/12/2015 10:37:38 PM", "PRIMARYADD": "2026 POMFRET RD", "SITETYPE": "FIRE STATION", "TOWNNAME": "POMFRET", "MCODE": 653, "ESN": 271, "ZIP": "05067", "PARCELNUM": "0120-", "GPSX": -72.53799595, "GPSY": 43.66551681, "MAPYEAR": "2003-05-28", "UPDATEDATE": "2023-01-27", "STATE": "VT", "FIPS8": 5027, "SPAN": "489-154-10683", "SUBTYPE": 0, "GlobalID_1": "b2f83e76-8eb0-49cc-b6f7-98b0a30c4bfb", "UNITCOUNT": 1, "PRIMARYA_1": "2026 POMFRET RD POMFRET", "PRIMARYA_2": "2026 POMFRET RD POMFRET VT 05067", "SITETYPE_M": null, "SITETYPE_1": null, "SITETYPE_2": null, "SITETYPE_3": null, "SITETYPE_4": null, "COUNTY": "WINDSOR", "COUNTRY": "US", "SOURCEOFDA": "Vermont Enhanced 911 Board", "DRIVEWAYID": 0, "ESZ": "00271", "HOUSE_NUMB": 2026, "HOUSE_NU_1": null, "HOUSE_NU_2": null, "FIPS": "5027" }, "geometry": { "type": "Point", "coordinates": [ -72.537995126820761, 43.665515107671233 ] } },
{ "type": "Feature", "properties": { "SEGMENTID": 252412, "ESITEID": 278484, "GEONAMEID": 22596, "PD": null, "PT": null, "SN": "VT ROUTE 30", "ST": null, "SD": null, "PRIMARYNAM": "VT ROUTE 30", "ALIAS1": null, "ALIAS2": "ROUTE 30", "ALIAS3": null, "ALIAS4": null, "ALIAS5": "5/12/2015 7:33:37 PM", "PRIMARYADD": "1126 VT ROUTE 30", "SITETYPE": "FIRE STATION", "TOWNNAME": "WELLS", "MCODE": 724, "ESN": 297, "ZIP": "05774", "PARCELNUM": "002008-", "GPSX": -73.21084276000001, "GPSY": 43.41681439, "MAPYEAR": "1998-01-01", "UPDATEDATE": "2023-01-28", "STATE": "VT", "FIPS8": 5021, "SPAN": "708-225-11014", "SUBTYPE": 0, "GlobalID_1": "2ba087f8-aff5-4b96-9e37-332d746e344f", "UNITCOUNT": 1, "PRIMARYA_1": "1126 VT ROUTE 30 WELLS", "PRIMARYA_2": "1126 VT ROUTE 30 WELLS VT 05774", "SITETYPE_M": null, "SITETYPE_1": null, "SITETYPE_2": null, "SITETYPE_3": null, "SITETYPE_4": null, "COUNTY": "RUTLAND", "COUNTRY": "US", "SOURCEOFDA": "Vermont Enhanced 911 Board", "DRIVEWAYID": 0, "ESZ": "00297", "HOUSE_NUMB": 1126, "HOUSE_NU_1": null, "HOUSE_NU_2": null, "FIPS": "5021" }, "geometry": { "type": "Point", "coordinates": [ -73.210842272472348, 43.416813354849467 ] } },
{ "type": "Feature", "properties": { "SEGMENTID": 19586, "ESITEID": 271906, "GEONAMEID": 21839, "PD": null, "PT": null, "SN": "MAIN", "ST": "ST", "SD": null, "PRIMARYNAM": "MAIN ST", "ALIAS1": null, "ALIAS2": null, "ALIAS3": null, "ALIAS4": null, "ALIAS5": "7/15/2020 10:36:27 AM", "PRIMARYADD": "351 MAIN ST", "SITETYPE": "FIRE STATION", "TOWNNAME": "WARREN", "MCODE": 718, "ESN": 270, "ZIP": "05674", "PARCELNUM": null, "GPSX": -72.85555441, "GPSY": 44.11348472, "MAPYEAR": "1998-01-01", "UPDATEDATE": "2025-04-17", "STATE": "VT", "FIPS8": 5023, "SPAN": null, "SUBTYPE": 0, "GlobalID_1": "0407a7a5-5fec-49f4-aaae-159d8060d5c5", "UNITCOUNT": 1, "PRIMARYA_1": "351 MAIN ST WARREN", "PRIMARYA_2": "351 MAIN ST WARREN VT 05674", "SITETYPE_M": null, "SITETYPE_1": null, "SITETYPE_2": null, "SITETYPE_3": null, "SITETYPE_4": null, "COUNTY": "WASHINGTON", "COUNTRY": "US", "SOURCEOFDA": "Vermont Enhanced 911 Board", "DRIVEWAYID": 0, "ESZ": "00270", "HOUSE_NUMB": 351, "HOUSE_NU_1": null, "HOUSE_NU_2": null, "FIPS": "5023" }, "geometry": { "type": "Point", "coordinates": [ -72.855553304675027, 44.113483056400476 ] } },
{ "type": "Feature", "properties": { "SEGMENTID": 17780, "ESITEID": 16836, "GEONAMEID": 1845, "PD": null, "PT": null, "SN": "ORCHARD", "ST": "RD", "SD": null, "PRIMARYNAM": "ORCHARD RD", "ALIAS1": "ORCHARD ROW", "ALIAS2": null, "ALIAS3": null, "ALIAS4": null, "ALIAS5": "5/12/2015 11:42:14 PM", "PRIMARYADD": "276 ORCHARD RD", "SITETYPE": "FIRE STATION", "TOWNNAME": "BENNINGTON", "MCODE": 514, "ESN": 401, "ZIP": "05201", "PARCELNUM": "36504500-", "GPSX": -73.20287753, "GPSY": 42.89991513, "MAPYEAR": "1998-01-01", "UPDATEDATE": "2023-01-27", "STATE": "VT", "FIPS8": 5003, "SPAN": "051-015-65661", "SUBTYPE": 0, "GlobalID_1": "ae03899a-7006-4242-9f1c-bf1a0fff600c", "UNITCOUNT": 1, "PRIMARYA_1": "276 ORCHARD RD BENNINGTON", "PRIMARYA_2": "276 ORCHARD RD BENNINGTON VT 05201", "SITETYPE_M": null, "SITETYPE_1": null, "SITETYPE_2": null, "SITETYPE_3": null, "SITETYPE_4": null, "COUNTY": "BENNINGTON", "COUNTRY": "US", "SOURCEOFDA": "Vermont Enhanced 911 Board", "DRIVEWAYID": 0, "ESZ": "00401", "HOUSE_NUMB": 276, "HOUSE_NU_1": null, "HOUSE_NU_2": null, "FIPS": "5003" }, "geometry": { "type": "Point", "coordinates": [ -73.2028774830315, 42.899914791579931 ] } },
{ "type": "Feature", "properties": { "SEGMENTID": 386408, "ESITEID": 248207, "GEONAMEID": 20083, "PD": null, "PT": null, "SN": "VT ROUTE 116", "ST": null, "SD": null, "PRIMARYNAM": "VT ROUTE 116", "ALIAS1": "ROUTE 116", "ALIAS2": null, "ALIAS3": null, "ALIAS4": null, "ALIAS5": "7/2/2020 1:53:39 PM", "PRIMARYADD": "3902 VT ROUTE 116", "SITETYPE": "FIRE STATION", "TOWNNAME": "STARKSBORO", "MCODE": 693, "ESN": 287, "ZIP": "05487", "PARCELNUM": "00000TOWN2.", "GPSX": -73.05785334, "GPSY": 44.24121624, "MAPYEAR": "1998-01-01", "UPDATEDATE": "2025-04-18", "STATE": "VT", "FIPS8": 5001, "SPAN": "615-193-10869", "SUBTYPE": 0, "GlobalID_1": "17706993-bb94-4ef0-9635-14726a9a0988", "UNITCOUNT": 1, "PRIMARYA_1": "3902 VT ROUTE 116 STARKSBORO", "PRIMARYA_2": "3902 VT ROUTE 116 STARKSBORO VT 05487", "SITETYPE_M": null, "SITETYPE_1": null, "SITETYPE_2": null, "SITETYPE_3": null, "SITETYPE_4": null, "COUNTY": "ADDISON", "COUNTRY": "US", "SOURCEOFDA": "Vermont Enhanced 911 Board", "DRIVEWAYID": 0, "ESZ": "00287", "HOUSE_NUMB": 3902, "HOUSE_NU_1": null, "HOUSE_NU_2": null, "FIPS": "5001" }, "geometry": { "type": "Point", "coordinates": [ -73.05785196318746, 44.241215589705206 ] } },
{ "type": "Feature", "properties": { "SEGMENTID": 45210, "ESITEID": 96300, "GEONAMEID": 7025, "PD": null, "PT": null, "SN": "SAND HILL", "ST": "RD", "SD": null, "PRIMARYNAM": "SAND HILL RD", "ALIAS1": null, "ALIAS2": null, "ALIAS3": null, "ALIAS4": null, "ALIAS5": "5/12/2015 8:13:55 PM", "PRIMARYADD": "188 SAND HILL RD", "SITETYPE": "FIRE STATION", "TOWNNAME": "ESSEX TOWN", "MCODE": 566, "ESN": 453, "ZIP": "05452", "PARCELNUM": "2050010000.", "GPSX": -73.05279077, "GPSY": 44.50482189, "MAPYEAR": "1998-01-01", "UPDATEDATE": "2025-09-05", "STATE": "VT", "FIPS8": 5007, "SPAN": "207-067-12077", "SUBTYPE": 0, "GlobalID_1": "e32365a2-1d98-41a8-96ea-282e90030938", "UNITCOUNT": 1, "PRIMARYA_1": "188 SAND HILL RD ESSEX TOWN", "PRIMARYA_2": "188 SAND HILL RD ESSEX TOWN VT 05452", "SITETYPE_M": null, "SITETYPE_1": null, "SITETYPE_2": null, "SITETYPE_3": null, "SITETYPE_4": null, "COUNTY": "CHITTENDEN", "COUNTRY": "US", "SOURCEOFDA": "Vermont Enhanced 911 Board", "DRIVEWAYID": 0, "ESZ": "00453", "HOUSE_NUMB": 188, "HOUSE_NU_1": null, "HOUSE_NU_2": null, "FIPS": "5007" }, "geometry": { "type": "Point", "coordinates": [ -73.05279031520827, 44.50482006493052 ] } },
{ "type": "Feature", "properties": { "SEGMENTID": 11374, "ESITEID": 4548, "GEONAMEID": 379, "PD": null, "PT": null, "SN": "OLD MILL", "ST": "RD", "SD": null, "PRIMARYNAM": "OLD MILL RD", "ALIAS1": null, "ALIAS2": null, "ALIAS3": null, "ALIAS4": null, "ALIAS5": "6/2/2021 9:53:10 AM", "PRIMARYADD": "184 OLD MILL RD", "SITETYPE": "FIRE STATION", "TOWNNAME": "ARLINGTON", "MCODE": 504, "ESN": 127, "ZIP": "05252", "PARCELNUM": "0020-3-02-", "GPSX": -73.14196175, "GPSY": 43.06036604, "MAPYEAR": "1998-01-01", "UPDATEDATE": "2023-01-27", "STATE": "VT", "FIPS8": 5003, "SPAN": "015-005-10021", "SUBTYPE": 0, "GlobalID_1": "e19b1306-1a07-4a61-9d39-bee6d48f737d", "UNITCOUNT": 1, "PRIMARYA_1": "184 OLD MILL RD ARLINGTON", "PRIMARYA_2": "184 OLD MILL RD ARLINGTON VT 05252", "SITETYPE_M": null, "SITETYPE_1": null, "SITETYPE_2": null, "SITETYPE_3": null, "SITETYPE_4": null, "COUNTY": "BENNINGTON", "COUNTRY": "US", "SOURCEOFDA": "Vermont Enhanced 911 Board", "DRIVEWAYID": 0, "ESZ": "00127", "HOUSE_NUMB": 184, "HOUSE_NU_1": null, "HOUSE_NU_2": null, "FIPS": "5003" }, "geometry": { "type": "Point", "coordinates": [ -73.141961864723399, 43.060365506891571 ] } },
{ "type": "Feature", "properties": { "SEGMENTID": 60939, "ESITEID": 81806, "GEONAMEID": 6294, "PD": null, "PT": null, "SN": "DUCHARME", "ST": "DR", "SD": null, "PRIMARYNAM": "DUCHARME DR", "ALIAS1": null, "ALIAS2": null, "ALIAS3": null, "ALIAS4": null, "ALIAS5": "2/5/2018 3:48:39 PM", "PRIMARYADD": "34 DUCHARME DR", "SITETYPE": "FIRE STATION", "TOWNNAME": "DERBY", "MCODE": 556, "ESN": 246, "ZIP": "05830", "PARCELNUM": "CASAV006A7-LTXM", "GPSX": -72.09916935, "GPSY": 45.00486165, "MAPYEAR": "1998-01-01", "UPDATEDATE": "2023-01-27", "STATE": "VT", "FIPS8": 5019, "SPAN": "177-056-10651", "SUBTYPE": 0, "GlobalID_1": "b28f1d08-e333-4522-b102-c58b61e8cc4c", "UNITCOUNT": 1, "PRIMARYA_1": "34 DUCHARME DR DERBY", "PRIMARYA_2": "34 DUCHARME DR DERBY VT 05830", "SITETYPE_M": null, "SITETYPE_1": null, "SITETYPE_2": null, "SITETYPE_3": null, "SITETYPE_4": null, "COUNTY": "ORLEANS", "COUNTRY": "US", "SOURCEOFDA": "Vermont Enhanced 911 Board", "DRIVEWAYID": 0, "ESZ": "00246", "HOUSE_NUMB": 34, "HOUSE_NU_1": null, "HOUSE_NU_2": null, "FIPS": "5019" }, "geometry": { "type": "Point", "coordinates": [ -72.099169485303051, 45.004859712981123 ] } },
{ "type": "Feature", "properties": { "SEGMENTID": 41920, "ESITEID": 271506, "GEONAMEID": 21957, "PD": null, "PT": null, "SN": "VILLAGE", "ST": "RD", "SD": null, "PRIMARYNAM": "VILLAGE RD", "ALIAS1": null, "ALIAS2": null, "ALIAS3": null, "ALIAS4": null, "ALIAS5": "5/12/2015 10:55:10 PM", "PRIMARYADD": "140 VILLAGE RD", "SITETYPE": "FIRE STATION", "TOWNNAME": "WARREN", "MCODE": 718, "ESN": 270, "ZIP": "05674", "PARCELNUM": null, "GPSX": -72.89205755, "GPSY": 44.13807284, "MAPYEAR": "1998-01-01", "UPDATEDATE": "2025-04-17", "STATE": "VT", "FIPS8": 5023, "SPAN": null, "SUBTYPE": 0, "GlobalID_1": "27f13c64-7adb-4276-a355-0fb2803c54b6", "UNITCOUNT": 1, "PRIMARYA_1": "140 VILLAGE RD WARREN", "PRIMARYA_2": "140 VILLAGE RD WARREN VT 05674", "SITETYPE_M": null, "SITETYPE_1": null, "SITETYPE_2": null, "SITETYPE_3": null, "SITETYPE_4": null, "COUNTY": "WASHINGTON", "COUNTRY": "US", "SOURCEOFDA": "Vermont Enhanced 911 Board", "DRIVEWAYID": 0, "ESZ": "00270", "HOUSE_NUMB": 140, "HOUSE_NU_1": null, "HOUSE_NU_2": null, "FIPS": "5023" }, "geometry": { "type": "Point", "coordinates": [ -72.892056471596433, 44.138071127091585 ] } },
{ "type": "Feature", "properties": { "SEGMENTID": 9271, "ESITEID": 252528, "GEONAMEID": 20497, "PD": null, "PT": null, "SN": "ROUTE 132", "ST": null, "SD": null, "PRIMARYNAM": "ROUTE 132", "ALIAS1": null, "ALIAS2": "ROUTE 132", "ALIAS3": null, "ALIAS4": null, "ALIAS5": "5/13/2015 12:17:40 AM", "PRIMARYADD": "149 ROUTE 132", "SITETYPE": "FIRE STATION", "TOWNNAME": "STRAFFORD", "MCODE": 696, "ESN": 272, "ZIP": "05070", "PARCELNUM": "01.149", "GPSX": -72.35033948, "GPSY": 43.83778219, "MAPYEAR": "1998-01-01", "UPDATEDATE": "2023-01-27", "STATE": "VT", "FIPS8": 5017, "SPAN": "624-196-10767", "SUBTYPE": 0, "GlobalID_1": "98d213a1-b1f1-4bdd-8ce0-a0e43efd1454", "UNITCOUNT": 1, "PRIMARYA_1": "149 ROUTE 132 STRAFFORD", "PRIMARYA_2": "149 ROUTE 132 STRAFFORD VT 05070", "SITETYPE_M": null, "SITETYPE_1": null, "SITETYPE_2": null, "SITETYPE_3": null, "SITETYPE_4": null, "COUNTY": "ORANGE", "COUNTRY": "US", "SOURCEOFDA": "Vermont Enhanced 911 Board", "DRIVEWAYID": 0, "ESZ": "00272", "HOUSE_NUMB": 149, "HOUSE_NU_1": null, "HOUSE_NU_2": null, "FIPS": "5017" }, "geometry": { "type": "Point", "coordinates": [ -72.350338152005548, 43.837780161867641 ] } },
{ "type": "Feature", "properties": { "SEGMENTID": 14109, "ESITEID": 180771, "GEONAMEID": 14294, "PD": null, "PT": null, "SN": "WALL", "ST": "ST", "SD": null, "PRIMARYNAM": "WALL ST", "ALIAS1": null, "ALIAS2": null, "ALIAS3": null, "ALIAS4": null, "ALIAS5": "4/12/2016 12:04:04 PM", "PRIMARYADD": "128 WALL ST", "SITETYPE": "FIRE STATION", "TOWNNAME": "NORTHFIELD", "MCODE": 640, "ESN": 134, "ZIP": "05663", "PARCELNUM": "923342000.", "GPSX": -72.65877704, "GPSY": 44.14879526, "MAPYEAR": "1998-01-01", "UPDATEDATE": "2023-01-27", "STATE": "VT", "FIPS8": 5023, "SPAN": "441-139-11387", "SUBTYPE": 0, "GlobalID_1": "ba1c4dbb-1c41-4ec3-a41b-1ac3086e2454", "UNITCOUNT": 1, "PRIMARYA_1": "128 WALL ST NORTHFIELD", "PRIMARYA_2": "128 WALL ST NORTHFIELD VT 05663", "SITETYPE_M": null, "SITETYPE_1": null, "SITETYPE_2": null, "SITETYPE_3": null, "SITETYPE_4": null, "COUNTY": "WASHINGTON", "COUNTRY": "US", "SOURCEOFDA": "Vermont Enhanced 911 Board", "DRIVEWAYID": 0, "ESZ": "00134", "HOUSE_NUMB": 128, "HOUSE_NU_1": null, "HOUSE_NU_2": null, "FIPS": "5023" }, "geometry": { "type": "Point", "coordinates": [ -72.658776270008076, 44.148793689082197 ] } },
{ "type": "Feature", "properties": { "SEGMENTID": 44032, "ESITEID": 26808, "GEONAMEID": 24878, "PD": null, "PT": null, "SN": "CARSON", "ST": "LN", "SD": null, "PRIMARYNAM": "CARSON LN", "ALIAS1": null, "ALIAS2": null, "ALIAS3": null, "ALIAS4": null, "ALIAS5": "5/12/2015 11:50:14 PM", "PRIMARYADD": "135 CARSON LN", "SITETYPE": "FIRE STATION", "TOWNNAME": "BRADFORD", "MCODE": 521, "ESN": 308, "ZIP": "05033", "PARCELNUM": "23-98-0175", "GPSX": -72.12108495, "GPSY": 43.98932161, "MAPYEAR": "1998-01-01", "UPDATEDATE": "2023-01-27", "STATE": "VT", "FIPS8": 5017, "SPAN": "072-022-11415", "SUBTYPE": 0, "GlobalID_1": "824d208f-1ea9-4b5d-be47-b7884729499b", "UNITCOUNT": 1, "PRIMARYA_1": "135 CARSON LN BRADFORD", "PRIMARYA_2": "135 CARSON LN BRADFORD VT 05033", "SITETYPE_M": null, "SITETYPE_1": null, "SITETYPE_2": null, "SITETYPE_3": null, "SITETYPE_4": null, "COUNTY": "ORANGE", "COUNTRY": "US", "SOURCEOFDA": "Vermont Enhanced 911 Board", "DRIVEWAYID": 0, "ESZ": "00308", "HOUSE_NUMB": 135, "HOUSE_NU_1": null, "HOUSE_NU_2": null, "FIPS": "5017" }, "geometry": { "type": "Point", "coordinates": [ -72.121083699628116, 43.989319292904803 ] } },
{ "type": "Feature", "properties": { "SEGMENTID": 89156, "ESITEID": 340235, "GEONAMEID": 419790, "PD": null, "PT": null, "SN": "JAY PEAK", "ST": "RD", "SD": null, "PRIMARYNAM": "JAY PEAK RD", "ALIAS1": null, "ALIAS2": null, "ALIAS3": null, "ALIAS4": null, "ALIAS5": null, "PRIMARYADD": "51 JAY PEAK RD", "SITETYPE": "FIRE STATION", "TOWNNAME": "JAY", "MCODE": 603, "ESN": 150, "ZIP": "05859", "PARCELNUM": "17-2420067", "GPSX": -72.49688841, "GPSY": 44.93082298, "MAPYEAR": "2010-08-04", "UPDATEDATE": "2025-08-18", "STATE": "VT", "FIPS8": 5019, "SPAN": "327-102-10988", "SUBTYPE": 0, "GlobalID_1": "d4abb229-8415-42e9-bdb5-b092c31eff6d", "UNITCOUNT": 1, "PRIMARYA_1": "51 JAY PEAK RD JAY", "PRIMARYA_2": "51 JAY PEAK RD JAY VT 05859", "SITETYPE_M": null, "SITETYPE_1": null, "SITETYPE_2": null, "SITETYPE_3": null, "SITETYPE_4": null, "COUNTY": "ORLEANS", "COUNTRY": "US", "SOURCEOFDA": "Vermont Enhanced 911 Board", "DRIVEWAYID": 0, "ESZ": "00150", "HOUSE_NUMB": 51, "HOUSE_NU_1": null, "HOUSE_NU_2": null, "FIPS": "5019" }, "geometry": { "type": "Point", "coordinates": [ -72.496888900212099, 44.930821143989178 ] } },
{ "type": "Feature", "properties": { "SEGMENTID": 752683, "ESITEID": 260469, "GEONAMEID": 20869, "PD": null, "PT": null, "SN": "POWDER SPRING", "ST": "RD", "SD": null, "PRIMARYNAM": "POWDER SPRING RD", "ALIAS1": null, "ALIAS2": null, "ALIAS3": null, "ALIAS4": null, "ALIAS5": "12/2/2022 12:29:41 PM", "PRIMARYADD": "24 POWDER SPRING RD", "SITETYPE": "FIRE STATION", "TOWNNAME": "TOPSHAM", "MCODE": 704, "ESN": 412, "ZIP": "05076", "PARCELNUM": "PS1024.00", "GPSX": -72.23665675, "GPSY": 44.12238087, "MAPYEAR": "1998-01-01", "UPDATEDATE": "2023-01-27", "STATE": "VT", "FIPS8": 5017, "SPAN": "648-204-10838", "SUBTYPE": 0, "GlobalID_1": "aa540fa6-b550-4ac8-b84c-3f1c9c7432bd", "UNITCOUNT": 1, "PRIMARYA_1": "24 POWDER SPRING RD TOPSHAM", "PRIMARYA_2": "24 POWDER SPRING RD TOPSHAM VT 05076", "SITETYPE_M": null, "SITETYPE_1": null, "SITETYPE_2": null, "SITETYPE_3": null, "SITETYPE_4": null, "COUNTY": "ORANGE", "COUNTRY": "US", "SOURCEOFDA": "Vermont Enhanced 911 Board", "DRIVEWAYID": 0, "ESZ": "00412", "HOUSE_NUMB": 24, "HOUSE_NU_1": null, "HOUSE_NU_2": null, "FIPS": "5017" }, "geometry": { "type": "Point", "coordinates": [ -72.236655542116011, 44.122378661772146 ] } },
{ "type": "Feature", "properties": { "SEGMENTID": 252790, "ESITEID": 191388, "GEONAMEID": 535627, "PD": null, "PT": null, "SN": "FIREHOUSE", "ST": "LN", "SD": null, "PRIMARYNAM": "FIREHOUSE LN", "ALIAS1": null, "ALIAS2": null, "ALIAS3": null, "ALIAS4": null, "ALIAS5": "12/5/2017 1:12:03 PM", "PRIMARYADD": "55 FIREHOUSE LN", "SITETYPE": "FIRE STATION", "TOWNNAME": "POULTNEY", "MCODE": 654, "ESN": 304, "ZIP": "05764", "PARCELNUM": "225024-", "GPSX": -73.23404409, "GPSY": 43.52083772, "MAPYEAR": "1998-01-01", "UPDATEDATE": "2023-01-28", "STATE": "VT", "FIPS8": 5021, "SPAN": "492-155-11318", "SUBTYPE": 0, "GlobalID_1": "e1b1cf7b-4ef8-4eda-9a1e-b14ddbb038d0", "UNITCOUNT": 1, "PRIMARYA_1": "55 FIREHOUSE LN POULTNEY", "PRIMARYA_2": "55 FIREHOUSE LN POULTNEY VT 05764", "SITETYPE_M": null, "SITETYPE_1": null, "SITETYPE_2": null, "SITETYPE_3": null, "SITETYPE_4": null, "COUNTY": "RUTLAND", "COUNTRY": "US", "SOURCEOFDA": "Vermont Enhanced 911 Board", "DRIVEWAYID": 0, "ESZ": "00304", "HOUSE_NUMB": 55, "HOUSE_NU_1": null, "HOUSE_NU_2": null, "FIPS": "5021" }, "geometry": { "type": "Point", "coordinates": [ -73.234043274226906, 43.520836540249228 ] } },
{ "type": "Feature", "properties": { "SEGMENTID": 33157, "ESITEID": 57694, "GEONAMEID": 3913, "PD": null, "PT": null, "SN": "CHURCH", "ST": "ST", "SD": null, "PRIMARYNAM": "CHURCH ST", "ALIAS1": null, "ALIAS2": null, "ALIAS3": null, "ALIAS4": null, "ALIAS5": "4/2/2018 11:16:20 AM", "PRIMARYADD": "153 CHURCH ST", "SITETYPE": "FIRE STATION", "TOWNNAME": "CAMBRIDGE", "MCODE": 538, "ESN": 113, "ZIP": "05464", "PARCELNUM": "JPRK003-00.000", "GPSX": -72.83250258, "GPSY": 44.64358306, "MAPYEAR": "1998-01-01", "UPDATEDATE": "2023-01-27", "STATE": "VT", "FIPS8": 5015, "SPAN": "123-038-10249", "SUBTYPE": 0, "GlobalID_1": "a0e8e002-1faf-4d96-9b61-67575a52842c", "UNITCOUNT": 1, "PRIMARYA_1": "153 CHURCH ST CAMBRIDGE", "PRIMARYA_2": "153 CHURCH ST CAMBRIDGE VT 05464", "SITETYPE_M": null, "SITETYPE_1": null, "SITETYPE_2": null, "SITETYPE_3": null, "SITETYPE_4": null, "COUNTY": "LAMOILLE", "COUNTRY": "US", "SOURCEOFDA": "Vermont Enhanced 911 Board", "DRIVEWAYID": 0, "ESZ": "00113", "HOUSE_NUMB": 153, "HOUSE_NU_1": null, "HOUSE_NU_2": null, "FIPS": "5015" }, "geometry": { "type": "Point", "coordinates": [ -72.832501885683087, 44.643581357241096 ] } },
{ "type": "Feature", "properties": { "SEGMENTID": 44299, "ESITEID": 253029, "GEONAMEID": 25023, "PD": null, "PT": null, "SN": "BRAZERS", "ST": "WAY", "SD": null, "PRIMARYNAM": "BRAZERS WAY", "ALIAS1": null, "ALIAS2": null, "ALIAS3": null, "ALIAS4": null, "ALIAS5": "6/1/2021 4:46:47 PM", "PRIMARYADD": "5 BRAZERS WAY", "SITETYPE": "FIRE STATION", "TOWNNAME": "STRATTON", "MCODE": 697, "ESN": 563, "ZIP": "05155", "PARCELNUM": "0800030.2", "GPSX": -72.88902282, "GPSY": 43.10598373, "MAPYEAR": "1998-01-01", "UPDATEDATE": "2025-04-18", "STATE": "VT", "FIPS8": 5025, "SPAN": "627-197-11425", "SUBTYPE": 0, "GlobalID_1": "7266a18e-be9e-446b-8a53-0a035de64d6e", "UNITCOUNT": 1, "PRIMARYA_1": "5 BRAZERS WAY STRATTON", "PRIMARYA_2": "5 BRAZERS WAY STRATTON VT 05155", "SITETYPE_M": null, "SITETYPE_1": null, "SITETYPE_2": null, "SITETYPE_3": null, "SITETYPE_4": null, "COUNTY": "WINDHAM", "COUNTRY": "US", "SOURCEOFDA": "Vermont Enhanced 911 Board", "DRIVEWAYID": 0, "ESZ": "00563", "HOUSE_NUMB": 5, "HOUSE_NU_1": null, "HOUSE_NU_2": null, "FIPS": "5025" }, "geometry": { "type": "Point", "coordinates": [ -72.889022341872305, 43.105984287943102 ] } },
{ "type": "Feature", "properties": { "SEGMENTID": 40162, "ESITEID": 269955, "GEONAMEID": 21617, "PD": null, "PT": null, "SN": "VT ROUTE 140", "ST": null, "SD": "E", "PRIMARYNAM": "VT ROUTE 140 E", "ALIAS1": null, "ALIAS2": "ROUTE 140 E", "ALIAS3": null, "ALIAS4": null, "ALIAS5": "1/20/2021 3:08:11 PM", "PRIMARYADD": "5988 VT ROUTE 140 E", "SITETYPE": "FIRE STATION", "TOWNNAME": "WALLINGFORD", "MCODE": 715, "ESN": 376, "ZIP": "05742", "PARCELNUM": "1405988", "GPSX": -72.87963887, "GPSY": 43.45086855, "MAPYEAR": "1998-01-01", "UPDATEDATE": "2023-01-27", "STATE": "VT", "FIPS8": 5021, "SPAN": "681-216-11148", "SUBTYPE": 0, "GlobalID_1": "9816438c-f0b8-4fd7-a822-f31c5c7da592", "UNITCOUNT": 1, "PRIMARYA_1": "5988 VT ROUTE 140 E WALLINGFORD", "PRIMARYA_2": "5988 VT ROUTE 140 E WALLINGFORD VT 05742", "SITETYPE_M": null, "SITETYPE_1": null, "SITETYPE_2": null, "SITETYPE_3": null, "SITETYPE_4": null, "COUNTY": "RUTLAND", "COUNTRY": "US", "SOURCEOFDA": "Vermont Enhanced 911 Board", "DRIVEWAYID": 0, "ESZ": "00376", "HOUSE_NUMB": 5988, "HOUSE_NU_1": null, "HOUSE_NU_2": null, "FIPS": "5021" }, "geometry": { "type": "Point", "coordinates": [ -72.879638578215932, 43.450867265667405 ] } },
{ "type": "Feature", "properties": { "SEGMENTID": 40457, "ESITEID": 283328, "GEONAMEID": 22971, "PD": null, "PT": null, "SN": "GROUT", "ST": "AVE", "SD": null, "PRIMARYNAM": "GROUT AVE", "ALIAS1": null, "ALIAS2": null, "ALIAS3": null, "ALIAS4": null, "ALIAS5": "5/28/2021 5:10:04 PM", "PRIMARYADD": "103 GROUT AVE", "SITETYPE": "FIRE STATION", "TOWNNAME": "WESTMINSTER", "MCODE": 731, "ESN": 157, "ZIP": "05158", "PARCELNUM": "011226.000", "GPSX": -72.45694365, "GPSY": 43.06741546, "MAPYEAR": "1998-01-01", "UPDATEDATE": "2025-04-18", "STATE": "VT", "FIPS8": 5025, "SPAN": "726-231-11540", "SUBTYPE": 0, "GlobalID_1": "66053d77-56bc-41eb-ab44-0fb6ef88d52f", "UNITCOUNT": 1, "PRIMARYA_1": "103 GROUT AVE WESTMINSTER", "PRIMARYA_2": "103 GROUT AVE WESTMINSTER VT 05158", "SITETYPE_M": null, "SITETYPE_1": null, "SITETYPE_2": null, "SITETYPE_3": null, "SITETYPE_4": null, "COUNTY": "WINDHAM", "COUNTRY": "US", "SOURCEOFDA": "Vermont Enhanced 911 Board", "DRIVEWAYID": 0, "ESZ": "00157", "HOUSE_NUMB": 103, "HOUSE_NU_1": null, "HOUSE_NU_2": null, "FIPS": "5025" }, "geometry": { "type": "Point", "coordinates": [ -72.456943020601827, 43.06741550975579 ] } },
{ "type": "Feature", "properties": { "SEGMENTID": 16395, "ESITEID": 177931, "GEONAMEID": 14015, "PD": null, "PT": null, "SN": "WESTERN", "ST": "AVE", "SD": null, "PRIMARYNAM": "WESTERN AVE", "ALIAS1": null, "ALIAS2": null, "ALIAS3": null, "ALIAS4": null, "ALIAS5": "12/14/2015 12:40:07 PM", "PRIMARYADD": "350 WESTERN AVE", "SITETYPE": "FIRE STATION", "TOWNNAME": "NEWPORT CITY", "MCODE": 637, "ESN": 303, "ZIP": "05855", "PARCELNUM": "127001-", "GPSX": -72.19804166, "GPSY": 44.93932051, "MAPYEAR": "1998-01-01", "UPDATEDATE": "2023-01-27", "STATE": "VT", "FIPS8": 5019, "SPAN": "435-136-15618", "SUBTYPE": 0, "GlobalID_1": "63c0d263-44c6-40ca-9cac-3e34236a67e3", "UNITCOUNT": 1, "PRIMARYA_1": "350 WESTERN AVE NEWPORT CITY", "PRIMARYA_2": "350 WESTERN AVE NEWPORT CITY VT 05855", "SITETYPE_M": null, "SITETYPE_1": null, "SITETYPE_2": null, "SITETYPE_3": null, "SITETYPE_4": null, "COUNTY": "ORLEANS", "COUNTRY": "US", "SOURCEOFDA": "Vermont Enhanced 911 Board", "DRIVEWAYID": 0, "ESZ": "00303", "HOUSE_NUMB": 350, "HOUSE_NU_1": null, "HOUSE_NU_2": null, "FIPS": "5019" }, "geometry": { "type": "Point", "coordinates": [ -72.198041859773937, 44.939318669653275 ] } },
{ "type": "Feature", "properties": { "SEGMENTID": 16578, "ESITEID": 67928, "GEONAMEID": 4929, "PD": null, "PT": null, "SN": "CHITTENDEN", "ST": "RD", "SD": null, "PRIMARYNAM": "CHITTENDEN RD", "ALIAS1": null, "ALIAS2": null, "ALIAS3": null, "ALIAS4": null, "ALIAS5": null, "PRIMARYADD": "266 CHITTENDEN RD", "SITETYPE": "FIRE STATION", "TOWNNAME": "CHITTENDEN", "MCODE": 546, "ESN": 160, "ZIP": "05737", "PARCELNUM": "0020266-", "GPSX": -72.94908753, "GPSY": 43.70635893, "MAPYEAR": "1998-01-01", "UPDATEDATE": "2023-03-28", "STATE": "VT", "FIPS8": 5021, "SPAN": "147-046-10116", "SUBTYPE": 0, "GlobalID_1": "1fa413e2-8c8a-4a43-b8c3-6883dd30b753", "UNITCOUNT": 1, "PRIMARYA_1": "266 CHITTENDEN RD CHITTENDEN", "PRIMARYA_2": "266 CHITTENDEN RD CHITTENDEN VT 05737", "SITETYPE_M": null, "SITETYPE_1": null, "SITETYPE_2": null, "SITETYPE_3": null, "SITETYPE_4": null, "COUNTY": "RUTLAND", "COUNTRY": "US", "SOURCEOFDA": "Vermont Enhanced 911 Board", "DRIVEWAYID": 0, "ESZ": "00160", "HOUSE_NUMB": 266, "HOUSE_NU_1": null, "HOUSE_NU_2": null, "FIPS": "5021" }, "geometry": { "type": "Point", "coordinates": [ -72.949086720437364, 43.706357298628781 ] } }
]
}
